t,x,y,yaw,cmd_speed,cmd_steer,min_scan,active_sign,state,lap,progress_m,lat_err,cap_curve,cap_sign,cap_lidar
1785589554.968,4.4284,4.0000,0.0000,0.0000,0.0000,0.1600,-1,?,0,1.50,0.6963,2.184,nan,2.347
1785589555.017,4.4284,4.0000,0.0000,0.0000,0.0000,0.1600,-1,?,0,1.50,0.6963,2.184,nan,2.347
1785589555.067,4.4284,4.0000,0.0000,0.0000,0.0000,0.1844,-1,?,0,1.50,0.6963,2.184,nan,2.370
1785589555.117,4.4284,4.0000,0.0000,0.1250,-0.3400,0.1844,-1,RACING,0,1.50,0.6963,2.184,1.800,2.370
1785589555.167,4.4284,4.0000,0.0000,0.2500,-0.3400,0.0481,-1,RACING,0,1.50,0.6963,2.184,1.800,2.396
1785589555.217,4.4284,4.0000,0.0000,0.3750,-0.3400,0.0481,-1,RACING,0,1.50,0.6963,2.184,1.800,2.396
1785589555.267,4.4284,4.0000,0.0000,0.5000,-0.3400,0.1061,-1,RACING,0,1.50,0.6963,2.184,1.800,2.224
1785589555.318,4.4284,4.0000,0.0000,0.6250,-0.3400,0.1061,-1,RACING,0,1.50,0.6963,2.184,1.800,2.224
1785589555.367,4.4366,3.9999,-0.0022,0.7500,-0.3400,0.1004,-1,RACING,0,1.50,0.6973,2.184,1.800,2.415
1785589555.417,4.4582,3.9996,-0.0191,0.8750,-0.3400,0.1004,-1,RACING,0,1.50,0.7001,2.184,1.800,2.415
1785589555.467,4.4920,3.9987,-0.0464,1.0000,-0.2717,0.2550,-1,RACING,0,1.50,0.7054,2.184,1.800,99.000
1785589555.517,4.5380,3.9953,-0.0847,1.1250,-0.2719,0.2550,-1,RACING,0,1.50,0.7130,2.184,1.800,99.000
1785589555.567,4.5942,3.9896,-0.1305,1.2500,-0.2727,0.0303,-1,RACING,0,1.50,0.7247,2.184,1.800,99.000
1785589555.617,4.6563,3.9797,-0.1817,1.3750,-0.2735,0.0303,-1,RACING,0,1.75,0.7258,2.255,1.800,99.000
1785589555.667,4.7233,3.9652,-0.2377,1.5000,-0.2745,0.1437,-1,RACING,0,1.75,0.7207,2.255,1.800,99.000
1785589555.717,4.7972,3.9451,-0.2991,1.6250,-0.1843,0.1437,-1,RACING,0,1.75,0.7185,2.255,1.800,99.000
1785589555.767,4.8754,3.9191,-0.3450,1.7500,-0.1846,0.0273,-1,RACING,0,2.00,0.7064,2.306,1.800,99.000
1785589555.817,4.9574,3.8877,-0.3943,1.8000,-0.1077,0.0273,-1,RACING,0,2.00,0.6846,2.306,1.800,99.000
1785589555.867,5.0430,3.8509,-0.4246,1.8000,-0.1079,0.0262,-1,RACING,0,2.00,0.6695,2.306,1.800,99.000
1785589555.917,5.1230,3.8137,-0.4534,1.8000,-0.1082,0.0262,-1,RACING,0,2.25,0.6374,2.320,1.800,99.000
1785589555.967,5.2084,3.7726,-0.4832,1.8000,-0.0391,0.0342,-1,RACING,0,2.25,0.6079,2.320,1.800,99.000
1785589556.017,5.2880,3.7307,-0.4938,1.8000,-0.0393,0.0342,-1,RACING,0,2.50,0.5857,2.352,1.800,99.000
1785589556.067,5.3679,3.6876,-0.5046,1.8000,0.0111,0.0317,-1,RACING,0,2.50,0.5420,2.352,1.800,99.000
1785589556.117,5.4486,3.6442,-0.5015,1.8000,0.0108,0.0317,-1,RACING,0,2.50,0.5107,2.352,1.800,99.000
1785589556.167,5.5279,3.6011,-0.4986,1.8000,0.0440,0.1436,-1,RACING,0,2.75,0.4829,2.387,1.800,99.000
1785589556.217,5.6053,3.5583,-0.4865,1.8000,0.0443,0.1436,-1,RACING,0,2.75,0.4378,2.387,1.800,99.000
1785589556.267,5.6846,3.5164,-0.4743,1.8000,0.0445,0.0765,-1,RACING,0,2.75,0.4085,2.387,1.800,99.000
1785589556.318,5.7640,3.4762,-0.4623,1.8000,0.0665,0.0765,-1,RACING,0,3.00,0.3824,2.396,1.800,99.000
1785589556.367,5.8454,3.4369,-0.4442,1.8000,0.0664,0.0535,-1,RACING,0,3.00,0.3376,2.396,1.800,99.000
1785589556.417,5.9256,3.3982,-0.4257,1.8000,0.0666,0.0535,-1,RACING,0,3.00,0.3134,2.396,1.800,99.000
1785589556.470,6.0114,3.3624,-0.4078,1.8000,0.0782,0.1299,-1,RACING,0,3.25,0.2891,2.401,1.800,99.000
1785589556.517,6.0960,3.3275,-0.3864,1.8000,0.0782,0.1299,-1,RACING,0,3.25,0.2464,2.401,1.800,99.000
1785589556.567,6.1791,3.2944,-0.3650,1.8000,0.0813,0.0511,-1,RACING,0,3.25,0.2347,2.401,1.800,99.000
1785589556.617,6.2585,3.2630,-0.3426,1.8000,0.0814,0.0511,-1,RACING,0,3.50,0.2087,2.408,1.800,99.000
1785589556.668,6.3424,3.2341,-0.3207,1.8000,0.0813,0.1150,-1,RACING,0,3.50,0.1679,2.408,1.800,99.000
1785589556.717,6.4292,3.2064,-0.2982,1.8000,0.0788,0.1150,-1,RACING,0,3.50,0.1716,2.408,1.800,99.000
1785589556.767,6.5152,3.1808,-0.2766,1.8000,0.0788,0.0317,-1,RACING,0,3.75,0.1416,2.421,1.800,99.000
1785589556.817,6.6020,3.1574,-0.2551,1.8000,0.0787,0.0317,-1,RACING,0,3.75,0.1053,2.421,1.800,99.000
1785589556.867,6.6887,3.1359,-0.2339,1.8000,0.0723,0.0969,-1,RACING,0,3.75,0.1363,2.421,1.800,99.000
1785589556.917,6.7774,3.1157,-0.2139,1.8000,0.0724,0.0969,-1,RACING,0,4.00,0.0877,2.435,1.800,99.000
1785589556.967,6.8621,3.0974,-0.1941,1.8000,0.0723,0.0577,-1,RACING,0,4.00,0.0620,2.435,1.800,99.000
1785589557.017,6.9541,3.0810,-0.1745,1.8000,0.0636,0.0577,-1,RACING,0,4.00,0.1301,2.435,1.800,99.000
1785589557.067,7.0458,3.0662,-0.1572,1.8000,0.0637,0.0258,-1,RACING,0,4.25,0.0440,2.445,1.800,99.000
1785589557.117,7.1345,3.0529,-0.1398,1.8000,0.0549,0.0258,-1,RACING,0,4.25,0.0577,2.445,1.800,99.000
1785589557.167,7.2228,3.0411,-0.1248,1.8000,0.0549,0.1063,-1,RACING,0,4.50,0.1065,2.452,1.800,99.000
1785589557.217,7.3125,3.0307,-0.1098,1.8000,0.0549,0.1063,-1,RACING,0,4.50,0.0165,2.452,1.800,99.000
1785589557.267,7.4061,3.0214,-0.0949,1.8000,0.0458,0.0229,-1,RACING,0,4.50,0.0779,2.452,1.800,99.000
1785589557.318,7.4936,3.0135,-0.0823,1.8000,0.0457,0.0229,-1,RACING,0,4.75,0.0865,2.454,1.800,99.000
1785589557.367,7.5824,3.0066,-0.0697,1.8000,0.0456,0.0239,-1,RACING,0,4.75,0.0216,2.454,1.800,99.000
1785589557.417,7.6713,3.0009,-0.0572,1.8000,0.0366,0.0239,-1,RACING,0,4.75,0.0963,2.454,1.800,99.000
1785589557.467,7.7637,2.9963,-0.0473,1.8000,0.0368,0.2139,-1,RACING,0,5.00,0.0714,2.456,1.800,99.000
1785589557.517,7.8546,2.9924,-0.0371,1.8000,0.0368,0.2139,-1,RACING,0,5.00,0.0419,2.456,1.800,99.000
1785589557.567,7.9432,2.9895,-0.0272,1.8000,0.0285,0.0360,-1,RACING,0,5.00,0.1198,2.456,1.800,99.000
1785589557.618,8.0330,2.9874,-0.0195,1.8000,0.0285,0.0360,-1,RACING,0,5.25,0.0588,2.464,1.800,99.000
1785589557.667,8.1237,2.9859,-0.0117,1.8000,0.0285,0.1165,-1,RACING,0,5.25,0.0590,2.464,1.800,99.000
1785589557.717,8.2128,2.9852,-0.0038,1.8000,0.0211,0.1165,-1,RACING,0,5.50,0.1225,2.465,1.800,99.000
1785589557.767,8.3033,2.9851,0.0018,1.8000,0.0212,0.1662,-1,RACING,0,5.50,0.0467,2.465,1.800,99.000
1785589557.817,8.3909,2.9855,0.0076,1.8000,0.0157,0.1662,-1,RACING,0,5.50,0.0731,2.465,1.800,99.000
1785589557.867,8.4783,2.9864,0.0119,1.8000,0.0156,0.0966,-1,RACING,0,5.75,0.1078,2.465,1.800,99.000
1785589557.917,8.5672,2.9877,0.0161,1.8000,0.0156,0.0966,-1,RACING,0,5.75,0.0394,2.465,1.800,99.000
1785589557.967,8.6590,2.9893,0.0204,1.8000,0.0111,0.0210,-1,RACING,0,5.75,0.0879,2.465,1.800,99.000
1785589558.017,8.7486,2.9913,0.0234,1.8000,0.0111,0.0210,-1,RACING,0,6.00,0.0880,2.467,1.800,99.000
1785589558.068,8.8391,2.9935,0.0264,1.8000,0.0112,0.0440,-1,RACING,0,6.00,0.0354,2.467,1.800,99.000
1785589558.117,8.9278,2.9960,0.0295,1.8000,0.0074,0.0440,-1,RACING,0,6.00,0.1038,2.467,1.800,99.000
1785589558.167,9.0167,2.9987,0.0295,1.8000,0.0085,0.0290,-1,RACING,0,6.25,0.0698,2.463,1.800,99.000
1785589558.217,9.1058,3.0014,0.0295,1.8000,0.0097,0.0290,-1,RACING,0,6.25,0.0397,2.463,1.800,99.000
1785589558.268,9.1959,3.0040,0.0295,1.8000,0.0077,0.2129,-1,RACING,0,6.25,0.1200,2.463,1.800,99.000
1785589558.317,9.2852,3.0067,0.0295,1.8000,0.0088,0.2129,-1,RACING,0,6.50,0.0518,2.457,1.800,99.000
1785589558.367,9.3773,3.0093,0.0295,1.8000,0.0102,0.1053,-1,RACING,0,6.50,0.0548,2.457,1.800,99.000
1785589558.417,9.4668,3.0121,0.0323,1.8000,0.0067,0.1053,-1,RACING,0,6.75,0.1153,2.451,1.800,99.000
1785589558.467,9.5555,3.0150,0.0323,1.8000,0.0077,0.1361,-1,RACING,0,6.75,0.0339,2.451,1.800,99.000
1785589558.517,9.6472,3.0180,0.0323,1.8000,0.0061,0.1361,-1,RACING,0,6.75,0.0718,2.451,1.800,99.000
1785589558.567,9.7360,3.0209,0.0323,1.8000,0.0069,0.0226,-1,RACING,0,7.00,0.0960,2.447,1.800,99.000
1785589558.617,9.8257,3.0238,0.0323,1.8000,0.0079,0.0226,-1,RACING,0,7.00,0.0221,2.447,1.800,99.000
1785589558.667,9.9172,3.0266,0.0323,1.8000,0.0061,0.1594,-1,RACING,0,7.00,0.0905,2.447,1.800,99.000
1785589558.717,10.0072,3.0295,0.0323,1.8000,0.0070,0.1594,-1,RACING,0,7.25,0.0749,2.444,1.800,99.000
1785589558.767,10.0997,3.0325,0.0323,1.8000,0.0081,0.0481,-1,RACING,0,7.25,0.0290,2.444,1.800,99.000
1785589558.817,10.1935,3.0354,0.0323,1.8000,0.0062,0.0481,-1,RACING,0,7.25,0.1161,2.444,1.800,99.000
1785589558.868,10.2832,3.0383,0.0323,1.8000,0.0071,0.0768,-1,RACING,0,7.50,0.0500,2.442,1.800,99.000
1785589558.917,10.3748,3.0412,0.0323,1.8000,0.0082,0.0768,-1,RACING,0,7.50,0.0498,2.442,1.800,99.000
1785589558.967,10.4641,3.0441,0.0323,1.8000,0.0059,0.0267,-1,RACING,0,7.75,0.1166,2.442,1.800,99.000
1785589559.017,10.5538,3.0470,0.0323,1.8000,0.0067,0.0267,-1,RACING,0,7.75,0.0318,2.442,1.800,99.000
1785589559.067,10.6438,3.0499,0.0323,1.8000,0.0046,0.0581,-1,RACING,0,7.75,0.0677,2.442,1.800,99.000
1785589559.117,10.7367,3.0528,0.0323,1.8000,0.0053,0.0581,-1,RACING,0,8.00,0.0942,2.442,1.800,99.000
1785589559.167,10.8251,3.0557,0.0323,1.8000,0.0061,0.0574,-1,RACING,0,8.00,0.0197,2.442,1.800,99.000
1785589559.217,10.9161,3.0587,0.0323,1.8000,0.0036,0.0574,-1,RACING,0,8.00,0.0893,2.442,1.800,99.000
1785589559.267,11.0078,3.0615,0.0323,1.8000,0.0042,0.0777,-1,RACING,0,8.25,0.0735,2.442,1.800,99.000
1785589559.317,11.0995,3.0645,0.0323,1.8000,0.0048,0.0777,-1,RACING,0,8.25,0.0283,2.442,1.800,99.000
1785589559.367,11.1871,3.0674,0.0323,1.8000,0.0021,0.0944,-1,RACING,0,8.25,0.1101,2.442,1.800,99.000
1785589559.417,11.2753,3.0703,0.0323,1.8000,0.0024,0.0944,-1,RACING,0,8.50,0.0565,2.442,1.800,99.000
1785589559.467,11.3648,3.0732,0.0323,1.8000,0.0028,0.0285,-1,RACING,0,8.50,0.0408,2.442,1.800,99.000
1785589559.517,11.4549,3.0761,0.0323,1.8000,-0.0000,0.0285,-1,RACING,0,8.75,0.1250,2.442,1.800,99.000
1785589559.567,11.5449,3.0790,0.0323,1.8000,-0.0000,0.0674,-1,RACING,0,8.75,0.0382,2.442,1.800,99.000
1785589559.617,11.6360,3.0819,0.0323,1.8000,-0.0025,0.0674,-1,RACING,0,8.75,0.0603,2.442,1.800,99.000
1785589559.667,11.7242,3.0848,0.0323,1.8000,-0.0029,0.0345,-1,RACING,0,9.00,0.1056,2.442,1.800,99.000
1785589559.717,11.8173,3.0877,0.0323,1.8000,-0.0033,0.0345,-1,RACING,0,9.00,0.0201,2.442,1.800,99.000
1785589559.767,11.9057,3.0906,0.0323,1.8000,-0.0058,0.0284,-1,RACING,0,9.00,0.0791,2.442,1.800,99.000
1785589559.817,11.9961,3.0935,0.0323,1.8000,-0.0066,0.0284,-1,RACING,0,9.25,0.0834,2.442,1.800,99.000
1785589559.867,12.0828,3.0964,0.0323,1.8000,-0.0076,0.1923,-1,RACING,0,9.25,0.0151,2.442,1.800,99.000
1785589559.917,12.1718,3.0993,0.0323,1.8000,-0.0099,0.1923,-1,RACING,0,9.25,0.0947,2.442,1.800,99.000
1785589559.967,12.2622,3.1022,0.0323,1.8000,-0.0113,0.0904,-1,RACING,0,9.50,0.0668,2.442,1.800,99.000
1785589560.017,12.3518,3.1050,0.0292,1.8000,-0.0112,0.0904,-1,RACING,0,9.50,0.0262,2.442,1.800,99.000
1785589560.067,12.4420,3.1075,0.0261,1.8000,-0.0117,0.1691,-1,RACING,0,9.50,0.1146,2.442,1.800,99.000
1785589560.117,12.5331,3.1098,0.0229,1.8000,-0.0117,0.1691,-1,RACING,0,9.75,0.0455,2.442,1.800,99.000
1785589560.167,12.6229,3.1116,0.0198,1.8000,-0.0117,0.0373,-1,RACING,0,9.75,0.0458,2.442,1.800,99.000
1785589560.218,12.7174,3.1134,0.0164,1.8000,-0.0119,0.0373,-1,RACING,0,10.00,0.1105,2.442,1.800,99.000
1785589560.270,12.7174,3.1134,0.0164,1.8000,-0.0119,0.0373,-1,RACING,0,10.00,0.1105,2.442,1.800,99.000
1785589560.317,12.9404,3.1161,0.0085,1.8000,-0.0119,0.0517,-1,RACING,0,10.00,0.1128,2.442,1.800,99.000
1785589560.367,12.9874,3.1164,0.0068,1.8000,-0.0119,0.0672,-1,RACING,0,10.25,0.0903,2.442,1.800,99.000
1785589560.417,13.0784,3.1169,0.0036,1.8000,-0.0119,0.0672,-1,RACING,0,10.25,0.0037,2.442,1.800,99.000
1785589560.468,13.1680,3.1171,0.0003,1.8000,-0.0115,0.0695,-1,RACING,0,10.25,0.0904,2.442,1.800,99.000
1785589560.517,13.2587,3.1169,-0.0028,1.8000,-0.0115,0.0695,-1,RACING,0,10.50,0.0690,2.442,1.800,99.000
1785589560.567,13.3482,3.1166,-0.0060,1.8000,-0.0115,0.0941,-1,RACING,0,10.50,0.0206,2.442,1.800,99.000
1785589560.617,13.4410,3.1159,-0.0091,1.8000,-0.0108,0.0941,-1,RACING,0,10.50,0.1134,2.442,1.800,99.000
1785589560.667,13.5303,3.1149,-0.0120,1.8000,-0.0109,0.1119,-1,RACING,0,10.75,0.0474,2.442,1.800,99.000
1785589560.717,13.6192,3.1137,-0.0150,1.8000,-0.0108,0.1119,-1,RACING,0,10.75,0.0416,2.442,1.800,99.000
1785589560.767,13.7065,3.1122,-0.0179,1.8000,-0.0099,0.0200,-1,RACING,0,11.00,0.1211,2.442,1.800,99.000
1785589560.817,13.7983,3.1106,-0.0179,1.8000,-0.0114,0.0200,-1,RACING,0,11.00,0.0293,2.442,1.800,99.000
1785589560.867,13.8904,3.1088,-0.0211,1.8000,-0.0101,0.0897,-1,RACING,0,11.00,0.0628,2.442,1.800,99.000
1785589560.917,13.9754,3.1069,-0.0237,1.8000,-0.0101,0.0897,-1,RACING,0,11.25,0.1022,2.448,1.800,99.000
1785589560.967,14.0651,3.1046,-0.0265,1.8000,-0.0101,0.0385,-1,RACING,0,11.25,0.0126,2.448,1.800,99.000
1785589561.017,14.1556,3.1021,-0.0293,1.8000,-0.0088,0.0385,-1,RACING,0,11.25,0.0781,2.448,1.800,99.000
1785589561.067,14.2417,3.0994,-0.0293,1.8000,-0.0099,0.0439,-1,RACING,0,11.50,0.0858,2.462,1.800,99.000
1785589561.117,14.3302,3.0968,-0.0293,1.8000,-0.0113,0.0439,-1,RACING,0,11.50,0.0046,2.462,1.800,99.000
1785589561.167,14.4210,3.0940,-0.0323,1.8000,-0.0094,0.0765,-1,RACING,0,11.50,0.0937,2.462,1.800,99.000
1785589561.217,14.5139,3.0911,-0.0323,1.8000,-0.0109,0.0765,-1,RACING,0,11.75,0.0637,2.468,1.800,99.000
1785589561.267,14.6043,3.0880,-0.0353,1.8000,-0.0109,0.0946,-1,RACING,0,11.75,0.0277,2.468,1.800,99.000
1785589561.317,14.6992,3.0847,-0.0383,1.8000,-0.0087,0.0946,-1,RACING,0,11.75,0.1221,2.468,1.800,99.000
1785589561.367,14.7924,3.0813,-0.0383,1.8000,-0.0101,0.0490,-1,RACING,0,12.00,0.0357,2.463,1.800,99.000
1785589561.417,14.8827,3.0776,-0.0411,1.8000,-0.0078,0.0490,-1,RACING,0,12.00,0.0561,2.463,1.800,99.000
1785589561.467,14.9678,3.0740,-0.0411,1.8000,-0.0088,0.1916,-1,RACING,0,12.25,0.1097,2.460,1.800,99.000
1785589561.517,15.0576,3.0703,-0.0411,1.8000,-0.0101,0.1916,-1,RACING,0,12.25,0.0218,2.460,1.800,99.000
1785589561.567,15.1492,3.0665,-0.0439,1.8000,-0.0075,0.0419,-1,RACING,0,12.25,0.0730,2.460,1.800,99.000
1785589561.617,15.2381,3.0625,-0.0439,1.8000,-0.0086,0.0419,-1,RACING,0,12.50,0.0895,2.458,1.800,99.000
1785589561.667,15.3284,3.0585,-0.0439,1.8000,-0.0098,0.2234,-1,RACING,0,12.50,0.0120,2.458,1.800,99.000
1785589561.717,15.4175,3.0546,-0.0439,1.8000,-0.0083,0.2234,-1,RACING,0,12.50,0.0917,2.458,1.800,99.000
1785589561.767,15.5066,3.0507,-0.0439,1.8000,-0.0094,0.0205,-1,RACING,0,12.75,0.0714,2.449,1.800,99.000
1785589561.817,15.5980,3.0467,-0.0439,1.8000,-0.0109,0.0205,-1,RACING,0,12.75,0.0258,2.449,1.800,99.000
1785589561.867,15.6914,3.0427,-0.0469,1.8000,-0.0076,0.0902,-1,RACING,0,12.75,0.1159,2.449,1.800,99.000
1785589561.917,15.7823,3.0385,-0.0469,1.8000,-0.0087,0.0902,-1,RACING,0,13.00,0.0469,2.449,1.800,99.000
1785589561.967,15.8686,3.0343,-0.0469,1.8000,-0.0099,0.1709,-1,RACING,0,13.00,0.0453,2.449,1.800,99.000
1785589562.017,15.9601,3.0301,-0.0469,1.8000,-0.0077,0.1709,-1,RACING,0,13.25,0.1173,2.442,1.800,99.000
1785589562.068,16.0519,3.0258,-0.0469,1.8000,-0.0089,0.0846,-1,RACING,0,13.25,0.0300,2.442,1.800,99.000
1785589562.117,16.1445,3.0216,-0.0469,1.8000,-0.0067,0.0846,-1,RACING,0,13.25,0.0709,2.442,1.800,99.000
1785589562.170,16.2354,3.0174,-0.0469,1.8000,-0.0077,0.0722,-1,RACING,0,13.50,0.0926,2.434,1.800,99.000
1785589562.217,16.3243,3.0132,-0.0469,1.8000,-0.0088,0.0722,-1,RACING,0,13.50,0.0197,2.434,1.800,99.000
1785589562.267,16.4152,3.0090,-0.0469,1.8000,-0.0062,0.0362,-1,RACING,0,13.50,0.0917,2.434,1.800,99.000
1785589562.317,16.5068,3.0047,-0.0469,1.8000,-0.0071,0.0362,-1,RACING,0,13.75,0.0718,2.434,1.800,99.000
1785589562.367,16.5970,3.0005,-0.0469,1.8000,-0.0082,0.0372,-1,RACING,0,13.75,0.0301,2.434,1.800,99.000
1785589562.417,16.6828,2.9964,-0.0469,1.8000,-0.0053,0.0372,-1,RACING,0,13.75,0.1095,2.434,1.800,99.000
1785589562.467,16.7715,2.9921,-0.0469,1.8000,-0.0060,0.2577,-1,RACING,0,14.00,0.0579,2.422,1.800,99.000
1785589562.518,16.8582,2.9879,-0.0469,1.8000,-0.0068,0.2577,-1,RACING,0,14.00,0.0395,2.422,1.800,99.000
1785589562.567,16.9472,2.9837,-0.0469,1.8000,-0.0037,0.1680,-1,RACING,0,14.00,0.1241,2.422,1.800,99.000
1785589562.617,17.0406,2.9794,-0.0469,1.8000,-0.0043,0.1680,-1,RACING,0,14.25,0.0408,2.421,1.800,99.000
1785589562.667,17.1315,2.9752,-0.0469,1.8000,-0.0016,0.1339,-1,RACING,0,14.25,0.0609,2.421,1.800,99.000
1785589562.718,3.4878,4.0000,-0.0000,1.6500,-0.2704,0.1339,-1,RACING,0,0.25,0.3125,1.254,1.800,99.000
1785589562.767,3.5707,3.9990,-0.0223,1.5634,-0.2898,0.0598,-1,RACING,0,0.50,0.3679,1.563,1.800,99.000
1785589562.817,3.6483,3.9948,-0.0841,1.5634,-0.2177,0.0598,-1,RACING,0,0.50,0.4028,1.563,1.800,99.000
1785589562.868,3.7251,3.9857,-0.1370,1.5634,-0.2172,0.0585,-1,RACING,0,0.50,0.4446,1.563,1.800,99.000
1785589562.917,3.8042,3.9735,-0.1886,1.6884,-0.2182,0.0585,-1,RACING,0,0.75,0.4630,1.822,1.800,99.000
1785589563.029,3.8896,3.9553,-0.2458,1.8000,-0.2191,0.1240,-1,RACING,0,0.75,0.4849,1.822,1.800,99.000
1785589563.031,3.8896,3.9553,-0.2458,1.8000,-0.2191,0.1240,-1,RACING,0,0.75,0.4849,1.822,1.800,99.000
1785589563.068,4.0733,3.8960,-0.3750,1.8000,-0.2191,0.1158,-1,RACING,0,1.00,0.4943,1.989,1.800,99.000
1785589563.117,4.1361,3.8710,-0.4184,1.8000,-0.0591,0.1158,-1,RACING,0,1.25,0.5012,2.113,1.800,99.000
1785589563.167,4.2150,3.8331,-0.4551,1.8000,-0.0479,0.1107,-1,RACING,0,1.25,0.4753,2.113,1.800,99.000
1785589563.217,4.2971,3.7925,-0.4683,1.8000,-0.0481,0.1107,-1,RACING,0,1.25,0.4636,2.113,1.800,99.000
1785589563.267,4.3776,3.7519,-0.4813,1.8000,-0.0006,0.0877,-1,RACING,0,1.50,0.4445,2.184,1.800,99.000
1785589563.317,4.4590,3.7102,-0.4813,1.8000,-0.0010,0.0877,-1,RACING,0,1.50,0.4171,2.184,1.800,99.000
1785589563.367,4.5398,3.6684,-0.4813,1.8000,0.0310,0.1094,-1,RACING,0,1.50,0.4085,2.184,1.800,99.000
1785589563.418,4.6211,3.6269,-0.4728,1.8000,0.0308,0.1094,-1,RACING,0,1.75,0.3713,2.255,1.800,99.000
1785589563.467,4.7020,3.5853,-0.4642,1.8000,0.0310,0.2965,-1,RACING,0,1.75,0.3467,2.255,1.800,99.000
1785589563.517,4.7796,3.5465,-0.4560,1.8000,0.0537,0.2965,-1,RACING,0,2.00,0.3377,2.306,1.800,99.000
1785589563.567,4.8607,3.5075,-0.4413,1.8000,0.0537,0.1101,-1,RACING,0,2.00,0.2947,2.306,1.800,99.000
1785589563.617,4.9414,3.4698,-0.4267,1.8000,0.0537,0.1101,-1,RACING,0,2.00,0.2764,2.306,1.800,99.000
1785589563.667,5.0216,3.4330,-0.4120,1.8000,0.0672,0.0626,-1,RACING,0,2.25,0.2633,2.320,1.800,99.000
1785589563.718,5.1018,3.3977,-0.3936,1.8000,0.0673,0.0626,-1,RACING,0,2.25,0.2210,2.320,1.800,99.000
1785589563.767,5.1893,3.3642,-0.3753,1.8000,0.0720,0.0447,-1,RACING,0,2.25,0.2140,2.320,1.800,99.000
1785589563.817,5.2763,3.3314,-0.3552,1.8000,0.0719,0.0447,-1,RACING,0,2.50,0.1931,2.352,1.800,99.000
1785589563.868,5.3621,3.3013,-0.3358,1.8000,0.0719,0.0542,-1,RACING,0,2.50,0.1572,2.352,1.800,99.000
1785589563.917,5.4490,3.2723,-0.3161,1.8000,0.0717,0.0542,-1,RACING,0,2.50,0.1710,2.352,1.800,99.000
1785589563.968,5.5373,3.2452,-0.2965,1.8000,0.0717,0.0579,-1,RACING,0,2.75,0.1317,2.387,1.800,99.000
1785589564.017,5.6270,3.2195,-0.2768,1.8000,0.0717,0.0579,-1,RACING,0,2.75,0.1083,2.387,1.800,99.000
1785589564.067,5.7118,3.1962,-0.2576,1.8000,0.0678,0.0541,-1,RACING,0,2.75,0.1502,2.387,1.800,99.000
1785589564.117,5.7949,3.1739,-0.2389,1.8000,0.0677,0.0541,-1,RACING,0,3.00,0.0825,2.396,1.800,99.000
1785589564.169,5.8827,3.1534,-0.2204,1.8000,0.0677,0.0336,-1,RACING,0,3.00,0.0749,2.396,1.800,99.000
1785589564.218,5.9707,3.1346,-0.2021,1.8000,0.0611,0.0336,-1,RACING,0,3.25,0.1215,2.401,1.800,99.000
1785589564.267,6.0579,3.1173,-0.1855,1.8000,0.0611,0.0457,-1,RACING,0,3.25,0.0420,2.401,1.800,99.000
1785589564.318,6.1488,3.1013,-0.1687,1.8000,0.0539,0.0457,-1,RACING,0,3.25,0.0715,2.401,1.800,99.000
1785589564.380,6.1488,3.1013,-0.1687,1.8000,0.0539,0.0457,-1,RACING,0,3.25,0.0715,2.401,1.800,99.000
1785589564.422,6.3520,3.0704,-0.1353,1.8000,0.0540,0.0457,-1,RACING,0,3.25,0.0227,2.401,1.800,99.000
1785589564.467,6.4211,3.0618,-0.1245,1.8000,0.0461,0.2023,-1,RACING,0,3.50,0.0917,2.408,1.800,99.000
1785589564.517,6.5100,3.0513,-0.1120,1.8000,0.0461,0.2023,-1,RACING,0,3.75,0.0694,2.421,1.800,99.000
1785589564.567,6.6026,3.0418,-0.0994,1.8000,0.0462,0.0314,-1,RACING,0,3.75,0.0266,2.421,1.800,99.000
1785589564.617,6.6939,3.0334,-0.0867,1.8000,0.0381,0.0314,-1,RACING,0,3.75,0.1166,2.421,1.800,99.000
1785589564.667,6.7863,3.0258,-0.0759,1.8000,0.0381,0.0638,-1,RACING,0,4.00,0.0468,2.435,1.800,99.000
1785589564.717,6.8703,3.0197,-0.0660,1.8000,0.0380,0.0638,-1,RACING,0,4.00,0.0483,2.435,1.800,99.000
1785589564.767,6.9600,3.0143,-0.0556,1.8000,0.0303,0.0540,-1,RACING,0,4.25,0.1212,2.445,1.800,99.000
1785589564.817,7.0483,3.0097,-0.0473,1.8000,0.0302,0.0540,-1,RACING,0,4.25,0.0414,2.445,1.800,99.000
1785589564.868,7.1370,3.0058,-0.0391,1.8000,0.0241,0.0485,-1,RACING,0,4.25,0.0661,2.445,1.800,99.000
1785589564.917,7.2294,3.0026,-0.0326,1.8000,0.0241,0.0485,-1,RACING,0,4.50,0.1037,2.452,1.800,99.000
1785589564.967,7.3168,3.0000,-0.0260,1.8000,0.0240,0.0628,-1,RACING,0,4.50,0.0341,2.452,1.800,99.000
1785589565.017,7.4087,2.9979,-0.0194,1.8000,0.0186,0.0628,-1,RACING,0,4.50,0.0867,2.452,1.800,99.000
1785589565.067,7.4978,2.9964,-0.0143,1.8000,0.0186,0.0749,-1,RACING,0,4.75,0.0870,2.454,1.800,99.000
1785589565.117,7.5872,2.9953,-0.0091,1.8000,0.0186,0.0749,-1,RACING,0,4.75,0.0337,2.454,1.800,99.000
1785589565.167,7.6767,2.9947,-0.0041,1.8000,0.0140,0.0248,-1,RACING,0,4.75,0.1033,2.454,1.800,99.000
1785589565.219,7.7663,2.9945,-0.0004,1.8000,0.0140,0.0248,-1,RACING,0,5.00,0.0699,2.456,1.800,99.000
1785589565.280,7.7663,2.9945,-0.0004,1.8000,0.0140,0.0248,-1,RACING,0,5.00,0.0699,2.456,1.800,99.000
1785589565.319,7.7663,2.9945,-0.0004,1.8000,0.0140,0.0248,-1,RACING,0,5.00,0.0699,2.456,1.800,99.000
1785589565.367,8.0397,2.9959,0.0111,1.8000,0.0097,0.0279,-1,RACING,0,5.25,0.0483,2.464,1.800,99.000
1785589565.417,8.1279,2.9969,0.0111,1.8000,0.0111,0.0279,-1,RACING,0,5.25,0.0561,2.464,1.800,99.000
1785589565.467,8.2183,2.9981,0.0142,1.8000,0.0080,0.0222,-1,RACING,0,5.50,0.1137,2.465,1.800,99.000
1785589565.517,8.3093,2.9994,0.0142,1.8000,0.0092,0.0222,-1,RACING,0,5.50,0.0316,2.465,1.800,99.000
1785589565.568,8.3999,3.0006,0.0142,1.8000,0.0080,0.2313,-1,RACING,0,5.50,0.0748,2.465,1.800,99.000
1785589565.617,8.4888,3.0019,0.0142,1.8000,0.0091,0.2313,-1,RACING,0,5.75,0.0930,2.465,1.800,99.000
1785589565.667,8.5780,3.0032,0.0142,1.8000,0.0104,0.0303,-1,RACING,0,5.75,0.0221,2.465,1.800,99.000
1785589565.717,8.6668,3.0046,0.0170,1.8000,0.0079,0.0303,-1,RACING,0,5.75,0.0904,2.465,1.800,99.000
1785589565.767,8.7552,3.0061,0.0170,1.8000,0.0089,0.0669,-1,RACING,0,6.00,0.0767,2.467,1.800,99.000
1785589565.817,8.8457,3.0076,0.0170,1.8000,0.0103,0.0669,-1,RACING,0,6.00,0.0260,2.467,1.800,99.000
1785589565.867,8.9341,3.0093,0.0198,1.8000,0.0077,0.1033,-1,RACING,0,6.00,0.1068,2.467,1.800,99.000
1785589565.917,9.0204,3.0110,0.0198,1.8000,0.0087,0.1033,-1,RACING,0,6.25,0.0616,2.463,1.800,99.000
1785589565.967,9.1097,3.0128,0.0198,1.8000,0.0100,0.1144,-1,RACING,0,6.25,0.0356,2.463,1.800,99.000
1785589566.017,9.1997,3.0147,0.0226,1.8000,0.0074,0.1144,-1,RACING,0,6.25,0.1219,2.463,1.800,99.000
1785589566.068,9.2922,3.0168,0.0226,1.8000,0.0085,0.0965,-1,RACING,0,6.50,0.0407,2.457,1.800,99.000
1785589566.117,9.3803,3.0188,0.0226,1.8000,0.0074,0.0965,-1,RACING,0,6.50,0.0539,2.457,1.800,99.000
1785589566.167,9.4725,3.0208,0.0226,1.8000,0.0085,0.1052,-1,RACING,0,6.75,0.1079,2.451,1.800,99.000
1785589566.217,9.5620,3.0228,0.0226,1.8000,0.0097,0.1052,-1,RACING,0,6.75,0.0238,2.451,1.800,99.000
1785589566.267,9.6517,3.0249,0.0226,1.8000,0.0084,0.3961,-1,RACING,0,6.75,0.0745,2.451,1.800,99.000
1785589566.317,9.7364,3.0269,0.0226,1.8000,0.0095,0.3961,-1,RACING,0,7.00,0.0942,2.447,1.800,99.000
1785589566.367,9.8233,3.0289,0.0226,1.8000,0.0108,0.0643,-1,RACING,0,7.00,0.0176,2.447,1.800,99.000
1785589566.417,9.9130,3.0311,0.0255,1.8000,0.0078,0.0643,-1,RACING,0,7.00,0.0856,2.447,1.800,99.000
1785589566.467,10.0030,3.0334,0.0255,1.8000,0.0089,0.0487,-1,RACING,0,7.25,0.0780,2.444,1.800,99.000
1785589566.517,10.0922,3.0357,0.0255,1.8000,0.0102,0.0487,-1,RACING,0,7.25,0.0215,2.444,1.800,99.000
1785589566.567,10.1848,3.0381,0.0283,1.8000,0.0070,0.0577,-1,RACING,0,7.25,0.1071,2.444,1.800,99.000
1785589566.617,10.2766,3.0406,0.0283,1.8000,0.0081,0.0577,-1,RACING,0,7.50,0.0552,2.442,1.800,99.000
1785589566.667,10.3672,3.0432,0.0283,1.8000,0.0093,0.0354,-1,RACING,0,7.50,0.0420,2.442,1.800,99.000
1785589566.717,10.4537,3.0457,0.0283,1.8000,0.0071,0.0354,-1,RACING,0,7.50,0.1260,2.442,1.800,99.000
1785589566.767,10.5418,3.0483,0.0283,1.8000,0.0080,0.1445,-1,RACING,0,7.75,0.0412,2.442,1.800,99.000
1785589566.817,10.6320,3.0508,0.0283,1.8000,0.0060,0.1445,-1,RACING,0,7.75,0.0561,2.442,1.800,99.000
1785589566.867,10.7220,3.0534,0.0283,1.8000,0.0068,0.0377,-1,RACING,0,8.00,0.1085,2.442,1.800,99.000
1785589566.917,10.8086,3.0559,0.0283,1.8000,0.0077,0.0377,-1,RACING,0,8.00,0.0274,2.442,1.800,99.000
1785589566.967,10.8993,3.0584,0.0283,1.8000,0.0053,0.0235,-1,RACING,0,8.00,0.0729,2.442,1.800,99.000
1785589567.017,10.9944,3.0611,0.0283,1.8000,0.0061,0.0235,-1,RACING,0,8.25,0.0866,2.442,1.800,99.000
1785589567.067,11.0830,3.0636,0.0283,1.8000,0.0070,0.0361,-1,RACING,0,8.25,0.0201,2.442,1.800,99.000
1785589567.117,11.1733,3.0661,0.0283,1.8000,0.0043,0.0361,-1,RACING,0,8.25,0.0966,2.442,1.800,99.000
1785589567.168,11.2617,3.0686,0.0283,1.8000,0.0048,0.0581,-1,RACING,0,8.50,0.0699,2.442,1.800,99.000
1785589567.218,11.3500,3.0712,0.0283,1.8000,0.0056,0.0581,-1,RACING,0,8.50,0.0295,2.442,1.800,99.000
1785589567.267,11.4407,3.0737,0.0283,1.8000,0.0026,0.0251,-1,RACING,0,8.50,0.1139,2.442,1.800,99.000
1785589567.317,11.5300,3.0763,0.0283,1.8000,0.0029,0.0251,-1,RACING,0,8.75,0.0526,2.442,1.800,99.000
1785589567.367,11.6228,3.0788,0.0283,1.8000,0.0034,0.0626,-1,RACING,0,8.75,0.0489,2.442,1.800,99.000
1785589567.417,11.7112,3.0814,0.0283,1.8000,0.0002,0.0626,-1,RACING,0,9.00,0.1189,2.442,1.800,99.000
1785589567.467,11.8031,3.0839,0.0283,1.8000,0.0002,0.2575,-1,RACING,0,9.00,0.0323,2.442,1.800,99.000
1785589567.520,11.8911,3.0865,0.0283,1.8000,-0.0026,0.2575,-1,RACING,0,9.00,0.0659,2.442,1.800,99.000
1785589567.567,11.9800,3.0890,0.0283,1.8000,-0.0030,0.0272,-1,RACING,0,9.25,0.1001,2.442,1.800,99.000
1785589567.617,12.0685,3.0915,0.0283,1.8000,-0.0035,0.0272,-1,RACING,0,9.25,0.0212,2.442,1.800,99.000
1785589567.667,12.1548,3.0941,0.0283,1.8000,-0.0062,0.0474,-1,RACING,0,9.25,0.0788,2.442,1.800,99.000
1785589567.717,12.2432,3.0966,0.0283,1.8000,-0.0071,0.0474,-1,RACING,0,9.50,0.0865,2.442,1.800,99.000
1785589567.767,12.3345,3.0991,0.0283,1.8000,-0.0081,0.0287,-1,RACING,0,9.50,0.0175,2.442,1.800,99.000
1785589567.817,12.4260,3.1018,0.0283,1.8000,-0.0107,0.0287,-1,RACING,0,9.50,0.0992,2.442,1.800,99.000
1785589567.867,12.5137,3.1042,0.0254,1.8000,-0.0106,0.0697,-1,RACING,0,9.75,0.0656,2.442,1.800,99.000
1785589567.917,12.5998,3.1063,0.0225,1.8000,-0.0106,0.0697,-1,RACING,0,9.75,0.0253,2.442,1.800,99.000
1785589567.967,12.6908,3.1082,0.0196,1.8000,-0.0114,0.0500,-1,RACING,0,9.75,0.1136,2.442,1.800,99.000
1785589568.017,12.7791,3.1098,0.0166,1.8000,-0.0114,0.0500,-1,RACING,0,10.00,0.0497,2.442,1.800,99.000
1785589568.067,12.8707,3.1112,0.0134,1.8000,-0.0114,0.1122,-1,RACING,0,10.00,0.0440,2.442,1.800,99.000
1785589568.117,12.9598,3.1123,0.0103,1.8000,-0.0117,0.1122,-1,RACING,0,10.25,0.1182,2.442,1.800,99.000
1785589568.167,13.0490,3.1130,0.0071,1.8000,-0.0117,0.0391,-1,RACING,0,10.25,0.0296,2.442,1.800,99.000
1785589568.217,13.1416,3.1135,0.0039,1.8000,-0.0116,0.0391,-1,RACING,0,10.25,0.0643,2.442,1.800,99.000
1785589568.267,13.2284,3.1137,0.0008,1.8000,-0.0116,0.0552,-1,RACING,0,10.50,0.0994,2.442,1.800,99.000
1785589568.317,13.3214,3.1137,-0.0024,1.8000,-0.0116,0.0552,-1,RACING,0,10.50,0.0081,2.442,1.800,99.000
1785589568.367,13.4108,3.1133,-0.0055,1.8000,-0.0111,0.2857,-1,RACING,0,10.50,0.0833,2.442,1.800,99.000
1785589568.417,13.5013,3.1127,-0.0086,1.8000,-0.0111,0.2857,-1,RACING,0,10.75,0.0764,2.442,1.800,99.000
1785589568.467,13.5890,3.1118,-0.0116,1.8000,-0.0111,0.0555,-1,RACING,0,10.75,0.0119,2.442,1.800,99.000
1785589568.517,13.6800,3.1106,-0.0146,1.8000,-0.0104,0.0555,-1,RACING,0,10.75,0.1025,2.442,1.800,99.000
1785589568.567,13.7647,3.1091,-0.0174,1.8000,-0.0102,0.2308,-1,RACING,0,11.00,0.0629,2.442,1.800,99.000
1785589568.617,13.8536,3.1074,-0.0202,1.8000,-0.0102,0.2308,-1,RACING,0,11.00,0.0261,2.442,1.800,99.000
1785589568.667,13.9403,3.1055,-0.0230,1.8000,-0.0092,0.1344,-1,RACING,0,11.00,0.1128,2.442,1.800,99.000
1785589568.717,14.0307,3.1034,-0.0230,1.8000,-0.0105,0.1344,-1,RACING,0,11.25,0.0468,2.448,1.800,99.000
1785589568.767,14.1218,3.1012,-0.0258,1.8000,-0.0106,0.0419,-1,RACING,0,11.25,0.0444,2.448,1.800,99.000
1785589568.818,14.2140,3.0988,-0.0287,1.8000,-0.0092,0.0419,-1,RACING,0,11.50,0.1134,2.462,1.800,99.000
1785589568.867,14.3063,3.0962,-0.0287,1.8000,-0.0106,0.0546,-1,RACING,0,11.50,0.0212,2.462,1.800,99.000
1785589568.917,14.3991,3.0935,-0.0316,1.8000,-0.0091,0.0546,-1,RACING,0,11.50,0.0718,2.462,1.800,99.000
1785589568.967,14.4895,3.0906,-0.0316,1.8000,-0.0103,0.0346,-1,RACING,0,11.75,0.0879,2.468,1.800,99.000
1785589569.017,14.5821,3.0876,-0.0345,1.8000,-0.0104,0.0346,-1,RACING,0,11.75,0.0068,2.468,1.800,99.000
1785589569.067,14.6717,3.0844,-0.0373,1.8000,-0.0084,0.1233,-1,RACING,0,11.75,0.0946,2.468,1.800,99.000
1785589569.117,14.7673,3.0810,-0.0373,1.8000,-0.0097,0.1233,-1,RACING,0,12.00,0.0603,2.463,1.800,99.000
1785589569.167,14.8554,3.0777,-0.0373,1.8000,-0.0112,0.0593,-1,RACING,0,12.00,0.0292,2.463,1.800,99.000
1785589569.217,14.9491,3.0742,-0.0404,1.8000,-0.0087,0.0593,-1,RACING,0,12.00,0.1223,2.463,1.800,99.000
1785589569.267,15.0402,3.0706,-0.0404,1.8000,-0.0100,0.2146,-1,RACING,0,12.25,0.0380,2.460,1.800,99.000
1785589569.317,15.1292,3.0668,-0.0431,1.8000,-0.0075,0.2146,-1,RACING,0,12.25,0.0532,2.460,1.800,99.000
1785589569.367,15.2161,3.0630,-0.0431,1.8000,-0.0085,0.0296,-1,RACING,0,12.50,0.1113,2.458,1.800,99.000
1785589569.417,15.3099,3.0590,-0.0431,1.8000,-0.0098,0.0296,-1,RACING,0,12.50,0.0204,2.458,1.800,99.000
1785589569.468,15.3956,3.0552,-0.0431,1.8000,-0.0083,0.0407,-1,RACING,0,12.50,0.0699,2.458,1.800,99.000
1785589569.517,15.4873,3.0513,-0.0431,1.8000,-0.0095,0.0407,-1,RACING,0,12.75,0.0904,2.449,1.800,99.000
1785589569.567,15.5792,3.0474,-0.0431,1.8000,-0.0109,0.0404,-1,RACING,0,12.75,0.0142,2.449,1.800,99.000
1785589569.617,15.6690,3.0434,-0.0461,1.8000,-0.0076,0.0404,-1,RACING,0,12.75,0.0936,2.449,1.800,99.000
1785589569.667,15.7611,3.0393,-0.0461,1.8000,-0.0087,0.0418,-1,RACING,0,13.00,0.0671,2.449,1.800,99.000
1785589569.717,15.8532,3.0350,-0.0461,1.8000,-0.0101,0.0418,-1,RACING,0,13.00,0.0314,2.449,1.800,99.000
1785589569.767,15.9403,3.0308,-0.0488,1.8000,-0.0065,0.0623,-1,RACING,0,13.00,0.1153,2.449,1.800,99.000
1785589569.817,16.0327,3.0264,-0.0488,1.8000,-0.0074,0.0623,-1,RACING,0,13.25,0.0467,2.442,1.800,99.000
1785589569.867,16.1199,3.0220,-0.0488,1.8000,-0.0085,0.1739,-1,RACING,0,13.25,0.0473,2.442,1.800,99.000
1785589569.917,16.2109,3.0176,-0.0488,1.8000,-0.0061,0.1739,-1,RACING,0,13.50,0.1164,2.434,1.800,99.000
1785589569.967,16.3040,3.0133,-0.0488,1.8000,-0.0071,0.2004,-1,RACING,0,13.50,0.0286,2.434,1.800,99.000
1785589570.017,16.3990,3.0088,-0.0488,1.8000,-0.0048,0.2004,-1,RACING,0,13.50,0.0757,2.434,1.800,99.000
1785589570.067,16.4842,3.0045,-0.0488,1.8000,-0.0054,0.1047,-1,RACING,0,13.75,0.0933,2.434,1.800,99.000
1785589570.117,16.5764,3.0000,-0.0488,1.8000,-0.0063,0.1047,-1,RACING,0,13.75,0.0196,2.434,1.800,99.000
1785589570.167,16.6689,2.9957,-0.0488,1.8000,-0.0038,0.0537,-1,RACING,0,13.75,0.0957,2.434,1.800,99.000
1785589570.217,16.7607,2.9912,-0.0488,1.8000,-0.0043,0.0537,-1,RACING,0,14.00,0.0676,2.422,1.800,99.000
1785589570.267,16.8524,2.9869,-0.0488,1.8000,-0.0051,0.0774,-1,RACING,0,14.00,0.0341,2.422,1.800,99.000
1785589570.317,16.9432,2.9825,-0.0488,1.8000,-0.0023,0.0774,-1,RACING,0,14.00,0.1200,2.422,1.800,99.000
1785589570.367,17.0321,2.9781,-0.0488,1.8000,-0.0026,0.4074,-1,RACING,0,14.25,0.0473,2.421,1.800,99.000
1785589570.417,17.1208,2.9737,-0.0488,1.8000,-0.0030,0.4074,-1,RACING,0,14.25,0.0503,2.421,1.800,99.000
1785589570.467,17.2069,2.9693,-0.0488,1.8000,0.0000,0.1125,-1,RACING,0,14.50,0.1193,2.414,1.800,99.000
1785589570.517,17.2938,2.9649,-0.0488,1.8000,0.0001,0.1125,-1,RACING,0,14.50,0.0362,2.414,1.800,99.000
1785589570.567,17.3845,2.9605,-0.0488,1.8000,0.0025,0.0672,-1,RACING,0,14.50,0.0630,2.414,1.800,99.000
1785589570.617,17.4734,2.9560,-0.0488,1.8000,0.0029,0.0672,-1,RACING,0,14.75,0.1024,2.405,1.800,99.000
1785589570.667,17.5649,2.9516,-0.0488,1.8000,0.0034,0.0406,-1,RACING,0,14.75,0.0197,2.405,1.800,99.000
1785589570.717,17.6577,2.9473,-0.0488,1.8000,0.0058,0.0406,-1,RACING,0,14.75,0.0854,2.405,1.800,99.000
1785589570.767,17.7509,2.9430,-0.0488,1.8000,0.0065,0.0379,-1,RACING,0,15.00,0.0746,2.401,1.800,99.000
1785589570.817,17.8434,2.9385,-0.0488,1.8000,0.0075,0.0379,-1,RACING,0,15.00,0.0248,2.401,1.800,99.000
1785589570.867,17.9321,2.9342,-0.0489,1.8000,0.0098,0.0303,-1,RACING,0,15.00,0.1094,2.401,1.800,99.000
1785589570.917,18.0227,2.9298,-0.0488,1.8000,0.0112,0.0303,-1,RACING,0,15.25,0.0522,2.391,1.800,99.000
1785589570.967,18.1151,2.9254,-0.0458,1.8000,0.0112,0.0203,-1,RACING,0,15.25,0.0432,2.391,1.800,99.000
1785589571.017,18.2060,2.9215,-0.0427,1.8000,0.0117,0.0203,-1,RACING,0,15.50,0.1176,2.384,1.800,99.000
1785589571.068,18.2935,2.9178,-0.0396,1.8000,0.0117,0.0506,-1,RACING,0,15.50,0.0309,2.384,1.800,99.000
1785589571.118,18.3877,2.9143,-0.0363,1.8000,0.0120,0.0506,-1,RACING,0,15.50,0.0650,2.384,1.800,99.000
1785589571.167,18.4783,2.9112,-0.0331,1.8000,0.0120,0.1542,-1,RACING,0,15.75,0.0950,2.376,1.800,99.000
1785589571.217,18.5656,2.9084,-0.0299,1.8000,0.0120,0.1542,-1,RACING,0,15.75,0.0093,2.376,1.800,99.000
1785589571.267,18.6584,2.9059,-0.0266,1.8000,0.0122,0.0458,-1,RACING,0,15.75,0.0856,2.376,1.800,99.000
1785589571.317,18.7504,2.9036,-0.0232,1.8000,0.0122,0.0458,-1,RACING,0,16.00,0.0726,2.364,1.800,99.000
1785589571.368,18.8386,2.9017,-0.0199,1.8000,0.0122,0.0813,-1,RACING,0,16.00,0.0162,2.364,1.800,99.000
1785589571.418,18.9304,2.9000,-0.0166,1.8000,0.0125,0.0813,-1,RACING,0,16.00,0.1076,2.364,1.800,99.000
1785589571.484,18.9304,2.9000,-0.0166,1.8000,0.0125,0.0813,-1,RACING,0,16.00,0.1076,2.364,1.800,99.000
1785589571.536,18.9304,2.9000,-0.0166,1.8000,0.0125,0.0813,-1,RACING,0,16.00,0.1076,2.364,1.800,99.000
1785589571.615,18.9304,2.9000,-0.0166,1.8000,0.0125,0.0813,-1,RACING,0,16.00,0.1076,2.364,1.800,99.000
1785589571.624,19.2317,2.8967,-0.0050,1.8000,0.0125,0.0813,-1,RACING,0,16.00,0.0911,2.364,1.800,99.000
1785589571.674,19.2422,2.8966,-0.0046,1.8000,0.0128,0.0813,-1,RACING,0,16.50,0.0807,2.340,1.800,99.000
1785589571.717,19.2422,2.8966,-0.0046,1.8000,0.0128,0.0813,-1,RACING,0,16.50,0.0807,2.340,1.800,99.000
1785589571.767,19.6088,2.8975,0.0094,1.8000,0.0134,0.0435,-1,RACING,0,16.75,0.0361,2.330,1.800,99.000
1785589571.817,19.6972,2.8985,0.0130,1.8000,0.0135,0.0435,-1,RACING,0,16.75,0.1244,2.330,1.800,99.000
1785589571.867,19.7887,2.8999,0.0169,1.8000,0.0140,0.0837,-1,RACING,0,17.00,0.0341,2.329,1.800,99.000
1785589571.917,19.8779,2.9016,0.0207,1.8000,0.0140,0.0837,-1,RACING,0,17.00,0.0551,2.329,1.800,99.000
1785589571.967,19.9698,2.9036,0.0246,1.8000,0.0646,0.0686,-1,RACING,0,17.25,0.1029,2.296,1.800,1.806
1785589572.017,20.0607,2.9066,0.0420,1.8000,0.0647,0.0686,-1,RACING,0,17.25,0.0121,2.296,1.800,1.806
1785589572.068,20.1513,2.9106,0.0479,1.8000,0.0074,0.0550,-1,RACING,0,17.25,0.0788,2.296,1.800,99.000
1785589572.117,20.2401,2.9149,0.0479,1.8000,0.0076,0.0550,-1,RACING,0,17.50,0.0824,2.287,1.800,99.000
1785589572.167,20.3325,2.9193,0.0479,1.8000,0.0087,0.0361,-1,RACING,0,17.50,0.0113,2.287,1.800,99.000
1785589572.218,20.4259,2.9237,0.0507,1.8000,0.0101,0.0361,-1,RACING,0,17.50,0.1038,2.287,1.800,99.000
1785589572.267,20.5159,2.9284,0.0541,1.8000,0.0124,0.1175,-1,RACING,0,17.75,0.0565,2.287,1.800,99.000
1785589572.317,20.6062,2.9334,0.0574,1.8000,0.0124,0.1175,-1,RACING,0,17.75,0.0350,2.287,1.800,99.000
1785589572.367,20.6981,2.9388,0.0609,1.8000,0.0124,0.1092,-1,RACING,0,18.00,0.1238,2.263,1.800,99.000
1785589572.417,20.7877,2.9445,0.0648,1.8000,0.0146,0.1092,-1,RACING,0,18.00,0.0346,2.263,1.800,99.000
1785589572.467,20.8755,2.9504,0.0688,1.8000,0.0146,0.0386,-1,RACING,0,18.00,0.0548,2.263,1.800,99.000
1785589572.517,20.9714,2.9570,0.0729,1.8000,0.0165,0.0386,-1,RACING,0,18.25,0.0999,2.232,1.800,99.000
1785589572.567,21.0613,2.9636,0.0774,1.8000,0.0169,0.0557,-1,RACING,0,18.25,0.0122,2.232,1.800,99.000
1785589572.617,21.1504,2.9707,0.0820,1.8000,0.0171,0.0557,-1,RACING,0,18.25,0.0804,2.232,1.800,99.000
1785589572.667,21.2402,2.9784,0.0872,1.8000,0.0190,0.1179,-1,RACING,0,18.50,0.0802,2.209,1.800,99.000
1785589572.717,21.3285,2.9866,0.0925,1.8000,0.0189,0.1179,-1,RACING,0,18.50,0.0122,2.209,1.800,99.000
1785589572.767,21.4184,2.9950,0.0975,1.8000,0.0187,0.1511,-1,RACING,0,18.50,0.0996,2.209,1.800,99.000
1785589572.817,21.5085,3.0040,0.1032,1.8000,0.0210,0.1511,-1,RACING,0,18.75,0.0607,2.192,1.800,99.000
1785589572.868,21.5996,3.0135,0.1089,1.8000,0.0210,0.2228,-1,RACING,0,18.75,0.0325,2.192,1.800,99.000
1785589572.917,21.6844,3.0236,0.1146,1.8000,0.0211,0.2228,-1,RACING,0,18.75,0.1172,2.192,1.800,99.000
1785589572.967,21.7730,3.0343,0.1209,1.8000,0.0229,0.0972,-1,RACING,0,19.00,0.0447,2.178,1.800,99.000
1785589573.017,21.8645,3.0453,0.1271,1.8000,0.0227,0.0972,-1,RACING,0,19.00,0.0492,2.178,1.800,99.000
1785589573.067,21.9549,3.0569,0.1333,1.8000,0.0231,0.3140,-1,RACING,0,19.25,0.1106,2.160,1.800,99.000
1785589573.117,22.0459,3.0692,0.1396,1.8000,0.0254,0.3140,-1,RACING,0,19.25,0.0201,2.160,1.800,99.000
1785589573.168,22.1387,3.0823,0.1469,1.8000,0.0259,0.0435,-1,RACING,0,19.25,0.0756,2.160,1.800,99.000
1785589573.217,22.2270,3.0955,0.1544,1.8000,0.0281,0.0435,-1,RACING,0,19.50,0.0857,2.139,1.800,99.000
1785589573.267,22.3106,3.1096,0.1620,1.8000,0.0281,0.0258,-1,RACING,0,19.50,0.0080,2.139,1.800,99.000
1785589573.317,22.4004,3.1248,0.1699,1.8000,0.0277,0.0258,-1,RACING,0,19.50,0.0909,2.139,1.800,99.000
1785589573.367,22.4867,3.1406,0.1781,1.8000,0.0297,0.0352,-1,RACING,0,19.75,0.0722,2.119,1.800,99.000
1785589573.417,22.5696,3.1563,0.1858,1.8000,0.0293,0.0352,-1,RACING,0,19.75,0.0161,2.119,1.800,99.000
1785589573.467,22.6598,3.1733,0.1937,1.8000,0.0290,0.1873,-1,RACING,0,19.75,0.1051,2.119,1.800,99.000
1785589573.517,22.7482,3.1913,0.2017,1.8000,0.0319,0.1873,-1,RACING,0,20.00,0.0558,2.106,1.800,99.000
1785589573.567,22.8367,3.2095,0.2104,1.8000,0.0322,0.0463,-1,RACING,0,20.00,0.0367,2.106,1.800,99.000
1785589573.617,22.9265,3.2288,0.2193,1.8000,0.0323,0.0463,-1,RACING,0,20.25,0.1229,2.097,1.800,99.000
1785589573.667,23.0146,3.2486,0.2288,1.8000,0.0353,0.0859,-1,RACING,0,20.25,0.0334,2.097,1.800,99.000
1785589573.717,23.1034,3.2695,0.2385,1.8000,0.0355,0.0859,-1,RACING,0,20.25,0.0597,2.097,1.800,99.000
1785589573.767,23.1909,3.2914,0.2489,1.8000,0.0382,0.1608,-1,RACING,0,20.50,0.1010,2.087,1.800,2.143
1785589573.818,23.2768,3.3138,0.2592,1.8000,0.0381,0.1608,-1,RACING,0,20.50,0.0151,2.087,1.800,2.143
1785589573.868,23.3653,3.3374,0.2696,1.8000,0.0380,0.0508,-1,RACING,0,20.50,0.0804,2.087,1.800,99.000
1785589573.917,23.4512,3.3617,0.2800,1.8000,0.0412,0.0508,-1,RACING,0,20.75,0.0812,2.079,1.800,99.000
1785589573.967,23.5418,3.3875,0.2915,1.8000,0.0415,0.0420,-1,RACING,0,20.75,0.0161,2.079,1.800,99.000
1785589574.017,23.6253,3.4137,0.3029,1.8000,0.0420,0.0420,-1,RACING,0,20.75,0.1016,2.079,1.800,99.000
1785589574.067,23.7134,3.4407,0.3149,1.8000,0.0447,0.0328,-1,RACING,0,21.00,0.0571,2.075,1.800,99.000
1785589574.117,23.8052,3.4703,0.3276,1.8000,0.0454,0.0328,-1,RACING,0,21.00,0.0407,2.075,1.800,99.000
1785589574.167,23.8913,3.4996,0.3401,1.8000,0.0461,0.0960,-1,RACING,0,21.25,0.1191,2.073,1.800,99.000
1785589574.218,23.9753,3.5292,0.3532,1.8000,0.0495,0.0960,-1,RACING,0,21.25,0.0306,2.073,1.800,99.000
1785589574.267,24.0604,3.5611,0.3669,1.8000,0.0499,0.0783,-1,RACING,0,21.25,0.0616,2.073,1.800,99.000
1785589574.318,24.1467,3.5941,0.3805,1.8000,0.0529,0.0783,-1,RACING,0,21.50,0.0965,2.073,1.800,99.000
1785589574.367,24.2301,3.6288,0.3953,1.8000,0.0537,0.0391,-1,RACING,0,21.50,0.0096,2.073,1.800,99.000
1785589574.417,24.3118,3.6636,0.4097,1.8000,0.0535,0.0391,-1,RACING,0,21.50,0.0833,2.073,1.800,99.000
1785589574.467,24.3922,3.6994,0.4249,1.8000,0.0566,0.0541,-1,RACING,0,21.75,0.0793,2.073,1.800,99.000
1785589574.518,24.4719,3.7375,0.4405,1.8000,0.0565,0.0541,-1,RACING,0,21.75,0.0141,2.073,1.800,99.000
1785589574.567,24.5527,3.7762,0.4556,1.8000,0.0557,0.0809,-1,RACING,0,21.75,0.0998,2.073,1.800,99.000
1785589574.618,24.6327,3.8165,0.4718,1.8000,0.0596,0.0809,-1,RACING,0,22.00,0.0619,2.073,1.800,99.000
1785589574.667,24.7148,3.8581,0.4881,1.8000,0.0594,0.0420,-1,RACING,0,22.00,0.0332,2.073,1.800,99.000
1785589574.717,24.7920,3.9013,0.5045,1.8000,0.0600,0.0420,-1,RACING,0,22.00,0.1205,2.073,1.800,99.000
1785589574.767,24.8730,3.9467,0.5223,1.8000,0.0634,0.1121,-1,RACING,0,22.25,0.0391,2.073,1.800,99.000
1785589574.817,24.9479,3.9911,0.5392,1.8000,0.0635,0.1121,-1,RACING,0,22.25,0.0521,2.073,1.800,99.000
1785589574.867,25.0221,4.0374,0.5572,1.8000,0.0669,0.0704,-1,RACING,0,22.50,0.1128,2.073,1.800,99.000
1785589574.917,25.0985,4.0862,0.5757,1.8000,0.0665,0.0704,-1,RACING,0,22.50,0.0262,2.073,1.800,99.000
1785589574.967,25.1775,4.1371,0.5942,1.8000,0.0663,0.0401,-1,RACING,0,22.50,0.0747,2.073,1.800,99.000
1785589575.017,25.2510,4.1865,0.6129,1.8000,0.0707,0.0401,-1,RACING,0,22.75,0.0889,2.073,1.800,99.000
1785589575.067,25.3245,4.2390,0.6323,1.8000,0.0712,0.1469,-1,RACING,0,22.75,0.0145,2.073,1.800,99.000
1785589575.117,25.3948,4.2925,0.6517,1.8000,0.0714,0.1469,-1,RACING,0,22.75,0.0924,2.073,1.800,99.000
1785589575.167,25.4678,4.3493,0.6836,1.6500,0.1587,0.1410,-1,RACING,0,23.00,0.0676,2.073,1.800,1.456
1785589575.217,25.5273,4.3991,0.7203,1.5000,0.1550,0.1410,-1,RACING,0,23.00,0.0207,2.073,1.800,1.456
1785589575.268,25.5850,4.4509,0.7467,1.6250,0.0578,0.1296,-1,RACING,0,23.00,0.0917,2.073,1.800,99.000
1785589575.318,25.6458,4.5074,0.7612,1.7500,0.0578,0.1296,-1,RACING,0,23.25,0.0797,2.073,1.800,99.000
1785589575.367,25.7098,4.5697,0.7770,1.8000,0.0580,0.1159,-1,RACING,0,23.25,0.0283,2.073,1.800,99.000
1785589575.417,25.7749,4.6342,0.7930,1.8000,0.0578,0.1159,-1,RACING,0,23.25,0.1083,2.073,1.800,99.000
1785589575.468,25.8385,4.6983,0.8105,1.8000,0.0648,0.0843,-1,RACING,0,23.50,0.0604,2.073,1.800,99.000
1785589575.517,25.9025,4.7639,0.8282,1.8000,0.0653,0.0843,-1,RACING,0,23.50,0.0468,2.073,1.800,99.000
1785589575.567,25.9624,4.8307,0.8463,1.8000,0.0665,0.0673,-1,RACING,0,23.75,0.1239,2.073,1.800,99.000
1785589575.618,26.0222,4.8993,0.8660,1.8000,0.0716,0.0673,-1,RACING,0,23.75,0.0407,2.073,1.800,99.000
1785589575.667,26.0809,4.9679,0.8854,1.8000,0.0716,0.0830,-1,RACING,0,23.75,0.0668,2.073,1.800,99.000
1785589575.717,26.1399,5.0404,0.9056,1.8000,0.0756,0.0830,-1,RACING,0,24.00,0.0977,2.073,1.800,99.000
1785589575.768,26.1939,5.1099,0.9259,1.8000,0.0765,0.1554,-1,RACING,0,24.00,0.0256,2.073,1.800,99.000
1785589575.818,26.2447,5.1820,0.9468,1.8000,0.0767,0.1554,-1,RACING,0,24.00,0.0865,2.073,1.800,99.000
1785589575.867,26.2981,5.2554,0.9677,1.8000,0.0777,0.0616,-1,RACING,0,24.25,0.0792,2.073,1.800,99.000
1785589575.918,26.3489,5.3306,0.9891,1.8000,0.0784,0.0616,-1,RACING,0,24.25,0.0269,2.073,1.800,99.000
1785589575.967,26.3973,5.4061,1.0105,1.8000,0.0786,0.0966,-1,RACING,0,24.25,0.1074,2.073,1.800,99.000
1785589576.017,26.4446,5.4827,1.0320,1.8000,0.0790,0.0966,-1,RACING,0,24.50,0.0571,2.075,1.800,99.000
1785589576.067,26.4906,5.5603,1.0536,1.8000,0.0792,0.1398,-1,RACING,0,24.50,0.0403,2.075,1.800,99.000
1785589576.117,26.5357,5.6407,1.0757,1.8000,0.0795,0.1398,-1,RACING,0,24.75,0.1214,2.090,1.800,99.000
1785589576.167,26.5787,5.7205,1.0973,1.8000,0.0790,0.1246,-1,RACING,0,24.75,0.0321,2.090,1.800,99.000
1785589576.217,26.6194,5.7994,1.1186,1.8000,0.0794,0.1246,-1,RACING,0,24.75,0.0596,2.090,1.800,99.000
1785589576.267,26.6607,5.8809,1.1400,1.8000,0.0781,0.0756,-1,RACING,0,25.00,0.0997,2.124,1.800,99.000
1785589576.317,26.6969,5.9627,1.1613,1.8000,0.0791,0.0756,-1,RACING,0,25.00,0.0105,2.124,1.800,99.000
1785589576.367,26.7287,6.0463,1.1831,1.8000,0.0791,0.1023,-1,RACING,0,25.00,0.0795,2.124,1.800,99.000
1785589576.417,26.7620,6.1307,1.2038,1.8000,0.0753,0.1023,-1,RACING,0,25.25,0.0798,2.118,1.800,99.000
1785589576.467,26.7934,6.2134,1.2240,1.8000,0.0753,0.2042,-1,RACING,0,25.25,0.0087,2.118,1.800,99.000
1785589576.517,26.8232,6.2992,1.2448,1.8000,0.0755,0.2042,-1,RACING,0,25.25,0.0995,2.118,1.800,99.000
1785589576.567,26.8527,6.3842,1.2646,1.8000,0.0731,0.0505,-1,RACING,0,25.50,0.0608,2.091,1.800,99.000
1785589576.617,26.8788,6.4711,1.2849,1.8000,0.0738,0.0505,-1,RACING,0,25.50,0.0305,2.091,1.800,99.000
1785589576.667,26.9021,6.5568,1.3048,1.8000,0.0736,0.0988,-1,RACING,0,25.50,0.1190,2.091,1.800,99.000
1785589576.717,26.9281,6.6449,1.3252,1.8000,0.0706,0.0988,-1,RACING,0,25.75,0.0407,2.087,1.800,99.000
1785589576.767,26.9483,6.7320,1.3446,1.8000,0.0713,0.0211,-1,RACING,0,25.75,0.0506,2.087,1.800,99.000
1785589576.817,26.9655,6.8194,1.3633,1.8000,0.0689,0.0211,-1,RACING,0,26.00,0.1118,2.054,1.800,99.000
1785589576.867,26.9851,6.9079,1.3819,1.8000,0.0681,0.0466,-1,RACING,0,26.00,0.0234,2.054,1.800,99.000
1785589576.944,26.9851,6.9079,1.3819,1.8000,0.0689,0.0466,-1,RACING,0,26.00,0.0234,2.054,1.800,99.000
1785589576.970,27.0126,7.0849,1.4193,1.8000,0.0689,0.1480,-1,RACING,0,26.25,0.0926,2.054,1.800,99.000
1785589577.017,27.0267,7.1739,1.4372,1.8000,0.0658,0.1480,-1,RACING,0,26.25,0.0099,2.054,1.800,99.000
1785589577.067,27.0408,7.2644,1.4556,1.8000,0.0663,0.3029,-1,RACING,0,26.25,0.0902,2.054,1.800,99.000
1785589577.117,27.0481,7.3526,1.4734,1.8000,0.0662,0.3029,-1,RACING,0,26.50,0.0733,2.020,1.800,99.000
1785589577.167,27.0590,7.4425,1.4913,1.8000,0.0654,0.0211,-1,RACING,0,26.50,0.0220,2.020,1.800,99.000
1785589577.217,27.0608,7.5322,1.5095,1.8000,0.0667,0.0211,-1,RACING,0,26.50,0.1076,2.020,1.800,99.000
1785589577.267,27.0639,7.6230,1.5272,1.8000,0.0641,0.0343,-1,RACING,0,26.75,0.0524,2.020,1.800,99.000
1785589577.317,27.0670,7.7123,1.5446,1.8000,0.0634,0.0343,-1,RACING,0,26.75,0.0376,2.020,1.800,99.000
1785589577.367,27.0686,7.8035,1.5621,1.8000,0.0633,0.0330,-1,RACING,0,27.00,0.1218,2.002,1.800,99.000
1785589577.417,27.0668,7.8921,1.5793,1.8000,0.0639,0.0330,-1,RACING,0,27.00,0.0333,2.002,1.800,99.000
1785589577.467,27.0685,7.9821,1.5965,1.8000,0.0632,0.0297,-1,RACING,0,27.00,0.0569,2.002,1.800,99.000
1785589577.517,27.0675,8.0746,1.6143,1.8000,0.0654,0.0297,-1,RACING,0,27.25,0.1012,2.002,1.800,99.000
1785589577.568,27.0646,8.1620,1.6320,1.8000,0.0664,0.0662,-1,RACING,0,27.25,0.0157,2.002,1.800,99.000
1785589577.617,27.0583,8.2518,1.6503,1.8000,0.0671,0.0662,-1,RACING,0,27.25,0.0767,2.002,1.800,99.000
1785589577.667,27.0478,8.3409,1.6685,1.8000,0.0679,0.0400,-1,RACING,0,27.50,0.0842,2.002,1.800,99.000
1785589577.717,27.0478,8.3409,1.6685,1.8000,0.0671,0.0400,-1,RACING,0,27.50,0.0842,2.002,1.800,99.000
1785589577.767,27.0279,8.5216,1.7059,1.8000,0.0673,0.2910,-1,RACING,0,27.50,0.0976,2.002,1.800,99.000
1785589577.817,27.0162,8.6088,1.7244,1.8000,0.0692,0.2910,-1,RACING,0,27.75,0.0646,2.002,1.800,99.000
1785589577.868,26.9997,8.6977,1.7433,1.8000,0.0695,0.2370,-1,RACING,0,27.75,0.0259,2.002,1.800,99.000
1785589577.917,26.9828,8.7891,1.7630,1.8000,0.0688,0.2370,-1,RACING,0,27.75,0.1187,2.002,1.800,99.000
1785589577.967,26.9680,8.8749,1.7818,1.8000,0.0711,0.0462,-1,RACING,0,28.00,0.0442,2.002,1.800,99.000
1785589578.017,26.9490,8.9629,1.8016,1.8000,0.0721,0.0462,-1,RACING,0,28.00,0.0459,2.002,1.800,99.000
1785589578.067,26.9294,9.0497,1.8211,1.8000,0.0747,0.2098,-1,RACING,0,28.25,0.1152,2.002,1.800,99.000
1785589578.117,26.9060,9.1366,1.8415,1.8000,0.0756,0.2098,20,RACING,0,28.25,0.0252,2.002,1.800,99.000
1785589578.167,26.8833,9.2237,1.8624,1.8000,0.0756,0.2214,20,RACING,0,28.25,0.0648,2.002,1.800,99.000
1785589578.218,26.8602,9.3094,1.8838,1.8000,0.0787,0.2214,20,RACING,0,28.50,0.0967,2.002,1.800,99.000
1785589578.267,26.8304,9.3945,1.9053,1.8000,0.0798,0.0891,20,RACING,0,28.50,0.0067,2.002,1.800,99.000
1785589578.317,26.7999,9.4797,1.9272,1.8000,0.0795,0.0891,20,RACING,0,28.50,0.0840,2.002,1.800,99.000
1785589578.367,26.7653,9.5655,1.9502,1.8000,0.0822,0.0846,20,RACING,0,28.75,0.0735,2.002,1.800,99.000
1785589578.417,26.7329,9.6471,1.9721,1.8000,0.0818,0.0846,20,RACING,0,28.75,0.0144,2.002,1.800,99.000
1785589578.467,26.6973,9.7290,1.9943,1.8000,0.0822,0.0335,20,RACING,0,28.75,0.1036,2.002,1.800,99.000
1785589578.518,26.6599,9.8117,2.0171,1.8000,0.0851,0.0335,20,RACING,0,29.00,0.0555,2.002,1.800,99.000
1785589578.567,26.6190,9.8933,2.0408,1.8000,0.0858,0.0766,20,RACING,0,29.00,0.0361,2.002,1.800,99.000
1785589578.617,26.5788,9.9707,2.0635,1.8000,0.0856,0.0766,20,RACING,0,29.00,0.1232,2.002,1.800,99.000
1785589578.667,26.5349,10.0522,2.0954,1.8000,0.1130,0.2488,20,RACING,0,29.25,0.0345,2.002,1.800,1.928
1785589578.718,26.4865,10.1277,2.1257,1.8000,0.1101,0.2488,20,RACING,0,29.25,0.0564,2.002,1.800,1.928
1785589578.767,26.4405,10.2005,2.1621,1.6855,0.1377,0.1389,20,RACING,0,29.50,0.1085,2.002,1.800,1.685
1785589578.817,26.3956,10.2695,2.1959,1.6855,0.1323,0.1389,20,RACING,0,29.50,0.0282,2.002,1.800,1.685
1785589578.867,26.3451,10.3356,2.2345,1.5355,0.1533,0.0289,20,RACING,0,29.50,0.0604,2.002,1.800,1.477
1785589578.917,26.2977,10.3931,2.2692,1.4769,0.1494,0.0289,20,RACING,0,29.75,0.1191,2.002,1.800,1.477
1785589578.975,26.2977,10.3931,2.2692,1.4769,0.1424,0.0289,20,RACING,0,29.75,0.1191,2.002,1.800,1.477
1785589579.057,26.2977,10.3931,2.2692,1.4769,0.1424,0.0289,20,RACING,0,29.75,0.1191,2.002,1.800,1.477
1785589579.068,26.2308,10.4667,2.3141,1.4769,0.1424,0.0289,20,RACING,0,29.75,0.0370,2.002,1.800,1.477
1785589579.125,26.1500,10.5509,2.3677,1.4769,0.1248,0.0421,20,RACING,0,29.75,0.1085,2.002,1.800,1.477
1785589579.167,26.1394,10.5625,2.3753,1.3269,0.1507,0.1939,20,RACING,0,29.75,0.1235,2.002,1.800,1.054
1785589579.217,26.0373,10.6541,2.4269,1.1769,0.1851,0.1939,20,RACING,0,30.00,0.0607,2.002,1.800,1.054
1785589579.269,26.0003,10.6855,2.4452,1.1037,0.1692,0.0357,20,RACING,0,30.00,0.0850,2.002,1.800,1.104
1785589579.317,25.8922,10.7709,2.5072,0.9682,0.1816,0.0282,20,RACING,0,30.25,0.1010,2.014,1.800,0.968
1785589579.367,25.8540,10.7982,2.5333,0.9289,0.1828,0.1208,20,RACING,0,30.25,0.0915,2.014,1.800,0.929
1785589579.417,25.8162,10.8241,2.5580,0.9289,0.1760,0.1208,20,RACING,0,30.25,0.1049,2.014,1.800,0.929
1785589579.467,25.7759,10.8507,2.5780,1.0539,-0.0286,0.0288,20,RACING,0,30.25,0.1359,2.014,1.800,99.000
1785589579.517,25.7308,10.8800,2.5718,1.1789,-0.0400,0.0288,20,RACING,0,30.50,0.1549,2.070,1.800,99.000
1785589579.567,25.6784,10.9137,2.5643,1.3039,-0.0400,0.1381,20,RACING,0,30.50,0.1285,2.070,1.800,99.000
1785589579.617,25.6254,10.9497,2.5563,1.4289,-0.0400,0.1381,20,RACING,0,30.50,0.1287,2.070,1.800,99.000
1785589579.667,25.5648,10.9905,2.5475,1.5539,-0.0395,0.0318,20,RACING,0,30.50,0.1633,2.070,1.800,99.000
1785589579.717,25.4980,11.0347,2.5439,1.6789,-0.0150,0.0318,20,RACING,0,30.75,0.1537,1.935,1.800,99.000
1785589579.767,25.4278,11.0834,2.5400,1.8000,-0.0153,0.0788,20,RACING,0,30.75,0.1405,1.935,1.800,99.000
1785589579.817,25.3557,11.1343,2.5359,1.8000,-0.0151,0.0788,20,RACING,0,30.75,0.1756,1.935,1.800,99.000
1785589579.867,25.2812,11.1861,2.5359,1.8000,0.0045,0.0852,20,RACING,0,31.00,0.1444,1.671,1.800,99.000
1785589579.918,25.2099,11.2357,2.5359,1.6709,0.0052,0.0852,20,RACING,0,31.00,0.1397,1.671,1.800,99.000
1785589579.967,25.1418,11.2834,2.5359,1.6709,0.0060,0.0767,20,RACING,0,31.25,0.1775,1.352,1.800,99.000
1785589580.017,25.0736,11.3298,2.5409,1.5209,0.0203,0.0767,20,RACING,0,31.25,0.1301,1.352,1.800,99.000
1785589580.067,25.0137,11.3718,2.5455,1.3709,0.0201,0.0446,20,RACING,0,31.25,0.1231,1.352,1.800,99.000
1785589580.118,24.9581,11.4095,2.5497,1.3521,0.0205,0.0446,20,RACING,0,31.25,0.1523,1.352,1.800,99.000
1785589580.168,24.9581,11.4095,2.5497,1.3521,0.0279,0.0591,20,RACING,0,31.25,0.1523,1.352,1.800,99.000
1785589580.339,24.9002,11.4475,2.5539,1.2021,0.0285,0.0591,20,RACING,0,31.50,0.1320,1.142,1.800,99.000
1785589580.342,24.9002,11.4475,2.5539,1.2021,0.0285,0.0591,20,RACING,0,31.50,0.1320,1.142,1.800,99.000
1785589580.343,24.9002,11.4475,2.5539,1.2021,0.0285,0.0591,20,RACING,0,31.50,0.1320,1.142,1.800,99.000
1785589580.367,24.9002,11.4475,2.5539,1.1415,0.0285,0.0539,20,RACING,0,31.50,0.1320,1.142,1.800,99.000
1785589580.418,24.6943,11.5809,2.5746,1.1415,0.0315,0.0246,20,RACING,0,31.75,0.1174,1.142,1.800,99.000
1785589580.468,24.6433,11.6132,2.5804,1.1415,0.0315,0.2089,20,RACING,0,31.75,0.0831,1.142,1.800,99.000
1785589580.517,24.5932,11.6439,2.5859,1.1415,0.0313,0.2089,20,RACING,0,31.75,0.0858,1.142,1.800,99.000
1785589580.568,24.5480,11.6721,2.5910,1.1415,0.0299,0.0848,20,RACING,0,31.75,0.1171,1.142,1.800,99.000
1785589580.618,24.5016,11.7015,2.5961,1.1415,0.0302,0.0848,20,RACING,0,32.00,0.1204,1.142,1.800,99.000
1785589580.667,24.4524,11.7312,2.6014,1.1415,0.0302,0.1140,20,RACING,0,32.00,0.0743,1.142,1.800,99.000
1785589580.715,24.4033,11.7604,2.6066,1.1415,0.0302,0.1140,20,RACING,0,32.00,0.0562,1.142,1.800,99.000
1785589580.765,24.3576,11.7880,2.6116,1.1415,0.0252,0.0251,20,RACING,0,32.00,0.0826,1.142,1.800,99.000
1785589580.815,24.3060,11.8176,2.6161,1.1415,0.0251,0.0251,20,RACING,0,32.25,0.1319,1.142,1.800,99.000
1785589580.865,24.2575,11.8461,2.6204,1.1415,0.0252,0.0500,20,RACING,0,32.25,0.0787,1.142,1.800,99.000
1785589580.915,24.2082,11.8744,2.6248,1.1415,0.0253,0.0500,20,RACING,0,32.25,0.0362,1.142,1.800,99.000
1785589580.965,24.1587,11.9027,2.6292,1.1415,0.0254,0.0730,20,RACING,0,32.25,0.0541,1.142,1.800,99.000
1785589581.016,24.1080,11.9306,2.6336,1.1415,0.0158,0.0730,20,RACING,0,32.25,0.1062,1.142,1.800,99.000
1785589581.065,24.0575,11.9591,2.6364,1.1415,0.0159,0.0569,20,RACING,0,32.50,0.0913,1.142,1.800,99.000
1785589581.116,24.0080,11.9858,2.6390,1.1415,0.0157,0.0569,20,RACING,0,32.50,0.0368,1.142,1.800,99.000
1785589581.165,23.9575,12.0131,2.6417,1.1415,0.0156,0.1111,20,RACING,0,32.50,0.0275,1.142,1.800,99.000
1785589581.215,23.9061,12.0405,2.6444,1.1415,0.0018,0.1111,20,RACING,0,32.50,0.0831,1.142,1.800,99.000
1785589581.266,23.8544,12.0677,2.6444,1.1415,0.0017,0.0822,20,RACING,0,32.75,0.1092,1.142,1.800,99.000
1785589581.315,23.8042,12.0952,2.6444,1.1415,0.0019,0.0822,20,RACING,0,32.75,0.0520,1.142,1.800,99.000
1785589581.365,23.7565,12.1220,2.6444,1.1415,0.0024,0.0884,20,RACING,0,32.75,0.0043,1.142,1.800,99.000
1785589581.415,23.7070,12.1492,2.6444,1.1415,-0.0177,0.0884,20,RACING,0,32.75,0.0593,1.142,1.800,99.000
1785589581.465,23.6550,12.1769,2.6413,1.1415,-0.0180,0.0570,20,RACING,0,32.75,0.1181,1.142,1.800,99.000
1785589581.516,23.6060,12.2040,2.6383,1.1415,-0.0179,0.0570,20,RACING,0,33.00,0.0780,1.142,1.800,99.000
1785589581.565,23.5552,12.2318,2.6351,1.1415,-0.0180,0.1632,20,RACING,0,33.00,0.0268,1.142,1.800,99.000
1785589581.615,23.5055,12.2595,2.6321,1.1415,-0.0180,0.1632,20,RACING,0,33.00,0.0447,1.142,1.800,99.000
1785589581.666,23.4515,12.2881,2.6289,1.1415,-0.0535,0.1495,20,RACING,0,33.00,0.1026,1.142,1.800,99.000
1785589581.716,23.4018,12.3156,2.6199,1.1415,-0.0538,0.1495,20,RACING,0,33.25,0.0983,1.142,1.800,99.000
1785589581.773,23.3523,12.3442,2.6106,1.1415,-0.0539,0.1495,20,RACING,0,33.25,0.0497,1.142,1.800,99.000
1785589581.818,23.3523,12.3442,2.6106,1.1415,-0.0539,0.1495,20,RACING,0,33.25,0.0497,1.142,1.800,99.000
1785589581.875,23.2436,12.4086,2.5901,1.1415,-0.0539,0.1495,20,RACING,0,33.25,0.0995,1.142,1.800,2.443
1785589581.916,23.1693,12.4550,2.5758,1.1415,-0.0539,0.2139,20,RACING,0,33.50,0.0877,1.142,1.800,2.443
1785589581.966,23.1523,12.4654,2.5726,1.1415,-0.1177,0.0552,20,RACING,0,33.50,0.0732,1.142,1.800,2.298
1785589582.016,23.1083,12.4947,2.5569,1.1415,-0.1745,0.0552,20,RACING,0,33.50,0.0568,1.142,1.800,2.298
1785589582.066,23.0589,12.5281,2.5280,1.1415,-0.1787,0.0413,20,RACING,0,33.50,0.0871,1.142,1.800,2.099
1785589582.115,23.0139,12.5611,2.4974,1.1415,-0.1784,0.0413,20,RACING,0,33.50,0.1354,1.142,1.800,2.099
1785589582.166,22.9713,12.5956,2.4667,1.1415,-0.2254,0.0904,20,RACING,0,33.75,0.1089,1.142,1.800,2.063
1785589582.217,22.9264,12.6325,2.4276,1.1415,-0.2258,0.0904,20,RACING,0,33.75,0.0879,1.142,1.800,2.063
1785589582.265,22.8846,12.6711,2.3877,1.1415,-0.2284,0.0648,20,RACING,0,33.75,0.1038,1.142,1.800,2.003
1785589582.316,22.8428,12.7103,2.3478,1.1415,-0.2569,0.0648,20,RACING,0,33.75,0.1431,1.142,1.800,2.003
1785589582.366,22.8021,12.7520,2.3023,1.1415,-0.2591,0.0785,20,RACING,0,34.00,0.1482,1.142,1.800,1.952
1785589582.423,22.7630,12.7977,2.2535,1.1415,-0.2583,0.0785,20,RACING,0,34.00,0.1350,1.142,1.800,1.952
1785589582.466,22.7278,12.8412,2.2090,1.1415,-0.2839,0.0523,20,RACING,0,34.00,0.1473,1.142,1.800,1.336
1785589582.516,22.6960,12.8866,2.1638,1.1415,-0.2916,0.0523,20,RACING,0,34.00,0.1797,1.142,1.800,1.336
1785589582.565,22.6656,12.9342,2.1176,1.1415,-0.2730,0.0607,20,RACING,0,34.24,0.1971,1.142,1.800,1.847
1785589582.616,22.6358,12.9842,2.0708,1.1415,-0.2734,0.0607,20,RACING,0,34.24,0.1909,1.142,1.800,1.847
1785589582.666,22.6114,13.0354,2.0237,1.1415,-0.2727,0.1092,20,RACING,0,34.24,0.2063,1.142,1.800,1.848
1785589582.717,22.5679,13.1396,1.9308,1.1415,-0.2701,0.1092,20,RACING,0,34.24,0.2334,1.142,1.800,1.848
1785589582.766,22.5679,13.1396,1.9308,0.9915,-0.3038,0.0603,20,RACING,0,34.49,0.2334,1.142,1.800,0.951
1785589582.815,22.5492,13.1901,1.8873,0.9512,-0.3038,0.0603,20,RACING,0,34.49,0.2325,1.142,1.800,0.951
1785589582.866,22.5350,13.2350,1.8490,1.0762,-0.2713,0.1822,20,RACING,0,34.49,0.2439,1.142,1.800,1.799
1785589582.915,22.5222,13.2839,1.8075,1.2012,-0.2591,0.1822,20,RACING,0,34.74,0.2343,1.203,1.800,1.799
1785589582.965,22.5099,13.3408,1.7608,1.2026,-0.2430,0.0775,20,RACING,0,34.74,0.2173,1.203,1.800,99.000
1785589583.016,22.5012,13.4011,1.7148,1.2026,-0.2426,0.0775,20,RACING,0,34.74,0.2197,1.203,1.800,99.000
1785589583.066,22.4920,13.4594,1.6706,1.3276,-0.2479,0.1081,20,RACING,0,34.99,0.1995,1.489,1.800,2.026
1785589583.115,22.4887,13.5247,1.6199,1.4526,-0.2469,0.1081,20,RACING,0,34.99,0.1659,1.489,1.800,2.026
1785589583.166,22.4879,13.5936,1.5672,1.4894,-0.2294,0.0230,20,RACING,0,34.99,0.1571,1.489,1.800,1.939
1785589583.216,22.4893,13.6691,1.5138,1.6144,-0.2285,0.0230,20,RACING,0,35.24,0.1558,1.783,1.800,1.939
1785589583.266,22.4949,13.7471,1.4587,1.7394,-0.2172,0.0303,20,RACING,0,35.24,0.0955,1.783,1.800,2.119
1785589583.315,22.5090,13.8304,1.4022,1.7829,-0.1903,0.0303,20,RACING,0,35.24,0.0881,1.783,1.800,2.119
1785589583.365,22.5285,13.9177,1.3504,1.8000,-0.1886,0.0454,20,RACING,0,35.49,0.1123,2.000,1.800,2.213
1785589583.416,22.5509,14.0050,1.2983,1.8000,-0.1885,0.0454,20,RACING,0,35.49,0.0250,2.000,1.800,2.213
1785589583.465,22.5777,14.0910,1.2464,1.8000,-0.1599,0.0807,20,RACING,0,35.49,0.0706,2.000,1.800,99.000
1785589583.516,22.6079,14.1773,1.2014,1.8000,-0.1601,0.0807,20,RACING,0,35.74,0.0954,2.141,1.800,99.000
1785589583.567,22.6415,14.2590,1.1584,1.8000,-0.1602,0.0919,20,RACING,0,35.74,0.0460,2.141,1.800,99.000
1785589583.616,22.6807,14.3407,1.1143,1.8000,-0.1306,0.0919,20,RACING,0,35.74,0.1035,2.141,1.800,99.000
1785589583.665,22.7204,14.4208,1.0785,1.8000,-0.1309,0.0852,20,RACING,0,35.99,0.1120,2.183,1.800,99.000
1785589583.716,22.7636,14.5001,1.0422,1.8000,-0.1311,0.0852,20,RACING,0,35.99,0.0917,2.183,1.800,99.000
1785589583.765,22.8070,14.5762,1.0065,1.8000,-0.1028,0.1948,20,RACING,0,35.99,0.1403,2.183,1.800,99.000
1785589583.815,22.8577,14.6527,0.9779,1.8000,-0.1026,0.1948,20,RACING,0,36.24,0.1310,2.077,1.800,99.000
1785589583.866,22.9069,14.7263,0.9499,1.8000,-0.1031,0.0541,20,RACING,0,36.24,0.1230,2.077,1.800,99.000
1785589583.916,22.9608,14.7977,0.9221,1.8000,-0.0755,0.0541,20,RACING,0,36.24,0.1666,2.077,1.800,99.000
1785589583.966,23.0172,14.8686,0.9015,1.8000,-0.0752,0.1788,20,RACING,0,36.49,0.1381,1.977,1.800,99.000
1785589584.015,23.0729,14.9388,0.8809,1.8000,-0.0754,0.1788,20,RACING,0,36.49,0.1367,1.977,1.800,99.000
1785589584.065,23.1313,15.0078,0.8602,1.8000,-0.0506,0.0510,20,RACING,0,36.74,0.1806,1.873,1.800,99.000
1785589584.116,23.1909,15.0754,0.8464,1.8000,-0.0505,0.0510,20,RACING,0,36.74,0.1358,1.873,1.800,99.000
1785589584.166,23.2531,15.1422,0.8327,1.8000,-0.0307,0.1298,20,RACING,0,36.74,0.1415,1.873,1.800,99.000
1785589584.216,23.3147,15.2086,0.8243,1.7454,-0.0306,0.1298,20,RACING,0,36.99,0.1628,1.745,1.800,99.000
1785589584.266,23.3731,15.2727,0.8162,1.7454,-0.0310,0.1256,20,RACING,0,36.99,0.1266,1.745,1.800,99.000
1785589584.316,23.4329,15.3366,0.8079,1.7454,-0.0141,0.1256,20,RACING,0,36.99,0.1428,1.745,1.800,99.000
1785589584.366,23.4920,15.3988,0.8042,1.6656,-0.0142,0.1152,20,RACING,0,37.24,0.1519,1.666,1.800,99.000
1785589584.416,23.5529,15.4592,0.8006,1.6656,-0.0135,0.1152,20,RACING,0,37.24,0.1154,1.666,1.800,99.000
1785589584.466,23.6133,15.5188,0.7972,1.6656,0.0018,0.0428,20,RACING,0,37.24,0.1345,1.666,1.800,99.000
1785589584.515,23.6730,15.5788,0.7972,1.6201,0.0023,0.0428,20,RACING,0,37.49,0.1365,1.620,1.800,99.000
1785589584.565,23.7280,15.6363,0.7972,1.6201,0.0023,0.1143,20,RACING,0,37.49,0.1021,1.620,1.800,99.000
1785589584.616,23.7833,15.6943,0.7972,1.6201,0.0147,0.1143,20,RACING,0,37.49,0.1224,1.620,1.800,99.000
1785589584.665,23.8410,15.7534,0.8009,1.6201,0.0148,0.1098,20,RACING,0,37.74,0.1334,1.620,1.800,99.000
1785589584.715,23.8972,15.8119,0.8046,1.6201,0.0147,0.1098,20,RACING,0,37.74,0.0913,1.620,1.800,99.000
1785589584.765,23.9529,15.8693,0.8081,1.6201,0.0262,0.0576,20,RACING,0,37.74,0.1087,1.620,1.800,99.000
1785589584.815,24.0119,15.9287,0.8146,1.6201,0.0270,0.0576,20,RACING,0,37.99,0.1273,1.620,1.800,99.000
1785589584.866,24.0644,15.9871,0.8211,1.6201,0.0262,0.1809,20,RACING,0,37.99,0.0805,1.620,1.800,99.000
1785589584.915,24.1183,16.0468,0.8276,1.6201,0.0366,0.1809,20,RACING,0,37.99,0.0963,1.620,1.800,99.000
1785589584.965,24.1741,16.1063,0.8365,1.6201,0.0370,0.0762,20,RACING,0,38.24,0.1286,1.620,1.800,99.000
1785589585.015,24.2297,16.1683,0.8458,1.6201,0.0371,0.0762,20,RACING,0,38.24,0.0712,1.620,1.800,99.000
1785589585.066,24.2821,16.2276,0.8547,1.6201,0.0484,0.1151,20,RACING,0,38.24,0.0843,1.620,1.800,99.000
1785589585.115,24.3337,16.2889,0.8666,1.6201,0.0480,0.1151,20,RACING,0,38.49,0.1294,1.620,1.800,99.000
1785589585.166,24.3855,16.3514,0.8785,1.6201,0.0478,0.0837,20,RACING,0,38.49,0.0680,1.620,1.800,99.000
1785589585.215,24.4394,16.4135,0.8901,1.6201,0.0615,0.0837,20,RACING,0,38.49,0.0745,1.620,1.800,99.000
1785589585.265,24.4901,16.4771,0.9052,1.6201,0.0614,0.1218,20,RACING,0,38.74,0.1291,1.620,1.800,99.000
1785589585.316,24.5349,16.5418,0.9205,1.6201,0.0596,0.1218,20,RACING,0,38.74,0.0680,1.620,1.800,99.000
1785589585.368,24.5839,16.6101,0.9359,1.6201,0.0749,0.1182,20,RACING,0,38.74,0.0727,1.620,1.800,99.000
1785589585.416,24.6294,16.6717,0.9532,1.6201,0.0752,0.1182,20,RACING,0,38.74,0.1344,1.620,1.800,99.000
1785589585.466,24.6723,16.7377,0.9716,1.6201,0.0740,0.0960,20,RACING,0,38.99,0.0740,1.620,1.800,99.000
1785589585.515,24.7174,16.8058,0.9900,1.6201,0.0938,0.0960,20,RACING,0,38.99,0.0673,1.620,1.800,99.000
1785589585.565,24.7590,16.8736,1.0129,1.6201,0.0932,0.0681,20,RACING,0,38.99,0.1293,1.620,1.800,99.000
1785589585.617,24.8005,16.9424,1.0358,1.6201,0.0930,0.0681,20,RACING,0,39.24,0.0803,1.620,1.800,99.000
1785589585.665,24.8437,17.0146,1.0593,1.6201,0.1159,0.1019,20,RACING,0,39.24,0.0685,1.620,1.800,99.000
1785589585.716,24.8810,17.0848,1.0874,1.6201,0.1156,0.1019,20,RACING,0,39.24,0.1286,1.620,1.800,99.000
1785589585.766,24.9171,17.1568,1.1158,1.6201,0.1154,0.1119,20,RACING,0,39.49,0.0855,1.620,1.800,99.000
1785589585.816,24.9506,17.2303,1.1443,1.6201,0.1368,0.1119,20,RACING,0,39.49,0.0747,1.620,1.800,99.000
1785589585.865,24.9827,17.3040,1.1778,1.6201,0.1368,0.2104,20,RACING,0,39.49,0.1304,1.620,1.800,2.257
1785589585.916,25.0123,17.3795,1.2117,1.6201,0.1367,0.2104,20,RACING,0,39.74,0.0949,1.620,1.800,2.257
1785589585.965,25.0401,17.4570,1.2461,1.6201,0.1557,0.0204,20,RACING,0,39.74,0.0844,1.620,1.800,2.301
1785589586.016,25.0663,17.5329,1.2839,1.6201,0.1566,0.0204,20,RACING,0,39.74,0.1361,1.620,1.800,2.301
1785589586.065,25.0885,17.6117,1.3229,1.6201,0.1568,0.1481,20,RACING,0,39.99,0.1001,1.620,1.800,2.238
1785589586.115,25.1074,17.6908,1.3617,1.6201,0.1701,0.1481,20,RACING,0,39.99,0.0933,1.620,1.800,2.238
1785589586.166,25.1213,17.7698,1.4037,1.6201,0.1697,0.1197,20,RACING,0,39.99,0.1456,1.620,1.800,2.223
1785589586.217,25.1343,17.8509,1.4463,1.6201,0.1701,0.1197,20,RACING,0,40.24,0.1045,1.620,1.800,2.223
1785589586.265,25.1445,17.9313,1.4882,1.6201,0.1773,0.0790,20,RACING,0,40.24,0.1010,1.620,1.800,2.187
1785589586.315,25.1483,18.0122,1.5320,1.6201,0.1771,0.0790,20,RACING,0,40.49,0.1528,1.620,1.800,2.187
1785589586.365,25.1485,18.0923,1.5755,1.6201,0.1766,0.1684,20,RACING,0,40.49,0.1016,1.620,1.800,2.188
1785589586.415,25.1473,18.1753,1.6203,1.6201,0.1774,0.1684,20,RACING,0,40.49,0.1031,1.620,1.800,2.188
1785589586.466,25.1429,18.2542,1.6634,1.6247,0.1777,0.0205,20,RACING,0,40.74,0.1414,1.625,1.800,2.231
1785589586.516,25.1310,18.3349,1.7077,1.6247,0.1769,0.0205,20,RACING,0,40.74,0.0882,1.625,1.800,2.231
1785589586.565,25.1214,18.4151,1.7516,1.6247,0.1728,0.2403,20,RACING,0,40.74,0.0919,1.625,1.800,2.325
1785589586.615,25.1063,18.4947,1.7947,1.7220,0.1730,0.2403,20,RACING,0,40.99,0.1269,1.722,1.800,2.325
1785589586.665,25.0835,18.5766,1.8395,1.7220,0.1725,0.0737,20,RACING,0,40.99,0.0646,1.722,1.800,2.353
1785589586.715,25.0586,18.6589,1.8849,1.7220,0.1632,0.0737,20,RACING,0,40.99,0.0838,1.722,1.800,2.353
1785589586.766,25.0326,18.7402,1.9278,1.8000,0.1636,0.0403,20,RACING,0,41.24,0.1042,1.826,1.800,2.377
1785589586.816,24.9974,18.8235,1.9729,1.8000,0.1631,0.0403,20,RACING,0,41.24,0.0337,1.826,1.800,2.377
1785589586.866,24.9579,18.9057,2.0178,1.8000,0.1504,0.0565,20,RACING,0,41.24,0.0904,1.826,1.800,2.476
1785589586.915,24.9174,18.9873,2.0598,1.8000,0.1505,0.0565,20,RACING,0,41.49,0.0729,1.891,1.800,2.476
1785589586.966,24.8763,19.0644,2.1005,1.8000,0.1509,0.0388,20,RACING,0,41.49,0.0164,1.891,1.800,99.000
1785589587.016,24.8230,19.1453,2.1443,1.8000,0.1359,0.0388,20,RACING,0,41.49,0.1124,1.891,1.800,99.000
1785589587.066,24.7791,19.2162,2.1797,1.8000,0.1365,0.0517,20,RACING,0,41.74,0.0566,1.953,1.800,99.000
1785589587.116,24.7238,19.2891,2.2172,1.8000,0.1361,0.0517,20,RACING,0,41.74,0.0402,1.953,1.800,99.000
1785589587.166,24.6668,19.3595,2.2543,1.8000,0.1207,0.0564,20,RACING,0,41.99,0.1271,2.037,1.800,99.000
1785589587.216,24.6092,19.4285,2.2874,1.8000,0.1208,0.0564,20,RACING,0,41.99,0.0470,2.037,1.800,99.000
1785589587.265,24.5523,19.4950,2.3204,1.8000,0.1213,0.0714,20,RACING,0,41.99,0.0638,2.037,1.800,99.000
1785589587.315,24.4875,19.5604,2.3538,1.8000,0.1057,0.0714,20,RACING,0,42.24,0.1167,2.116,1.800,99.000
1785589587.366,24.4242,19.6232,2.3869,1.8000,0.1037,0.1537,20,RACING,0,42.24,0.0512,2.116,1.800,99.000
1785589587.416,24.3600,19.6840,2.4153,1.8000,0.0914,0.1537,20,RACING,0,42.24,0.0851,2.116,1.800,99.000
1785589587.465,24.2903,19.7427,2.4403,1.8000,0.0912,0.1948,20,RACING,0,42.49,0.1076,2.133,1.800,99.000
1785589587.516,24.2196,19.7999,2.4652,1.8000,0.0910,0.1948,20,RACING,0,42.49,0.0549,2.133,1.800,99.000
1785589587.565,24.1492,19.8554,2.4901,1.8000,0.0792,0.0569,20,RACING,0,42.49,0.1032,2.133,1.800,99.000
1785589587.616,24.0760,19.9102,2.5121,1.8000,0.0792,0.0569,20,RACING,0,42.74,0.0945,2.178,1.800,99.000
1785589587.665,24.0027,19.9615,2.5334,1.8000,0.0791,0.0338,20,RACING,0,42.74,0.0601,2.178,1.800,99.000
1785589587.716,23.9286,20.0128,2.5553,1.8000,0.0683,0.0338,20,RACING,0,42.74,0.1200,2.178,1.800,99.000
1785589587.766,23.8536,20.0618,2.5739,1.8000,0.0684,0.0897,20,RACING,0,42.99,0.0832,2.218,1.800,99.000
1785589587.817,23.7782,20.1095,2.5926,1.8000,0.0685,0.0897,20,RACING,0,42.99,0.0672,2.218,1.800,99.000
1785589587.866,23.7024,20.1550,2.6110,1.8000,0.0588,0.2030,20,RACING,0,42.99,0.1327,2.218,1.800,99.000
1785589587.916,23.6257,20.2000,2.6271,1.8000,0.0590,0.2030,20,RACING,0,43.24,0.0731,2.225,1.800,99.000
1785589587.966,23.5473,20.2437,2.6432,1.8000,0.0591,0.1053,20,RACING,0,43.24,0.0734,2.225,1.800,99.000
1785589588.015,23.4674,20.2865,2.6595,1.8000,0.0507,0.1053,20,RACING,0,43.49,0.1280,2.268,1.800,99.000
1785589588.066,23.3857,20.3272,2.6732,1.8000,0.0504,0.0583,20,RACING,0,43.49,0.0583,2.268,1.800,99.000
1785589588.115,23.3002,20.3676,2.6871,1.8000,0.0440,0.0583,20,RACING,0,43.49,0.0854,2.268,1.800,99.000
1785589588.165,23.2193,20.4065,2.6990,1.8000,0.0440,0.1660,20,RACING,0,43.74,0.1028,2.268,1.800,99.000
1785589588.216,23.1365,20.4449,2.7112,1.8000,0.0440,0.1660,20,RACING,0,43.74,0.0449,2.268,1.800,99.000
1785589588.265,23.0547,20.4819,2.7231,1.8000,0.0392,0.0331,20,RACING,0,43.74,0.0988,2.268,1.800,99.000
1785589588.316,22.9757,20.5177,2.7337,1.8000,0.0395,0.0331,20,RACING,0,43.99,0.0858,2.268,1.800,99.000
1785589588.366,22.8910,20.5530,2.7445,1.8000,0.0393,0.0986,20,RACING,0,43.99,0.0421,2.268,1.800,99.000
1785589588.415,22.8063,20.5875,2.7553,1.8000,0.0355,0.0986,20,RACING,0,43.99,0.1136,2.268,1.800,99.000
1785589588.465,22.7262,20.6208,2.7649,1.8000,0.0357,0.0601,20,RACING,0,44.24,0.0662,2.287,1.800,99.000
1785589588.515,22.6397,20.6540,2.7748,1.8000,0.0356,0.0601,20,RACING,0,44.24,0.0485,2.287,1.800,99.000
1785589588.565,22.5540,20.6856,2.7844,1.8000,0.0326,0.0284,20,RACING,0,44.49,0.1265,2.280,1.800,99.000
1785589588.615,22.4719,20.7165,2.7933,1.8000,0.0328,0.0284,20,RACING,0,44.49,0.0452,2.280,1.800,99.000
1785589588.665,22.3853,20.7468,2.8022,1.8000,0.0310,0.0580,20,RACING,0,44.49,0.0615,2.280,1.800,99.000
1785589588.715,22.3017,20.7768,2.8107,1.8000,0.0311,0.0580,20,RACING,0,44.74,0.1082,2.280,1.800,99.000
1785589588.766,22.2153,20.8061,2.8194,1.8000,0.0311,0.2109,20,RACING,0,44.74,0.0265,2.280,1.800,99.000
1785589588.816,22.1352,20.8336,2.8277,1.8000,0.0303,0.2109,20,RACING,0,44.74,0.0734,2.280,1.800,99.000
1785589588.865,22.0524,20.8612,2.8360,1.8000,0.0305,0.0696,20,RACING,0,44.99,0.0951,2.276,1.800,99.000
1785589588.915,21.9643,20.8878,2.8442,1.8000,0.0303,0.0696,20,RACING,0,44.99,0.0181,2.276,1.800,99.000
1785589588.965,21.8784,20.9136,2.8525,1.8000,0.0297,0.1629,20,RACING,0,44.99,0.0901,2.276,1.800,99.000
1785589589.015,21.7923,20.9389,2.8606,1.8000,0.0298,0.1629,20,RACING,0,45.24,0.0735,2.276,1.800,99.000
1785589589.065,21.7048,20.9638,2.8688,1.8000,0.0298,0.1088,20,RACING,0,45.24,0.0230,2.276,1.800,99.000
1785589589.116,21.6165,20.9879,2.8770,1.8000,0.0297,0.1088,20,RACING,0,45.24,0.1110,2.276,1.800,99.000
1785589589.173,21.5294,21.0109,2.8850,1.8000,0.0296,0.1987,20,RACING,0,45.49,0.0507,2.272,1.800,99.000
1785589589.231,21.3481,21.0557,2.9014,1.8000,0.0299,0.1987,20,RACING,0,45.74,0.1133,2.272,1.800,99.000
1785589589.265,21.3481,21.0557,2.9014,1.8000,0.0298,0.0826,20,RACING,0,45.74,0.1133,2.272,1.800,99.000
1785589589.315,21.2593,21.0764,2.9094,1.8000,0.0297,0.0826,20,RACING,0,45.74,0.0225,2.272,1.800,99.000
1785589589.365,21.1720,21.0969,2.9176,1.8000,0.0306,0.0242,20,RACING,0,45.74,0.0678,2.272,1.800,99.000
1785589589.416,21.0850,21.1161,2.9257,1.8000,0.0305,0.0242,20,RACING,0,45.99,0.0933,2.268,1.800,99.000
1785589589.465,20.9979,21.1350,2.9341,1.8000,0.0306,0.1872,20,RACING,0,45.99,0.0044,2.268,1.800,99.000
1785589589.516,20.9103,21.1532,2.9424,1.8000,0.0315,0.1872,20,RACING,0,45.99,0.0853,2.268,1.800,99.000
1785589589.566,20.8210,21.1708,2.9511,1.8000,0.0315,0.1126,20,RACING,0,46.24,0.0737,2.263,1.800,99.000
1785589589.615,20.7343,21.1872,2.9596,1.8000,0.0315,0.1126,20,RACING,0,46.24,0.0146,2.263,1.800,99.000
1785589589.665,20.6444,21.2035,2.9684,1.8000,0.0327,0.3696,20,RACING,0,46.24,0.1059,2.263,1.800,99.000
1785589589.716,20.5610,21.2182,2.9771,1.8000,0.0327,0.3696,20,RACING,0,46.49,0.0594,2.263,1.800,99.000
1785589589.765,20.4723,21.2326,2.9861,1.8000,0.0327,0.1007,20,RACING,0,46.49,0.0305,2.263,1.800,99.000
1785589589.816,20.3817,21.2462,2.9951,1.8000,0.0338,0.1007,20,RACING,0,46.49,0.1221,2.263,1.800,99.000
1785589589.865,20.2900,21.2591,3.0044,1.8000,0.0338,0.1593,20,RACING,0,46.74,0.0354,2.256,1.800,99.000
1785589589.915,20.2011,21.2707,3.0134,1.8000,0.0348,0.1593,20,RACING,0,46.74,0.0545,2.256,1.800,99.000
1785589589.965,20.1107,21.2818,3.0229,1.8000,0.0348,0.1261,20,RACING,0,46.99,0.1045,2.256,1.800,99.000
1785589590.016,20.0213,21.2921,3.0325,1.8000,0.0348,0.1261,20,RACING,0,46.99,0.0150,2.256,1.800,99.000
1785589590.065,19.9343,21.3014,3.0419,1.8000,0.0359,0.0308,20,RACING,0,46.99,0.0732,2.256,1.800,99.000
1785589590.116,19.8443,21.3099,3.0517,1.8000,0.0359,0.0308,20,RACING,0,47.24,0.0866,2.250,1.800,99.000
1785589590.166,19.7537,21.3175,3.0616,1.8000,0.0359,0.1324,20,RACING,0,47.24,0.0063,2.250,1.800,99.000
1785589590.216,19.6637,21.3243,3.0715,1.8000,0.0369,0.1324,20,RACING,0,47.24,0.0949,2.250,1.800,99.000
1785589590.265,19.5747,21.3301,3.0814,1.8000,0.0369,0.0398,20,RACING,0,47.49,0.0661,2.250,1.800,99.000
1785589590.315,19.4854,21.3351,3.0916,1.8000,0.0369,0.0398,20,RACING,0,47.49,0.0240,2.250,1.800,99.000
1785589590.366,19.3958,21.3392,3.1016,1.8000,0.0380,0.1043,20,RACING,0,47.49,0.1133,2.250,1.800,99.000
1785589590.415,19.3061,21.3424,3.1122,1.8000,0.0379,0.1043,20,RACING,0,47.74,0.0472,2.246,1.800,99.000
1785589590.465,19.2181,21.3445,3.1223,1.8000,0.0379,0.0739,20,RACING,0,47.74,0.0414,2.246,1.800,99.000
1785589590.516,19.1298,21.3458,3.1326,1.8000,0.0388,0.0739,20,RACING,0,47.99,0.1206,2.246,1.800,99.000
1785589590.566,19.0382,21.3462,-3.1400,1.8000,0.0389,0.0356,20,RACING,0,47.99,0.0292,2.246,1.800,99.000
1785589590.616,18.9465,21.3455,-3.1288,1.8000,0.0396,0.0356,20,RACING,0,47.99,0.0630,2.246,1.800,99.000
1785589590.665,18.8627,21.3439,-3.1186,1.8000,0.0395,0.0619,20,RACING,0,48.24,0.1033,2.246,1.800,99.000
1785589590.715,18.7719,21.3413,-3.1078,1.8000,0.0396,0.0619,20,RACING,0,48.24,0.0131,2.246,1.800,99.000
1785589590.765,18.6791,21.3377,-3.0965,1.8000,0.0403,0.0607,20,RACING,0,48.24,0.0807,2.246,1.800,99.000
1785589590.816,18.5906,21.3333,-3.0860,1.8000,0.0406,0.0607,20,RACING,0,48.49,0.0808,2.245,1.800,99.000
1785589590.865,18.4999,21.3279,-3.0750,1.8000,0.0407,0.1816,20,RACING,0,48.49,0.0110,2.245,1.800,2.282
1785589590.916,18.4079,21.3214,-3.0639,1.8000,0.0416,0.1816,20,RACING,0,48.49,0.1024,2.245,1.800,2.282
1785589590.966,18.3169,21.3138,-3.0524,1.8000,0.0417,0.0936,20,RACING,0,48.74,0.0563,2.245,1.800,99.000
1785589591.015,18.2294,21.3054,-3.0411,1.8000,0.0415,0.0936,20,RACING,0,48.74,0.0319,2.245,1.800,99.000
1785589591.065,18.1421,21.2959,-3.0298,1.8000,0.0420,0.1282,20,RACING,0,48.74,0.1196,2.245,1.800,99.000
1785589591.116,18.0546,21.2853,-3.0182,1.8000,0.0417,0.1282,20,RACING,0,48.99,0.0424,2.244,1.800,99.000
1785589591.165,17.9630,21.2736,-3.0068,1.8000,0.0426,0.0564,20,RACING,0,48.99,0.0504,2.244,1.800,99.000
1785589591.215,17.8748,21.2611,-2.9953,1.8000,0.0426,0.0564,20,RACING,0,49.24,0.1107,2.244,1.800,99.000
1785589591.266,17.7880,21.2475,-2.9837,1.8000,0.0424,0.0204,20,RACING,0,49.24,0.0231,2.244,1.800,2.162
1785589591.316,17.6960,21.2325,-2.9719,1.8000,0.0432,0.0204,20,RACING,0,49.24,0.0706,2.244,1.800,2.162
1785589591.366,17.6106,21.2171,-2.9603,1.8000,0.0430,0.1118,20,RACING,0,49.49,0.0927,2.244,1.800,99.000
1785589591.417,17.5220,21.2003,-2.9486,1.8000,0.0430,0.1118,20,RACING,0,49.49,0.0045,2.244,1.800,99.000
1785589591.466,17.4329,21.1824,-2.9367,1.8000,0.0436,0.0239,20,RACING,0,49.49,0.0885,2.244,1.800,99.000
1785589591.517,17.3447,21.1637,-2.9250,1.8000,0.0436,0.0239,20,RACING,0,49.74,0.0715,2.244,1.800,99.000
1785589591.567,17.2560,21.1434,-2.9128,1.8000,0.0437,0.0318,20,RACING,0,49.74,0.0200,2.244,1.800,99.000
1785589591.615,17.1702,21.1229,-2.9011,1.8000,0.0441,0.0318,20,RACING,0,49.74,0.1080,2.244,1.800,99.000
1785589591.665,17.0848,21.1012,-2.8892,1.8000,0.0440,0.1280,20,RACING,0,49.99,0.0540,2.244,1.800,99.000
1785589591.715,16.9982,21.0782,-2.8772,1.8000,0.0440,0.1280,20,RACING,0,49.99,0.0359,2.244,1.800,99.000
1785589591.765,16.9127,21.0541,-2.8651,1.8000,0.0442,0.0602,20,RACING,0,49.99,0.1247,2.244,1.800,99.000
1785589591.815,16.8224,21.0291,-2.8531,1.8000,0.0450,0.0602,20,RACING,0,50.24,0.0318,2.244,1.800,99.000
1785589591.866,16.7401,21.0030,-2.8408,1.8000,0.0448,0.0372,20,RACING,0,50.24,0.0549,2.244,1.800,99.000
1785589591.915,16.6566,20.9758,-2.8286,1.8000,0.0444,0.0372,20,RACING,0,50.49,0.1074,2.244,1.800,99.000
1785589591.966,16.5724,20.9471,-2.8163,1.8000,0.0438,0.0291,20,RACING,0,50.49,0.0191,2.244,1.800,99.000
1785589592.016,16.4875,20.9184,-2.8045,1.8000,0.0447,0.0291,20,RACING,0,50.49,0.0714,2.244,1.800,99.000
1785589592.065,16.4040,20.8881,-2.7923,1.8000,0.0445,0.0272,20,RACING,0,50.74,0.0899,2.244,1.800,99.000
1785589592.116,16.3179,20.8569,-2.7802,1.8000,0.0449,0.0272,20,RACING,0,50.74,0.0043,2.244,1.800,99.000
1785589592.166,16.2301,20.8243,-2.7678,1.8000,0.0459,0.1913,20,RACING,0,50.74,0.0955,2.244,1.800,99.000
1785589592.216,16.1469,20.7909,-2.7553,1.8000,0.0459,0.1913,20,RACING,0,50.99,0.0649,2.244,1.800,99.000
1785589592.266,16.0650,20.7566,-2.7428,1.8000,0.0456,0.0435,20,RACING,0,50.99,0.0242,2.244,1.800,99.000
1785589592.316,15.9845,20.7209,-2.7303,1.8000,0.0453,0.0435,20,RACING,0,50.99,0.1121,2.244,1.800,99.000
1785589592.365,15.9005,20.6846,-2.7179,1.8000,0.0458,0.1046,20,RACING,0,51.24,0.0465,2.244,1.800,99.000
1785589592.416,15.8206,20.6471,-2.7054,1.8000,0.0452,0.1046,20,RACING,0,51.24,0.0421,2.244,1.800,99.000
1785589592.465,15.7406,20.6083,-2.6930,1.8000,0.0452,0.0406,20,RACING,0,51.49,0.1191,2.244,1.800,99.000
1785589592.515,15.6587,20.5694,-2.6808,1.8000,0.0457,0.0406,20,RACING,0,51.49,0.0286,2.244,1.800,99.000
1785589592.566,15.5779,20.5289,-2.6683,1.8000,0.0460,0.0452,20,RACING,0,51.49,0.0621,2.244,1.800,99.000
1785589592.616,15.4948,20.4873,-2.6558,1.8000,0.0467,0.0452,20,RACING,0,51.74,0.0950,2.244,1.800,99.000
1785589592.665,15.4129,20.4445,-2.6429,1.8000,0.0473,0.1645,20,RACING,0,51.74,0.0027,2.244,1.800,99.000
1785589592.715,15.3330,20.4012,-2.6301,1.8000,0.0470,0.1645,20,RACING,0,51.74,0.0883,2.244,1.800,99.000
1785589592.765,15.2568,20.3569,-2.6173,1.8000,0.0466,0.0506,20,RACING,0,51.99,0.0737,2.244,1.800,99.000
1785589592.816,15.1766,20.3113,-2.6046,1.8000,0.0473,0.0506,20,RACING,0,51.99,0.0187,2.244,1.800,99.000
1785589592.866,15.1012,20.2647,-2.5916,1.8000,0.0456,0.0388,20,RACING,0,51.99,0.1072,2.244,1.800,99.000
1785589592.916,15.0227,20.2171,-2.5792,1.8000,0.0462,0.0388,20,RACING,0,52.24,0.0511,2.247,1.800,99.000
1785589592.967,14.9457,20.1685,-2.5667,1.8000,0.0465,0.0389,20,RACING,0,52.24,0.0402,2.247,1.800,99.000
1785589593.016,14.8687,20.1185,-2.5539,1.8000,0.0444,0.0389,20,RACING,0,52.49,0.1184,2.247,1.800,99.000
1785589593.066,14.7944,20.0684,-2.5418,1.8000,0.0444,0.1126,20,RACING,0,52.49,0.0290,2.247,1.800,99.000
1785589593.115,14.7218,20.0177,-2.5298,1.8000,0.0413,0.1126,20,RACING,0,52.49,0.0600,2.247,1.800,99.000
1785589593.166,14.6501,19.9658,-2.5186,1.8000,0.0410,0.1114,20,RACING,0,52.74,0.1018,2.173,1.800,99.000
1785589593.216,14.5792,19.9123,-2.5073,1.8000,0.0402,0.1114,20,RACING,0,52.74,0.0132,2.173,1.800,99.000
1785589593.265,14.5025,19.8559,-2.4958,1.8000,0.0370,0.0448,20,RACING,0,52.74,0.0823,2.173,1.800,99.000
1785589593.315,14.4375,19.8046,-2.4863,1.8000,0.0363,0.0448,20,RACING,0,52.99,0.0850,2.093,1.800,99.000
1785589593.366,14.3689,19.7494,-2.4763,1.8000,0.0356,0.0225,20,RACING,0,52.99,0.0034,2.093,1.800,99.000
1785589593.416,14.2964,19.6932,-2.4666,1.8000,0.0321,0.0225,20,RACING,0,52.99,0.0948,2.093,1.800,99.000
1785589593.466,14.2268,19.6369,-2.4579,1.8000,0.0320,0.0472,20,RACING,0,53.24,0.0660,2.001,1.800,99.000
1785589593.515,14.1564,19.5797,-2.4491,1.8000,0.0323,0.0472,20,RACING,0,53.24,0.0256,2.001,1.800,99.000
1785589593.565,14.0885,19.5218,-2.4403,1.8000,0.0268,0.0440,20,RACING,0,53.24,0.1142,2.001,1.800,99.000
1785589593.615,14.0205,19.4638,-2.4330,1.8000,0.0268,0.0440,20,RACING,0,53.49,0.0474,1.871,1.800,99.000
1785589593.665,13.9533,19.4048,-2.4257,1.8000,0.0264,0.0272,20,RACING,0,53.49,0.0435,1.871,1.800,99.000
1785589593.715,13.8869,19.3453,-2.4185,1.7587,0.0203,0.0272,20,RACING,0,53.74,0.1186,1.759,1.800,99.000
1785589593.766,13.8211,19.2869,-2.4130,1.7587,0.0203,0.0833,20,RACING,0,53.74,0.0319,1.759,1.800,99.000
1785589593.816,13.7560,19.2284,-2.4076,1.7587,0.0146,0.0833,20,RACING,0,53.74,0.0582,1.759,1.800,99.000
1785589593.865,13.6881,19.1689,-2.4037,1.6810,0.0152,0.0658,20,RACING,0,53.99,0.1037,1.681,1.800,99.000
1785589593.915,13.6259,19.1119,-2.3999,1.6810,0.0151,0.0658,20,RACING,0,53.99,0.0238,1.681,1.800,99.000
1785589593.966,13.5656,19.0555,-2.3961,1.6810,0.0080,0.0912,20,RACING,0,53.99,0.0660,1.681,1.800,99.000
1785589594.015,13.5036,18.9982,-2.3961,1.6196,0.0091,0.0912,20,RACING,0,54.24,0.1030,1.620,1.800,99.000
1785589594.065,13.4419,18.9408,-2.3961,1.6196,0.0102,0.0381,20,RACING,0,54.24,0.0251,1.620,1.800,99.000
1785589594.116,13.3831,18.8879,-2.3937,1.6196,0.0026,0.0381,20,RACING,0,54.24,0.0652,1.620,1.800,99.000
1785589594.165,13.3263,18.8333,-2.3936,1.6196,0.0024,0.1638,20,RACING,0,54.49,0.1114,1.620,1.800,99.000
1785589594.215,13.2693,18.7785,-2.3936,1.6196,0.0021,0.1638,20,RACING,0,54.49,0.0369,1.620,1.800,99.000
1785589594.266,13.2098,18.7231,-2.3936,1.6196,-0.0065,0.1806,20,RACING,0,54.49,0.0556,1.620,1.800,99.000
1785589594.315,13.1517,18.6681,-2.3936,1.6196,-0.0076,0.1806,20,RACING,0,54.74,0.1212,1.620,1.800,99.000
1785589594.365,13.0897,18.6127,-2.3936,1.6196,-0.0080,0.2659,20,RACING,0,54.74,0.0443,1.620,1.800,99.000
1785589594.415,13.0288,18.5577,-2.3936,1.6196,-0.0086,0.2659,20,RACING,0,54.74,0.0541,1.620,1.800,99.000
1785589594.466,12.9700,18.5023,-2.3936,1.6196,-0.0212,0.0317,20,RACING,0,54.99,0.1261,1.620,1.800,99.000
1785589594.515,12.9102,18.4478,-2.3988,1.6196,-0.0210,0.0317,20,RACING,0,54.99,0.0515,1.620,1.800,99.000
1785589594.566,12.8495,18.3928,-2.4040,1.6196,-0.0209,0.0411,20,RACING,0,54.99,0.0507,1.620,1.800,99.000
1785589594.617,12.7880,18.3391,-2.4091,1.6196,-0.0332,0.0411,20,RACING,0,54.99,0.1263,1.620,1.800,99.000
1785589594.666,12.7277,18.2851,-2.4173,1.6196,-0.0333,0.0622,20,RACING,0,55.24,0.0580,1.620,1.800,99.000
1785589594.715,12.6670,18.2310,-2.4255,1.6196,-0.0336,0.0622,20,RACING,0,55.24,0.0489,1.620,1.800,99.000
1785589594.766,12.6069,18.1787,-2.4337,1.6196,-0.0488,0.0759,20,RACING,0,55.24,0.1198,1.620,1.800,99.000
1785589594.816,12.5480,18.1266,-2.4456,1.6196,-0.0493,0.0759,20,RACING,0,55.49,0.0664,1.620,1.800,99.000
1785589594.866,12.4874,18.0751,-2.4577,1.6196,-0.0497,0.2414,20,RACING,0,55.49,0.0424,1.620,1.800,99.000
1785589594.915,12.4250,18.0243,-2.4699,1.6196,-0.0672,0.2414,20,RACING,0,55.49,0.1102,1.620,1.800,99.000
1785589594.967,12.3589,17.9743,-2.4865,1.6196,-0.0669,0.1753,20,RACING,0,55.74,0.0738,1.620,1.800,99.000
1785589595.015,12.2959,17.9258,-2.5029,1.6196,-0.0671,0.1753,20,RACING,0,55.74,0.0445,1.620,1.800,99.000
1785589595.066,12.2262,17.8781,-2.5194,1.6196,-0.0873,0.1744,20,RACING,0,55.74,0.1119,1.620,1.800,2.496
1785589595.116,12.1592,17.8317,-2.5408,1.6196,-0.0872,0.1744,20,RACING,0,55.99,0.0810,1.620,1.800,2.496
1785589595.166,12.0901,17.7864,-2.5624,1.6196,-0.0871,0.1109,20,RACING,0,55.99,0.0552,1.620,1.800,99.000
1785589595.216,12.0238,17.7428,-2.5839,1.6196,-0.1104,0.1109,20,RACING,0,55.99,0.1120,1.620,1.800,99.000
1785589595.265,11.9528,17.7009,-2.6109,1.6196,-0.1104,0.0656,20,RACING,0,56.24,0.0884,1.620,1.800,2.388
1785589595.316,11.8847,17.6609,-2.6381,1.6196,-0.1313,0.0656,20,RACING,0,56.24,0.0612,1.620,1.800,2.388
1785589595.365,11.8134,17.6230,-2.6705,1.6196,-0.1313,0.0978,20,RACING,0,56.24,0.1135,1.620,1.800,2.307
1785589595.416,11.7417,17.5877,-2.7029,1.6196,-0.1312,0.0978,20,RACING,0,56.49,0.0984,1.620,1.800,2.307
1785589595.466,11.6679,17.5545,-2.7353,1.6196,-0.1485,0.0571,20,RACING,0,56.49,0.0717,1.620,1.800,2.303
1785589595.515,11.5892,17.5239,-2.7720,1.6196,-0.1488,0.0571,20,RACING,0,56.49,0.1224,1.620,1.800,2.303
1785589595.566,11.5134,17.4963,-2.8089,1.6196,-0.1487,0.0216,20,RACING,0,56.74,0.1057,1.620,1.800,2.195
1785589595.615,11.4352,17.4712,-2.8458,1.6196,-0.1599,0.0216,20,RACING,0,56.74,0.0864,1.620,1.800,2.195
1785589595.665,11.3558,17.4484,-2.8865,1.6196,-0.1612,0.0285,20,RACING,0,56.74,0.1333,1.620,1.800,2.117
1785589595.717,11.2802,17.4303,-2.9254,1.6196,-0.1608,0.0285,20,RACING,0,56.99,0.1108,1.620,1.800,2.117
1785589595.765,11.2013,17.4147,-2.9649,1.6196,-0.1628,0.0837,20,RACING,0,56.99,0.0945,1.620,1.800,2.175
1785589595.816,11.1156,17.4016,-3.0066,1.6196,-0.1634,0.0837,20,RACING,0,56.99,0.1434,1.620,1.800,2.175
1785589595.866,11.0338,17.3925,-3.0460,1.6196,-0.1641,0.1257,20,RACING,0,57.24,0.1054,1.620,1.800,2.198
1785589595.916,10.9549,17.3864,-3.0862,1.6196,-0.1605,0.1257,20,RACING,0,57.24,0.0970,1.620,1.800,2.198
1785589595.966,10.8727,17.3836,-3.1262,1.6196,-0.1607,0.1678,20,RACING,0,57.24,0.1468,1.620,1.800,2.236
1785589596.017,10.7938,17.3838,3.1176,1.6608,-0.1604,0.1678,20,RACING,0,57.49,0.0938,1.661,1.800,2.236
1785589596.066,10.7082,17.3875,3.0765,1.6608,-0.1517,0.0433,20,RACING,0,57.49,0.0879,1.661,1.800,2.366
1785589596.115,10.6239,17.3946,3.0379,1.7858,-0.1520,0.0433,20,RACING,0,57.74,0.1323,1.786,1.800,2.366
1785589596.167,10.5368,17.4050,2.9980,1.7860,-0.1525,0.0298,20,RACING,0,57.74,0.0621,1.786,1.800,2.378
1785589596.216,10.4469,17.4197,2.9566,1.7860,-0.1393,0.0298,20,RACING,0,57.74,0.0799,1.786,1.800,2.378
1785589596.266,10.3580,17.4376,2.9188,1.8000,-0.1398,0.0576,20,RACING,0,57.99,0.0967,1.906,1.800,99.000
1785589596.315,10.2724,17.4592,2.8802,1.8000,-0.1392,0.0576,20,RACING,0,57.99,0.0215,1.906,1.800,99.000
1785589596.365,10.1864,17.4841,2.8420,1.8000,-0.1223,0.0382,20,RACING,0,57.99,0.0866,1.906,1.800,99.000
1785589596.415,10.0999,17.5122,2.8087,1.8000,-0.1226,0.0382,20,RACING,0,58.24,0.0735,2.020,1.800,99.000
1785589596.465,10.0157,17.5443,2.7739,1.8000,-0.1215,0.0499,20,RACING,0,58.24,0.0194,2.020,1.800,2.296
1785589596.515,9.9339,17.5773,2.7412,1.8000,-0.1034,0.0499,20,RACING,0,58.24,0.1057,2.020,1.800,2.296
1785589596.566,9.8511,17.6132,2.7132,1.8000,-0.1037,0.2058,20,RACING,0,58.49,0.0651,2.148,1.800,99.000
1785589596.616,9.7715,17.6516,2.6849,1.8000,-0.1032,0.2058,20,RACING,0,58.49,0.0482,2.148,1.800,99.000
1785589596.665,9.6865,17.6928,2.6564,1.8000,-0.0854,0.0981,20,RACING,0,58.49,0.1324,2.148,1.800,99.000
1785589596.715,9.6096,17.7360,2.6329,1.8000,-0.0847,0.0981,20,RACING,0,58.74,0.0657,2.104,1.800,99.000
1785589596.766,9.5334,17.7799,2.6102,1.8000,-0.0845,0.1355,20,RACING,0,58.74,0.0748,2.104,1.800,99.000
1785589596.815,9.4534,17.8274,2.5866,1.8000,-0.0661,0.1355,20,RACING,0,58.99,0.1274,2.020,1.800,99.000
1785589596.865,9.3773,17.8759,2.5684,1.8000,-0.0660,0.0453,20,RACING,0,58.99,0.0698,2.020,1.800,99.000
1785589596.915,9.2997,17.9242,2.5508,1.8000,-0.0511,0.0453,20,RACING,0,58.99,0.1005,2.020,1.800,99.000
1785589596.966,9.2236,17.9751,2.5368,1.8000,-0.0514,0.0581,20,RACING,0,59.24,0.1170,1.897,1.800,99.000
1785589597.015,9.1485,18.0266,2.5228,1.8000,-0.0520,0.0581,20,RACING,0,59.24,0.0782,1.897,1.800,99.000
1785589597.066,9.0791,18.0792,2.5087,1.8000,-0.0352,0.2917,20,RACING,0,59.24,0.1172,1.897,1.800,99.000
1785589597.115,9.0055,18.1328,2.4990,1.8000,-0.0356,0.2917,20,RACING,0,59.49,0.1066,1.837,1.800,99.000
1785589597.167,8.9354,18.1869,2.4894,1.8000,-0.0352,0.0268,20,RACING,0,59.49,0.0799,1.837,1.800,99.000
1785589597.216,8.8635,18.2427,2.4796,1.8000,-0.0204,0.0268,20,RACING,0,59.49,0.1326,1.837,1.800,99.000
1785589597.266,8.7907,18.2980,2.4741,1.8000,-0.0209,0.1217,20,RACING,0,59.74,0.0936,1.829,1.800,99.000
1785589597.316,8.7181,18.3538,2.4684,1.8000,-0.0216,0.1217,20,RACING,0,59.74,0.0883,1.829,1.800,99.000
1785589597.366,8.6472,18.4099,2.4625,1.8000,-0.0076,0.0857,20,RACING,0,59.99,0.1428,1.821,1.800,99.000
1785589597.415,8.5743,18.4675,2.4625,1.8000,-0.0092,0.0857,20,RACING,0,59.99,0.0817,1.821,1.800,99.000
1785589597.466,8.5035,18.5226,2.4625,1.8000,0.0015,0.0971,20,RACING,0,59.99,0.0996,1.821,1.800,99.000
1785589597.515,8.4317,18.5802,2.4625,1.8000,0.0015,0.0971,20,RACING,0,60.24,0.1214,1.815,1.800,99.000
1785589597.566,8.3623,18.6360,2.4625,1.8000,0.0017,0.0532,20,RACING,0,60.24,0.0745,1.815,1.800,99.000
1785589597.615,8.2957,18.6925,2.4625,1.8000,0.0152,0.0532,20,RACING,0,60.24,0.1076,1.815,1.800,99.000
1785589597.666,8.2271,18.7486,2.4666,1.8000,0.0154,0.0296,20,RACING,0,60.49,0.1042,1.815,1.800,99.000
1785589597.715,8.1577,18.8047,2.4708,1.8000,0.0157,0.0296,20,RACING,0,60.49,0.0655,1.815,1.800,99.000
1785589597.766,8.0893,18.8604,2.4751,1.8000,0.0284,0.1032,20,RACING,0,60.49,0.1159,1.815,1.800,99.000
1785589597.816,8.0201,18.9161,2.4829,1.8000,0.0288,0.1032,20,RACING,0,60.74,0.0855,1.815,1.800,99.000
1785589597.866,7.9485,18.9708,2.4907,1.8000,0.0287,0.0585,20,RACING,0,60.74,0.0634,1.815,1.800,99.000
1785589597.915,7.8786,19.0250,2.4986,1.8000,0.0420,0.0585,20,RACING,0,60.74,0.1284,1.815,1.800,99.000
1785589597.965,7.8053,19.0784,2.5100,1.8000,0.0418,0.2714,20,RACING,0,60.99,0.0678,1.815,1.800,99.000
1785589598.016,7.7316,19.1312,2.5214,1.8000,0.0547,0.2714,20,RACING,0,60.99,0.0716,1.815,1.800,99.000
1785589598.066,7.6576,19.1836,2.5365,1.8000,0.0548,0.1667,20,RACING,0,61.24,0.1208,1.815,1.800,99.000
1785589598.116,7.5807,19.2345,2.5515,1.8000,0.0544,0.1667,20,RACING,0,61.24,0.0544,1.815,1.800,99.000
1785589598.166,7.5062,19.2832,2.5661,1.8000,0.0695,0.0820,20,RACING,0,61.24,0.0890,1.815,1.800,99.000
1785589598.215,7.4274,19.3314,2.5851,1.8000,0.0692,0.0820,20,RACING,0,61.49,0.0992,1.815,1.800,99.000
1785589598.265,7.3481,19.3781,2.6040,1.8000,0.0689,0.1763,20,RACING,0,61.49,0.0554,1.815,1.800,99.000
1785589598.315,7.2689,19.4235,2.6229,1.8000,0.0856,0.1763,20,RACING,0,61.49,0.1149,1.815,1.800,99.000
1785589598.366,7.1898,19.4672,2.6463,1.8000,0.0855,0.0972,20,RACING,0,61.74,0.0807,1.815,1.800,99.000
1785589598.415,7.1111,19.5101,2.6702,1.8000,0.1004,0.0972,20,RACING,0,61.74,0.0656,1.815,1.800,99.000
1785589598.465,7.0344,19.5490,2.6970,1.8000,0.1004,0.1394,20,RACING,0,61.74,0.1325,1.815,1.800,99.000
1785589598.515,6.9466,19.5873,2.7250,1.8000,0.1004,0.1394,20,RACING,0,61.99,0.0684,1.815,1.800,99.000
1785589598.566,6.8640,19.6221,2.7520,1.8000,0.1144,0.0358,20,RACING,0,61.99,0.0857,1.815,1.800,2.473
1785589598.616,6.7830,19.6549,2.7833,1.8000,0.1142,0.0358,20,RACING,0,62.24,0.1188,1.815,1.800,2.473
1785589598.666,6.6976,19.6852,2.8146,1.8000,0.1143,0.1058,20,RACING,0,62.24,0.0658,1.815,1.800,2.418
1785589598.716,6.6116,19.7128,2.8460,1.8000,0.1263,0.1058,20,RACING,0,62.24,0.1062,1.815,1.800,2.418
1785589598.766,6.5230,19.7374,2.8807,1.8000,0.1265,0.0558,20,RACING,0,62.49,0.0978,1.815,1.800,2.443
1785589598.816,6.4390,19.7591,2.9152,1.8000,0.1344,0.0558,20,RACING,0,62.49,0.0699,1.815,1.800,2.443
1785589598.865,6.3509,19.7779,2.9526,1.8000,0.1343,0.0880,20,RACING,0,62.49,0.1283,1.815,1.800,99.000
1785589598.916,6.2604,19.7933,2.9896,1.8000,0.1345,0.0880,20,RACING,0,62.74,0.0795,1.815,1.800,99.000
1785589598.966,6.1738,19.8051,3.0259,1.8000,0.1398,0.1136,20,RACING,0,62.74,0.0794,1.815,1.800,2.369
1785589599.016,6.0846,19.8137,3.0643,1.8000,0.1398,0.1136,20,RACING,0,62.99,0.1269,1.815,1.800,2.369
1785589599.065,5.9977,19.8188,3.1025,1.8000,0.1392,0.1289,20,RACING,0,62.99,0.0649,1.815,1.800,2.358
1785589599.115,5.9078,19.8206,3.1410,1.8000,0.1417,0.1289,20,RACING,0,62.99,0.0909,1.815,1.800,2.358
1785589599.166,5.8180,19.8188,-3.1032,1.8000,0.1416,0.0455,20,RACING,0,63.24,0.1023,1.815,1.800,2.360
1785589599.216,5.7300,19.8138,-3.0644,1.8000,0.1413,0.0455,20,RACING,0,63.24,0.0521,1.815,1.800,2.360
1785589599.266,5.6406,19.8050,-3.0255,1.8000,0.1409,0.4528,20,RACING,0,63.24,0.1057,1.815,1.800,2.458
1785589599.316,5.5544,19.7929,-2.9870,1.8000,0.1403,0.4528,20,RACING,0,63.49,0.0791,1.829,1.800,2.458
1785589599.367,5.4654,19.7772,-2.9483,1.8000,0.1402,0.0862,20,RACING,0,63.49,0.0479,1.829,1.800,2.397
1785589599.416,5.3767,19.7584,-2.9101,1.8000,0.1378,0.0862,20,RACING,0,63.49,0.1225,1.829,1.800,2.397
1785589599.465,5.2914,19.7360,-2.8723,1.8000,0.1372,0.0516,20,RACING,0,63.74,0.0526,1.861,1.800,2.461
1785589599.516,5.2024,19.7103,-2.8345,1.8000,0.1334,0.0516,20,RACING,0,63.74,0.0571,1.861,1.800,2.461
1785589599.566,5.1222,19.6816,-2.7981,1.8000,0.1321,0.3009,20,RACING,0,63.98,0.1146,1.900,1.800,99.000
1785589599.615,5.0363,19.6495,-2.7616,1.8000,0.1325,0.3009,20,RACING,0,63.98,0.0270,1.900,1.800,99.000
1785589599.665,4.9503,19.6147,-2.7255,1.8000,0.1274,0.1124,20,RACING,0,63.98,0.0733,1.900,1.800,99.000
1785589599.716,4.8691,19.5767,-2.6903,1.8000,0.1271,0.1124,20,RACING,0,64.23,0.0878,1.945,1.800,99.000
1785589599.767,4.7906,19.5366,-2.6558,1.8000,0.1268,0.1276,20,RACING,0,64.23,0.0030,1.945,1.800,99.000
1785589599.816,4.7113,19.4928,-2.6208,1.8000,0.1194,0.1276,20,RACING,0,64.23,0.0911,1.945,1.800,99.000
1785589599.866,4.6357,19.4463,-2.5876,1.8000,0.1186,0.0900,20,RACING,0,64.48,0.0704,1.984,1.800,99.000
1785589599.915,4.5600,19.3984,-2.5555,1.8000,0.1189,0.0900,20,RACING,0,64.48,0.0208,1.984,1.800,99.000
1785589599.966,4.4830,19.3478,-2.5232,1.8000,0.1121,0.0635,20,RACING,0,64.48,0.1119,1.984,1.800,99.000
1785589600.015,4.4082,19.2944,-2.4924,1.8000,0.1128,0.0635,20,RACING,0,64.73,0.0515,2.020,1.800,99.000
1785589600.065,4.3388,19.2392,-2.4616,1.8000,0.1459,0.0265,20,RACING,0,64.73,0.0454,2.020,1.800,1.820
1785589600.115,4.2698,19.1811,-2.4215,1.8000,0.1349,0.0265,20,RACING,0,64.98,0.1228,2.058,1.800,1.820
1785589600.166,4.2021,19.1191,-2.3837,1.8000,0.0941,0.1828,20,RACING,0,64.98,0.0377,2.058,1.800,99.000
1785589600.217,4.1361,19.0560,-2.3578,1.8000,0.0892,0.1828,20,RACING,0,64.98,0.0668,2.058,1.800,99.000
1785589600.266,4.0718,18.9919,-2.3335,1.8000,0.0897,0.0266,20,RACING,0,65.23,0.1022,2.089,1.800,99.000
1785589600.316,4.0099,18.9274,-2.3094,1.8000,0.0903,0.0266,20,RACING,0,65.23,0.0300,2.089,1.800,99.000
1785589600.366,3.9482,18.8599,-2.2847,1.8000,0.0853,0.1072,20,RACING,0,65.23,0.0869,2.089,1.800,99.000
1785589600.417,3.8884,18.7911,-2.2614,1.8000,0.0859,0.1072,20,RACING,0,65.48,0.0846,2.107,1.800,99.000
1785589600.466,3.8334,18.7213,-2.2379,1.8000,0.0854,0.0410,20,RACING,0,65.48,0.0321,2.107,1.800,99.000
1785589600.516,3.7757,18.6490,-2.2143,1.8000,0.0808,0.0410,20,RACING,0,65.48,0.1071,2.107,1.800,99.000
1785589600.565,3.7223,18.5771,-2.1924,1.8000,0.0810,0.0962,20,RACING,0,65.73,0.0678,2.091,1.800,99.000
1785589600.616,3.6719,18.5036,-2.1704,1.8000,0.0806,0.0962,20,RACING,0,65.73,0.0426,2.091,1.800,99.000
1785589600.666,3.6226,18.4281,-2.1481,1.8000,0.0755,0.1657,20,RACING,0,65.73,0.1227,2.091,1.800,99.000
1785589600.716,3.5755,18.3528,-2.1277,1.8000,0.0752,0.1657,20,RACING,0,65.98,0.0515,2.074,1.800,99.000
1785589600.766,3.5263,18.2755,-2.1070,1.8000,0.0761,0.1423,20,RACING,0,65.98,0.0562,2.074,1.800,99.000
1785589600.817,3.4835,18.1983,-2.0863,1.8000,0.0714,0.1423,20,RACING,0,66.23,0.1176,2.074,1.800,99.000
1785589600.865,3.4401,18.1186,-2.0666,1.8000,0.0711,0.0306,20,RACING,0,66.23,0.0346,2.074,1.800,99.000
1785589600.916,3.4018,18.0399,-2.0474,1.8000,0.0677,0.0306,20,RACING,0,66.23,0.0664,2.074,1.800,99.000
1785589600.965,3.3579,17.9597,-2.0289,1.8000,0.0689,0.0237,20,RACING,0,66.48,0.0989,2.043,1.800,99.000
1785589601.015,3.3188,17.8784,-2.0100,1.8000,0.0688,0.0237,20,RACING,0,66.48,0.0226,2.043,1.800,99.000
1785589601.066,3.2806,17.7950,-1.9909,1.8000,0.0671,0.0335,20,RACING,0,66.48,0.0877,2.043,1.800,99.000
1785589601.116,3.2434,17.7133,-1.9727,1.8000,0.0677,0.0335,20,RACING,0,66.73,0.0784,2.023,1.800,99.000
1785589601.166,3.2081,17.6309,-1.9544,1.8000,0.0682,0.0719,20,RACING,0,66.73,0.0249,2.023,1.800,99.000
1785589601.224,3.1771,17.5473,-1.9358,1.8000,0.0661,0.0719,20,RACING,0,66.73,0.1042,2.023,1.800,99.000
1785589601.284,3.1425,17.4528,-1.9156,1.8000,0.0659,0.0719,20,RACING,0,66.98,0.0499,2.023,1.800,99.000
1785589601.317,3.1425,17.4528,-1.9156,1.8000,0.0659,0.0719,20,RACING,0,66.98,0.0499,2.023,1.800,99.000
1785589601.367,3.0848,17.2838,-1.8799,1.8000,0.0657,0.0306,20,RACING,0,67.23,0.1201,2.002,1.800,99.000
1785589601.415,3.0625,17.2066,-1.8637,1.8000,0.0651,0.0306,20,RACING,0,67.23,0.0406,2.002,1.800,99.000
1785589601.465,3.0337,17.1203,-1.8460,1.8000,0.0668,0.0426,20,RACING,0,67.23,0.0535,2.002,1.800,99.000
1785589601.515,3.0098,17.0329,-1.8277,1.8000,0.0668,0.0426,20,RACING,0,67.48,0.1087,1.986,1.800,99.000
1785589601.566,2.9867,16.9455,-1.8094,1.8000,0.0672,0.0810,20,RACING,0,67.48,0.0214,1.986,1.800,99.000
1785589601.617,2.9660,16.8574,-1.7910,1.8000,0.0677,0.0810,20,RACING,0,67.48,0.0734,1.986,1.800,99.000
1785589601.666,2.9481,16.7705,-1.7727,1.8000,0.0674,0.0432,20,RACING,0,67.73,0.0894,1.986,1.800,99.000
1785589601.715,2.9286,16.6804,-1.7539,1.8000,0.0682,0.0432,20,RACING,0,67.73,0.0100,1.986,1.800,99.000
1785589601.765,2.9131,16.5934,-1.7356,1.8000,0.0694,0.0561,20,RACING,0,67.73,0.0918,1.986,1.800,99.000
1785589601.815,2.9023,16.5039,-1.7165,1.8000,0.0682,0.0561,20,RACING,0,67.98,0.0690,1.984,1.800,99.000
1785589601.867,2.8899,16.4160,-1.6981,1.8000,0.0683,0.2085,20,RACING,0,67.98,0.0202,1.984,1.800,99.000
1785589601.915,2.8781,16.3265,-1.6794,1.8000,0.0709,0.2085,20,RACING,0,67.98,0.1103,1.984,1.800,99.000
1785589601.967,2.8693,16.2361,-1.6599,1.8000,0.0708,0.0217,20,RACING,0,68.23,0.0491,1.984,1.800,99.000
1785589602.016,2.8617,16.1453,-1.6403,1.8000,0.0711,0.0217,20,RACING,0,68.23,0.0421,1.984,1.800,99.000
1785589602.065,2.8574,16.0565,-1.6211,1.8000,0.0732,0.0869,20,RACING,0,68.48,0.1191,1.984,1.800,99.000
1785589602.116,2.8508,15.9672,-1.6013,1.8000,0.0743,0.0869,20,RACING,0,68.48,0.0296,1.984,1.800,99.000
1785589602.166,2.8485,15.8768,-1.5809,1.8000,0.0770,0.0729,20,RACING,0,68.48,0.0608,1.984,1.800,99.000
1785589602.215,2.8490,15.7865,-1.5598,1.8000,0.0768,0.0729,20,RACING,0,68.73,0.0989,1.984,1.800,99.000
1785589602.266,2.8484,15.6975,-1.5390,1.6500,0.1569,0.1208,20,RACING,0,68.73,0.0099,1.984,1.800,1.490
1785589602.315,2.8541,15.6098,-1.5071,1.5000,0.1547,0.1208,20,RACING,0,68.73,0.0781,1.984,1.800,1.490
1785589602.366,2.8614,15.5322,-1.4703,1.6250,0.0648,0.0547,20,RACING,0,68.98,0.0941,1.984,1.800,99.000
1785589602.415,2.8710,15.4514,-1.4426,1.7500,0.0585,0.0547,20,RACING,0,68.98,0.0164,1.984,1.800,99.000
1785589602.466,2.8804,15.3686,-1.4278,1.8000,0.0666,0.0337,20,RACING,0,68.98,0.0720,1.984,1.800,99.000
1785589602.515,2.8924,15.2787,-1.4095,1.8000,0.0672,0.0337,20,RACING,0,69.23,0.0891,1.984,1.800,99.000
1785589602.566,2.9096,15.1890,-1.3909,1.8000,0.0665,0.1635,20,RACING,0,69.23,0.0195,1.984,1.800,99.000
1785589602.617,2.9268,15.1025,-1.3731,1.8000,0.0739,0.1635,20,RACING,0,69.23,0.0946,1.984,1.800,99.000
1785589602.666,2.9449,15.0142,-1.3529,1.8000,0.0740,0.2302,20,RACING,0,69.48,0.0712,1.984,1.800,99.000
1785589602.716,2.9677,14.9264,-1.3326,1.8000,0.0731,0.2302,20,RACING,0,69.48,0.0374,1.984,1.800,99.000
1785589602.766,2.9923,14.8392,-1.3127,1.8000,0.0800,0.0365,20,RACING,0,69.48,0.1195,1.984,1.800,2.360
1785589602.816,3.0177,14.7507,-1.2904,1.8000,0.0797,0.0365,20,RACING,0,69.73,0.0542,1.984,1.800,2.360
1785589602.865,3.0416,14.6663,-1.2690,1.8000,0.0864,0.0412,20,RACING,0,69.73,0.0580,1.984,1.800,99.000
1785589602.916,3.0693,14.5801,-1.2453,1.8000,0.0865,0.0412,20,RACING,0,69.98,0.1163,1.984,1.800,99.000
1785589602.966,3.1032,14.4953,-1.2216,1.8000,0.0852,0.0546,20,RACING,0,69.98,0.0432,1.984,1.800,99.000
1785589603.015,3.1329,14.4117,-1.1986,1.8000,0.0917,0.0546,20,RACING,0,69.98,0.0791,1.984,1.800,99.000
1785589603.066,3.1659,14.3280,-1.1734,1.8000,0.0919,0.1012,20,RACING,0,70.23,0.0953,1.984,1.800,99.000
1785589603.116,3.2005,14.2441,-1.1479,1.8000,0.0925,0.1012,20,RACING,0,70.23,0.0338,1.984,1.800,99.000
1785589603.166,3.2393,14.1640,-1.1230,1.8000,0.0962,0.0893,20,RACING,0,70.23,0.0985,1.984,1.800,99.000
1785589603.216,3.2806,14.0837,-1.0967,1.8000,0.0958,0.0893,20,RACING,0,70.48,0.0742,1.984,1.800,99.000
1785589603.266,3.3218,14.0039,-1.0704,1.8000,0.0961,0.0343,20,RACING,0,70.48,0.0412,1.984,1.800,99.000
1785589603.316,3.3647,13.9259,-1.0442,1.8000,0.0986,0.0343,20,RACING,0,70.48,0.1184,1.984,1.800,99.000
1785589603.366,3.4111,13.8482,-1.0170,1.8000,0.0987,0.0990,20,RACING,0,70.73,0.0524,1.984,1.800,99.000
1785589603.417,3.4594,13.7727,-0.9902,1.8000,0.0980,0.0990,20,RACING,0,70.73,0.0540,1.984,1.800,99.000
1785589603.466,3.5094,13.6981,-0.9634,1.8000,0.0981,0.1013,20,RACING,0,70.98,0.1152,1.984,1.800,99.000
1785589603.515,3.5647,13.6242,-0.9362,1.8000,0.0976,0.1013,20,RACING,0,70.98,0.0324,1.984,1.800,99.000
1785589603.566,3.6182,13.5532,-0.9098,1.8000,0.0946,0.0213,20,RACING,0,70.98,0.0734,1.984,1.800,99.000
1785589603.616,3.6728,13.4812,-0.8834,1.8000,0.0951,0.0213,20,RACING,0,71.23,0.0911,2.006,1.800,99.000
1785589603.665,3.7230,13.4141,-0.8580,1.8000,0.0964,0.1012,20,RACING,0,71.23,0.0132,2.006,1.800,99.000
1785589603.715,3.7838,13.3466,-0.8315,1.8000,0.0900,0.1012,20,RACING,0,71.23,0.0862,2.006,1.800,99.000
1785589603.766,3.8476,13.2810,-0.8070,1.8000,0.0896,0.0684,20,RACING,0,71.48,0.0729,2.030,1.800,99.000
1785589603.816,3.9120,13.2157,-0.7822,1.8000,0.0896,0.0684,20,RACING,0,71.48,0.0202,2.030,1.800,99.000
1785589603.866,3.9758,13.1537,-0.7580,1.8000,0.0817,0.0351,20,RACING,0,71.48,0.1083,2.030,1.800,99.000
1785589603.916,4.0423,13.0918,-0.7354,1.8000,0.0818,0.0351,20,RACING,0,71.73,0.0508,2.069,1.800,99.000
1785589603.965,4.1100,13.0322,-0.7130,1.8000,0.0818,0.0923,20,RACING,0,71.73,0.0396,2.069,1.800,99.000
1785589604.016,4.1778,12.9743,-0.6908,1.8000,0.0723,0.0923,20,RACING,0,71.98,0.1222,1.949,1.800,99.000
1785589604.066,4.2460,12.9179,-0.6711,1.8000,0.0726,0.0423,20,RACING,0,71.98,0.0362,1.949,1.800,99.000
1785589604.116,4.3169,12.8621,-0.6511,1.8000,0.0632,0.0423,20,RACING,0,71.98,0.0589,1.949,1.800,99.000
1785589604.166,4.3895,12.8084,-0.6339,1.7909,0.0631,0.0976,20,RACING,0,72.23,0.1059,1.791,1.800,99.000
1785589604.216,4.4669,12.7530,-0.6158,1.7909,0.0630,0.0976,20,RACING,0,72.23,0.0250,1.791,1.800,99.000
1785589604.266,4.5385,12.7037,-0.5993,1.7909,0.0527,0.0783,20,RACING,0,72.23,0.0819,1.791,1.800,99.000
1785589604.315,4.6111,12.6549,-0.5853,1.6409,0.0527,0.0783,20,RACING,0,72.48,0.0901,1.534,1.800,99.000
1785589604.368,4.6815,12.6080,-0.5716,1.5343,0.0529,0.0352,20,RACING,0,72.48,0.0318,1.534,1.800,99.000
1785589604.415,4.7471,12.5658,-0.5590,1.5343,0.0424,0.0352,20,RACING,0,72.48,0.0839,1.534,1.800,99.000
1785589604.466,4.8112,12.5262,-0.5493,1.3843,0.0424,0.0857,20,RACING,0,72.73,0.1050,1.373,1.800,99.000
1785589604.516,4.8714,12.4886,-0.5400,1.3729,0.0426,0.0857,20,RACING,0,72.73,0.0476,1.373,1.800,99.000
1785589604.566,4.9300,12.4538,-0.5311,1.3729,0.0427,0.0247,20,RACING,0,72.73,0.0567,1.373,1.800,99.000
1785589604.615,4.9875,12.4195,-0.5223,1.3729,0.0314,0.0247,20,RACING,0,72.73,0.1149,1.373,1.800,99.000
1785589604.666,5.0494,12.3853,-0.5158,1.3729,0.0311,0.1264,20,RACING,0,72.98,0.0841,1.373,1.800,99.000
1785589604.716,5.1099,12.3515,-0.5093,1.3729,0.0310,0.1264,20,RACING,0,72.98,0.0428,1.373,1.800,99.000
1785589604.765,5.1691,12.3182,-0.5028,1.3729,0.0202,0.1438,20,RACING,0,72.98,0.0777,1.373,1.800,99.000
1785589604.817,5.2289,12.2855,-0.4987,1.3729,0.0202,0.1438,20,RACING,0,73.23,0.1261,1.373,1.800,99.000
1785589604.866,5.2887,12.2523,-0.4944,1.3729,0.0204,0.0908,20,RACING,0,73.23,0.0676,1.373,1.800,99.000
1785589604.915,5.3475,12.2197,-0.4901,1.3729,0.0208,0.0908,20,RACING,0,73.23,0.0505,1.373,1.800,99.000
1785589604.965,5.4070,12.1878,-0.4858,1.3729,0.0088,0.0418,20,RACING,0,73.23,0.0976,1.373,1.800,99.000
1785589605.016,5.4655,12.1561,-0.4858,1.3729,0.0099,0.0418,20,RACING,0,73.48,0.1104,1.373,1.800,99.000
1785589605.066,5.5249,12.1240,-0.4858,1.3729,0.0112,0.1360,20,RACING,0,73.48,0.0592,1.373,1.800,99.000
1785589605.115,5.5874,12.0921,-0.4835,1.3729,0.0109,0.1360,20,RACING,0,73.48,0.0633,1.373,1.800,99.000
1785589605.166,5.6462,12.0600,-0.4812,1.3729,-0.0028,0.1294,20,RACING,0,73.48,0.1177,1.373,1.800,99.000
1785589605.217,5.7044,12.0284,-0.4812,1.3729,-0.0027,0.1294,20,RACING,0,73.73,0.0942,1.373,1.800,99.000
1785589605.266,5.7659,11.9960,-0.4812,1.3729,-0.0027,0.1294,20,RACING,0,73.73,0.0541,1.373,1.800,99.000
1785589605.315,5.8275,11.9634,-0.4812,1.3729,-0.0184,0.1457,20,RACING,0,73.73,0.0817,1.373,1.800,99.000
1785589605.366,5.8845,11.9330,-0.4849,1.3729,-0.0183,0.1962,20,RACING,0,73.98,0.1353,1.373,1.800,99.000
1785589605.415,5.9469,11.9007,-0.4887,1.3729,-0.0186,0.1962,20,RACING,0,73.98,0.0762,1.373,1.800,99.000
1785589605.466,6.0063,11.8684,-0.4926,1.3729,-0.0183,0.0936,20,RACING,0,73.98,0.0569,1.373,1.800,99.000
1785589605.515,6.0685,11.8358,-0.4964,1.3729,-0.0387,0.0936,20,RACING,0,73.98,0.1007,1.373,1.800,99.000
1785589605.565,6.1297,11.8030,-0.5044,1.3729,-0.0390,0.0752,20,RACING,0,74.23,0.1100,1.373,1.800,2.235
1785589605.616,6.1908,11.7692,-0.5126,1.3729,-0.0391,0.0752,20,RACING,0,74.23,0.0608,1.373,1.800,2.235
1785589605.666,6.2543,11.7357,-0.5207,1.3729,-0.0652,0.0542,20,RACING,0,74.23,0.0712,1.373,1.800,99.000
1785589605.715,6.3160,11.7012,-0.5343,1.3729,-0.0659,0.0542,20,RACING,0,74.23,0.1291,1.373,1.800,99.000
1785589605.766,6.3747,11.6656,-0.5480,1.3729,-0.0667,0.0989,20,RACING,0,74.48,0.0840,1.373,1.800,2.127
1785589605.815,6.4338,11.6289,-0.5621,1.3729,-0.0665,0.0989,20,RACING,0,74.48,0.0579,1.373,1.800,2.127
1785589605.865,6.4912,11.5923,-0.5758,1.3729,-0.1013,0.2000,20,RACING,0,74.48,0.0959,1.373,1.800,2.455
1785589605.916,6.5481,11.5541,-0.5971,1.3729,-0.1011,0.2000,20,RACING,0,74.73,0.1219,1.373,1.800,2.455
1785589605.966,6.5997,11.5157,-0.6179,1.3729,-0.0997,0.0416,20,RACING,0,74.73,0.0785,1.373,1.800,2.376
1785589606.016,6.6558,11.4749,-0.6389,1.3729,-0.1390,0.0416,20,RACING,0,74.73,0.0773,1.373,1.800,2.376
1785589606.066,6.7116,11.4337,-0.6677,1.3729,-0.1397,0.0337,20,RACING,0,74.73,0.1244,1.373,1.800,2.231
1785589606.116,6.7649,11.3903,-0.6970,1.3729,-0.1397,0.0337,20,RACING,0,74.98,0.1122,1.373,1.800,2.231
1785589606.165,6.8130,11.3455,-0.7262,1.3729,-0.1742,0.0478,20,RACING,0,74.98,0.0890,1.373,1.800,2.394
1785589606.216,6.8643,11.2990,-0.7628,1.3729,-0.1746,0.0478,20,RACING,0,74.98,0.1103,1.373,1.800,2.394
1785589606.266,6.9107,11.2505,-0.7996,1.3729,-0.1749,0.0408,20,RACING,0,75.23,0.1583,1.373,1.800,2.116
1785589606.315,6.9585,11.2000,-0.8364,1.3729,-0.2023,0.0408,20,RACING,0,75.23,0.1214,1.373,1.800,2.116
1785589606.366,7.0052,11.1484,-0.8790,1.3729,-0.2077,0.0241,20,RACING,0,75.23,0.1204,1.373,1.800,2.042
1785589606.416,7.0482,11.0945,-0.9230,1.3729,-0.2071,0.0241,20,RACING,0,75.23,0.1574,1.373,1.800,2.042
1785589606.466,7.0884,11.0380,-0.9671,1.3729,-0.2161,0.0439,20,RACING,0,75.48,0.1560,1.373,1.800,2.143
1785589606.516,7.1271,10.9804,-1.0130,1.3729,-0.2163,0.0439,20,RACING,0,75.48,0.1448,1.373,1.800,2.143
1785589606.567,7.1608,10.9227,-1.0578,1.3729,-0.2240,0.0269,20,RACING,0,75.48,0.1675,1.373,1.800,1.999
1785589606.616,7.1941,10.8606,-1.1061,1.3729,-0.2234,0.0269,20,RACING,0,75.73,0.1830,1.373,1.800,1.999
1785589606.666,7.2251,10.7999,-1.1526,1.3729,-0.2285,0.1960,20,RACING,0,75.73,0.1636,1.373,1.800,1.983
1785589606.716,7.2505,10.7359,-1.2012,1.3729,-0.2275,0.1960,20,RACING,0,75.73,0.1777,1.373,1.800,1.983
1785589606.766,7.2753,10.6714,-1.2494,1.4002,-0.2425,0.0446,20,RACING,0,75.98,0.1859,1.400,1.800,1.712
1785589606.816,7.2972,10.6046,-1.3015,1.4002,-0.2368,0.0446,20,RACING,0,75.98,0.1590,1.400,1.800,1.712
1785589606.866,7.3136,10.5363,-1.3526,1.4002,-0.2418,0.0317,20,RACING,0,75.98,0.1664,1.400,1.800,1.599
1785589606.915,7.3262,10.4674,-1.4049,1.5123,-0.2391,0.0317,30,RACING,0,76.23,0.1714,1.512,2.500,1.599
1785589606.965,7.3393,10.3928,-1.4605,1.5123,-0.2046,0.0561,30,RACING,0,76.23,0.1324,1.512,2.500,2.098
1785589607.016,7.3426,10.3193,-1.5069,1.5123,-0.1925,0.0561,30,RACING,0,76.23,0.1394,1.512,2.500,2.098
1785589607.066,7.3459,10.2437,-1.5514,1.6373,-0.1904,0.0645,30,RACING,0,76.48,0.1452,1.671,2.500,2.125
1785589607.115,7.3469,10.1631,-1.5985,1.6709,-0.1907,0.0645,30,RACING,0,76.48,0.0937,1.671,2.500,2.125
1785589607.166,7.3426,10.0818,-1.6464,1.6709,-0.1737,0.1636,30,RACING,0,76.48,0.1023,1.671,2.500,2.221
1785589607.216,7.3333,9.9960,-1.6922,1.7959,-0.1736,0.1636,30,RACING,0,76.73,0.1098,1.851,2.500,2.221
1785589607.266,7.3196,9.9128,-1.7370,1.8511,-0.1730,0.0509,30,RACING,0,76.73,0.0466,1.851,2.500,2.399
1785589607.315,7.3017,9.8213,-1.7863,1.8511,-0.1538,0.0509,30,RACING,0,76.73,0.0896,1.851,2.500,2.399
1785589607.367,7.2817,9.7314,-1.8298,1.9761,-0.1543,0.1246,30,RACING,0,76.98,0.0742,2.009,2.500,2.404
1785589607.416,7.2541,9.6390,-1.8750,2.0092,-0.1541,0.1246,30,RACING,0,76.98,0.0222,2.009,2.500,2.404
1785589607.465,7.2210,9.5429,-1.9227,2.0092,-0.1323,0.0532,30,RACING,0,76.98,0.1238,2.009,2.500,99.000
1785589607.516,7.1869,9.4509,-1.9626,2.1018,-0.1327,0.0532,30,RACING,0,77.23,0.0467,2.102,2.500,99.000
1785589607.565,7.1489,9.3552,-2.0048,2.1018,-0.1133,0.3411,30,RACING,0,77.23,0.0854,2.102,2.500,99.000
1785589607.616,7.1043,9.2614,-2.0407,2.1724,-0.1135,0.3411,30,RACING,0,77.48,0.1001,2.172,2.500,99.000
1785589607.666,7.0550,9.1656,-2.0782,2.1724,-0.1139,0.0214,30,RACING,0,77.48,0.0767,2.172,2.500,99.000
1785589607.716,7.0006,9.0708,-2.1162,2.2336,-0.0922,0.0214,30,RACING,0,77.73,0.1409,2.234,2.500,99.000
1785589607.765,6.9415,8.9770,-2.1472,2.2336,-0.0922,0.1340,30,RACING,0,77.73,0.0856,2.234,2.500,99.000
1785589607.815,6.8768,8.8838,-2.1786,2.2336,-0.0729,0.1340,30,RACING,0,77.73,0.1381,2.234,2.500,99.000
1785589607.866,6.8121,8.7933,-2.2033,2.2869,-0.0730,0.0270,30,RACING,0,77.98,0.0965,2.287,2.500,99.000
1785589607.915,6.7440,8.7009,-2.2289,2.2869,-0.0574,0.0270,30,RACING,0,77.98,0.1223,2.287,2.500,99.000
1785589607.965,6.6737,8.6124,-2.2485,2.3393,-0.0573,0.0549,30,RACING,0,78.23,0.1097,2.339,2.500,99.000
1785589608.016,6.5964,8.5207,-2.2691,2.3393,-0.0435,0.0549,30,RACING,0,78.23,0.1086,2.339,2.500,99.000
1785589608.066,6.5204,8.4327,-2.2844,2.3517,-0.0432,0.2319,30,RACING,0,78.48,0.1152,2.352,2.500,99.000
1785589608.115,6.4422,8.3436,-2.3000,2.3517,-0.0433,0.2319,30,RACING,0,78.48,0.0960,2.352,2.500,99.000
1785589608.165,6.3646,8.2567,-2.3154,2.3714,-0.0307,0.0531,30,RACING,0,78.73,0.1234,2.371,2.500,99.000
1785589608.217,6.2830,8.1707,-2.3263,2.3714,-0.0303,0.0531,30,RACING,0,78.73,0.0829,2.371,2.500,99.000
1785589608.265,6.2009,8.0838,-2.3373,2.3533,-0.0203,0.1734,30,RACING,0,78.98,0.1281,2.353,2.500,99.000
1785589608.316,6.1181,7.9999,-2.3445,2.3533,-0.0199,0.1734,30,RACING,0,78.98,0.0702,2.353,2.500,99.000
1785589608.367,6.0348,7.9157,-2.3516,2.3151,-0.0121,0.2009,30,RACING,0,79.23,0.1350,2.315,2.500,99.000
1785589608.416,5.9557,7.8346,-2.3558,2.3151,-0.0125,0.2009,30,RACING,0,79.23,0.0608,2.315,2.500,99.000
1785589608.466,5.8721,7.7524,-2.3602,2.3151,-0.0063,0.0529,30,RACING,0,79.23,0.1240,2.315,2.500,99.000
1785589608.516,5.7898,7.6709,-2.3602,2.2530,-0.0075,0.0529,30,RACING,0,79.48,0.0557,2.253,2.500,99.000
1785589608.565,5.7068,7.5912,-2.3602,2.2530,-0.0034,0.1112,30,RACING,0,79.48,0.1017,2.253,2.500,99.000
1785589608.615,5.6306,7.5126,-2.3602,2.1668,-0.0049,0.1112,30,RACING,0,79.73,0.0657,2.167,2.500,99.000
1785589608.666,5.5588,7.4355,-2.3602,2.1668,-0.0030,0.2902,30,RACING,0,79.73,0.0715,2.167,2.500,99.000
1785589608.716,5.4839,7.3593,-2.3602,2.0655,-0.0040,0.2902,30,RACING,0,79.98,0.0974,2.066,2.500,99.000
1785589608.765,5.4048,7.2866,-2.3602,2.0655,-0.0029,0.0202,30,RACING,0,79.98,0.0413,2.066,2.500,99.000
1785589608.816,5.3327,7.2137,-2.3602,2.0655,0.0005,0.0202,30,RACING,0,79.98,0.1271,2.066,2.500,99.000
1785589608.866,5.2553,7.1386,-2.3602,1.9175,0.0011,0.0472,30,RACING,0,80.23,0.0370,1.917,2.500,99.000
1785589608.915,5.1877,7.0698,-2.3602,1.9175,0.0042,0.0472,30,RACING,0,80.23,0.0823,1.917,2.500,99.000
1785589608.966,5.1180,7.0026,-2.3602,1.7675,0.0054,0.0864,30,RACING,0,80.48,0.0813,1.669,2.500,99.000
1785589609.016,5.0526,6.9353,-2.3602,1.6687,0.0055,0.0864,30,RACING,0,80.48,0.0316,1.669,2.500,99.000
1785589609.065,4.9973,6.8787,-2.3602,1.6687,0.0089,0.2620,30,RACING,0,80.48,0.0997,1.669,2.500,99.000
1785589609.115,4.9359,6.8188,-2.3602,1.5187,0.0103,0.2620,30,RACING,0,80.73,0.0720,1.337,2.500,99.000
1785589609.166,4.8792,6.7631,-2.3578,1.3687,0.0105,0.0323,30,RACING,0,80.73,0.0243,1.337,2.500,99.000
1785589609.216,4.8287,6.7121,-2.3555,1.3372,0.0131,0.0323,30,RACING,0,80.73,0.0857,1.337,2.500,99.000
1785589609.266,4.7807,6.6649,-2.3528,1.1872,0.0133,0.0942,30,RACING,0,80.98,0.1011,1.133,2.500,99.000
1785589609.316,4.7359,6.6196,-2.3502,1.1327,0.0133,0.0942,30,RACING,0,80.98,0.0397,1.133,2.500,99.000
1785589609.365,4.6963,6.5787,-2.3479,1.1327,0.0131,0.0423,30,RACING,0,80.98,0.0272,1.133,2.500,99.000
1785589609.417,4.6567,6.5386,-2.3457,1.1327,0.0162,0.0423,30,RACING,0,80.98,0.0792,1.133,2.500,99.000
1785589609.466,4.6169,6.4980,-2.3429,1.0914,0.0162,0.0339,30,RACING,0,81.23,0.1165,1.091,2.500,99.000
1785589609.516,4.5817,6.4586,-2.3402,1.0914,0.0153,0.0339,30,RACING,0,81.23,0.0649,1.091,2.500,99.000
1785589609.566,4.5433,6.4198,-2.3377,1.0914,0.0156,0.1107,30,RACING,0,81.23,0.0177,1.091,2.500,99.000
1785589609.616,4.5046,6.3800,-2.3351,1.0914,0.0157,0.1107,30,RACING,0,81.23,0.0497,1.091,2.500,99.000
1785589609.666,4.4681,6.3413,-2.3326,1.0914,0.0195,0.1153,30,RACING,0,81.23,0.1017,1.091,2.500,99.000
1785589609.716,4.4309,6.3011,-2.3293,1.0914,0.0192,0.1153,30,RACING,0,81.48,0.0958,1.091,2.500,99.000
1785589609.766,4.3942,6.2619,-2.3262,1.0914,0.0191,0.0338,30,RACING,0,81.48,0.0436,1.091,2.500,99.000
1785589609.816,4.3568,6.2222,-2.3230,1.0914,0.0191,0.0338,30,RACING,0,81.48,0.0202,1.091,2.500,99.000
1785589609.865,4.3195,6.1818,-2.3198,1.0914,0.0241,0.0746,30,RACING,0,81.48,0.0703,1.091,2.500,99.000
1785589609.915,4.2833,6.1423,-2.3159,1.0914,0.0240,0.0746,30,RACING,0,81.48,0.1233,1.091,2.500,99.000
1785589609.965,4.2473,6.1021,-2.3119,1.0914,0.0237,0.1077,30,RACING,0,81.73,0.0752,1.091,2.500,99.000
1785589610.015,4.2105,6.0614,-2.3080,1.0914,0.0236,0.1077,30,RACING,0,81.73,0.0244,1.091,2.500,99.000
1785589610.066,4.1741,6.0211,-2.3041,1.0914,0.0236,0.1866,30,RACING,0,81.73,0.0390,1.091,2.500,99.000
1785589610.116,4.1375,5.9803,-2.3002,1.0914,0.0310,0.1866,30,RACING,0,81.73,0.0919,1.091,2.500,99.000
1785589610.165,4.1015,5.9396,-2.2963,1.0914,0.0315,0.0965,30,RACING,0,81.98,0.1063,1.091,2.500,99.000
1785589610.216,4.0661,5.8988,-2.2910,1.0914,0.0313,0.0965,30,RACING,0,81.98,0.0537,1.091,2.500,99.000
1785589610.269,4.0294,5.8580,-2.2859,1.0914,0.0313,0.0965,30,RACING,0,81.98,0.0168,1.091,2.500,99.000
1785589610.324,4.0294,5.8580,-2.2859,1.0914,0.0317,0.0965,30,RACING,0,81.98,0.0168,1.091,2.500,99.000
1785589610.393,4.0294,5.8580,-2.2859,1.0914,0.0317,0.0965,30,RACING,0,81.98,0.0168,1.091,2.500,99.000
1785589610.430,4.0294,5.8580,-2.2859,1.0914,0.0317,0.0965,30,RACING,0,81.98,0.0168,1.091,2.500,99.000
1785589610.480,4.0294,5.8580,-2.2859,1.0914,0.0317,0.0965,30,RACING,0,81.98,0.0168,1.091,2.500,99.000
1785589610.518,4.0294,5.8580,-2.2859,1.0914,0.0317,0.0965,30,RACING,0,81.98,0.0168,1.091,2.500,99.000
1785589610.572,3.9753,5.7981,-2.2784,1.0914,0.0317,0.0965,30,RACING,0,81.98,0.0860,1.091,2.500,99.000
1785589610.617,3.7957,5.5816,-2.2513,1.0914,0.0317,0.0965,30,RACING,0,82.23,0.1176,1.091,2.500,99.000
1785589610.665,3.7254,5.4924,-2.2403,1.0914,0.0430,0.0438,30,RACING,0,82.48,0.0275,1.091,2.500,1.582
1785589610.713,3.6943,5.4532,-2.2273,1.0914,0.1407,0.0438,30,RACING,0,82.48,0.0359,1.091,2.500,1.582
1785589610.764,3.6630,5.4120,-2.2163,1.0914,0.0700,0.0254,30,RACING,0,82.48,0.0846,1.091,2.500,2.425
1785589610.814,3.6292,5.3657,-2.1994,1.0914,0.0962,0.0937,30,RACING,0,82.73,0.1122,1.091,2.500,99.000
1785589610.865,3.5989,5.3219,-2.1836,1.0914,0.0960,0.0937,30,RACING,0,82.73,0.0616,1.091,2.500,99.000
1785589610.914,3.5657,5.2734,-2.1666,1.0914,0.0956,0.0937,30,RACING,0,82.73,0.0265,1.091,2.500,99.000
1785589610.964,3.5394,5.2313,-2.1490,1.0914,0.1146,0.0736,30,RACING,0,82.73,0.0597,1.091,2.500,1.967
1785589611.015,3.5103,5.1852,-2.1270,1.0914,0.1326,0.0349,30,RACING,0,82.73,0.1113,1.091,2.500,2.217
1785589611.065,3.4820,5.1387,-2.1082,1.0914,0.1134,0.0349,30,RACING,0,82.98,0.0955,1.091,2.500,2.217
1785589611.114,3.4545,5.0910,-2.0819,1.0914,0.1660,0.1575,30,RACING,0,82.98,0.0523,1.091,2.500,2.217
1785589611.164,3.4272,5.0433,-2.0543,1.0914,0.1668,0.1575,30,RACING,0,82.98,0.0493,1.091,2.500,2.150
1785589611.214,3.4011,4.9947,-2.0263,1.0914,0.1674,0.2487,30,RACING,0,82.98,0.0913,1.091,2.500,1.769
1785589611.264,3.3788,4.9455,-1.9856,1.0914,0.2407,0.2487,30,RACING,0,83.23,0.1293,1.091,2.500,1.769
1785589611.315,3.3588,4.8949,-1.9454,1.0914,0.2391,0.0917,30,RACING,0,83.23,0.0896,1.091,2.500,1.989
1785589611.364,3.3386,4.8435,-1.9076,1.0914,0.2247,0.0917,30,RACING,0,83.23,0.0727,1.091,2.500,1.989
1785589611.414,3.3223,4.7911,-1.8626,1.0914,0.2630,0.0585,30,RACING,0,83.23,0.0959,1.091,2.500,1.934
1785589611.464,3.3095,4.7393,-1.8183,1.0914,0.2645,0.0585,30,RACING,0,83.23,0.1386,1.091,2.500,1.934
1785589611.514,3.2986,4.6863,-1.7738,1.0914,0.2635,0.0480,30,RACING,0,83.48,0.1417,1.091,2.500,1.819
1785589611.564,3.2903,4.6322,-1.7241,1.0914,0.2879,0.0480,30,RACING,0,83.48,0.1292,1.091,2.500,1.819
1785589611.615,3.2830,4.5788,-1.6761,1.0914,0.2870,0.0620,30,RACING,0,83.48,0.1395,1.091,2.500,1.834
1785589611.664,3.2785,4.5244,-1.6271,1.0914,0.2861,0.0620,30,RACING,0,83.48,0.1700,1.091,2.500,1.834
1785589611.714,3.2774,4.4666,-1.5759,1.0914,0.2854,0.0498,30,RACING,0,83.73,0.1993,1.091,2.500,1.850
1785589611.764,3.2765,4.4149,-1.5290,1.0914,0.2912,0.0498,30,RACING,0,83.73,0.1904,1.091,2.500,1.850
1785589611.814,3.2812,4.3616,-1.4799,1.0914,0.2910,0.0554,30,RACING,0,83.73,0.2011,1.091,2.500,1.796
1785589611.864,3.2869,4.3065,-1.4295,1.0914,0.2917,0.0554,30,RACING,0,83.73,0.2261,1.091,2.500,1.796
1785589611.914,3.2969,4.2533,-1.3805,1.0914,0.2912,0.2890,30,RACING,0,83.98,0.2430,1.091,2.500,99.000
1785589611.964,3.3091,4.2004,-1.3341,1.0914,0.2748,0.2890,30,RACING,0,83.98,0.2404,1.091,2.500,99.000
1785589612.014,3.3223,4.1459,-1.2864,1.0914,0.2747,0.0502,30,RACING,1,0.00,0.2477,1.091,2.500,1.711
1785589612.064,3.3389,4.0954,-1.2387,1.0914,0.2879,0.0502,30,RACING,1,0.00,0.2464,1.091,2.500,1.711
1785589612.115,3.3582,4.0441,-1.1897,1.0914,0.2871,0.1332,30,RACING,1,0.25,0.2537,1.254,2.500,99.000
1785589612.164,3.3819,3.9883,-1.1380,1.2164,0.2729,0.1332,30,RACING,1,0.25,0.2235,1.254,2.500,99.000
1785589612.214,3.4088,3.9311,-1.0877,1.2544,0.2556,0.1355,30,RACING,1,0.25,0.2089,1.254,2.500,1.773
1785589612.264,3.4372,3.8769,-1.0359,1.2544,0.2700,0.1355,30,RACING,1,0.50,0.2134,1.563,2.500,1.773
1785589612.314,3.4707,3.8192,-0.9789,1.3794,0.2690,0.0683,30,RACING,1,0.50,0.1636,1.563,2.500,1.792
1785589612.364,3.5131,3.7585,-0.9170,1.5044,0.2671,0.0683,30,RACING,1,0.50,0.1339,1.563,2.500,1.792
1785589612.414,3.5621,3.6977,-0.8574,1.5634,0.2457,0.0299,30,RACING,1,0.50,0.1481,1.563,2.500,1.868
1785589612.464,3.6154,3.6394,-0.7989,1.5634,0.2400,0.0299,30,RACING,1,0.75,0.0992,1.822,2.500,1.868
1785589612.514,3.6766,3.5811,-0.7375,1.6884,0.2387,0.0367,30,RACING,1,0.75,0.0565,1.822,2.500,1.979
1785589612.564,3.7467,3.5219,-0.6723,1.8134,0.2312,0.0367,30,RACING,1,0.75,0.1130,1.822,2.500,1.979
1785589612.615,3.8182,3.4673,-0.6155,1.8220,0.2032,0.0708,30,RACING,1,1.00,0.0524,1.989,2.500,2.194
1785589612.665,3.8985,3.4140,-0.5594,1.9470,0.1910,0.0708,30,RACING,1,1.00,0.0459,1.989,2.500,2.194
1785589612.714,3.9812,3.3642,-0.5013,1.9886,0.1911,0.0747,30,RACING,1,1.25,0.1236,2.113,2.500,2.485
1785589612.764,4.0745,3.3160,-0.4495,2.1127,0.1602,0.0747,30,RACING,1,1.25,0.0625,2.113,2.500,2.485
1785589612.814,4.1718,3.2724,-0.3974,2.1127,0.1601,0.0541,30,RACING,1,1.25,0.1191,2.113,2.500,99.000
1785589612.864,4.2671,3.2338,-0.3549,2.1127,0.1326,0.0541,30,RACING,1,1.50,0.1091,2.184,2.500,99.000
1785589612.914,4.3651,3.1979,-0.3109,2.1837,0.1324,0.1168,30,RACING,1,1.50,0.1121,2.184,2.500,99.000
1785589612.964,4.4642,3.1666,-0.2667,2.1837,0.1321,0.1168,30,RACING,1,1.75,0.1558,2.255,2.500,99.000
1785589613.014,4.5730,3.1388,-0.2314,2.2550,0.1038,0.0302,30,RACING,1,1.75,0.1194,2.255,2.500,99.000
1785589613.064,4.6834,3.1147,-0.1954,2.2550,0.1039,0.0302,30,RACING,1,1.75,0.1694,2.255,2.500,99.000
1785589613.114,4.7965,3.0944,-0.1679,2.2550,0.0806,0.0865,30,RACING,1,2.00,0.1261,2.306,2.500,99.000
1785589613.164,4.9120,3.0768,-0.1396,2.3058,0.0807,0.0865,30,RACING,1,2.00,0.1559,2.306,2.500,99.000
1785589613.214,5.0218,3.0620,-0.1181,2.3058,0.0614,0.0297,30,RACING,1,2.25,0.1315,2.320,2.500,99.000
1785589613.264,5.1385,3.0496,-0.0967,2.3195,0.0612,0.0297,30,RACING,1,2.25,0.1387,2.320,2.500,99.000
1785589613.314,5.2526,3.0394,-0.0806,2.3195,0.0458,0.0323,30,RACING,1,2.50,0.1342,2.352,2.500,99.000
1785589613.364,5.3684,3.0308,-0.0642,2.3524,0.0457,0.0323,30,RACING,1,2.50,0.1213,2.352,2.500,99.000
1785589613.415,5.4849,3.0243,-0.0480,2.3524,0.0456,0.1623,30,RACING,1,2.75,0.1369,2.387,2.500,99.000
1785589613.465,5.6030,3.0193,-0.0367,2.3872,0.0311,0.1623,30,RACING,1,2.75,0.1041,2.387,2.500,99.000
1785589613.517,5.6030,3.0193,-0.0367,2.3872,0.0309,0.1623,30,RACING,1,2.75,0.1041,2.387,2.500,99.000
1785589613.571,5.6030,3.0193,-0.0367,2.3872,0.0309,0.1623,30,RACING,1,2.75,0.1041,2.387,2.500,99.000
1785589613.614,5.9522,3.0121,-0.0032,2.3872,0.0309,0.0305,30,RACING,1,3.25,0.1455,2.401,2.500,99.000
1785589613.664,6.0712,3.0118,-0.0032,2.4006,0.0084,0.0305,30,RACING,1,3.25,0.0704,2.401,2.500,99.000
1785589613.714,6.1931,3.0116,0.0005,2.4006,0.0100,0.1010,30,RACING,1,3.25,0.1330,2.401,2.500,99.000
1785589613.764,6.3130,3.0117,0.0005,2.4006,0.0054,0.1010,30,RACING,1,3.50,0.0575,2.408,2.500,99.000
1785589613.814,6.4320,3.0117,0.0005,2.4084,0.0064,0.1328,30,RACING,1,3.50,0.1162,2.408,2.500,99.000
1785589613.864,6.5541,3.0118,0.0005,2.4084,0.0044,0.1328,30,RACING,1,3.75,0.0496,2.421,2.500,99.000
1785589613.914,6.6724,3.0119,0.0005,2.4212,0.0053,0.0874,30,RACING,1,3.75,0.1025,2.421,2.500,99.000
1785589613.964,6.7936,3.0119,0.0005,2.4212,0.0039,0.0874,30,RACING,1,4.00,0.0485,2.435,2.500,99.000
1785589614.014,6.9157,3.0120,0.0005,2.4350,0.0047,0.1814,30,RACING,1,4.00,0.0926,2.435,2.500,99.000
1785589614.064,7.0392,3.0121,0.0005,2.4350,0.0038,0.1814,30,RACING,1,4.25,0.0472,2.445,2.500,99.000
1785589614.114,7.1619,3.0121,0.0005,2.4453,0.0046,0.1159,30,RACING,1,4.25,0.0867,2.445,2.500,99.000
1785589614.164,7.2843,3.0122,0.0005,2.4453,0.0041,0.1159,30,RACING,1,4.50,0.0488,2.452,2.500,99.000
1785589614.214,7.4067,3.0122,0.0005,2.4516,0.0049,0.0623,30,RACING,1,4.50,0.0802,2.452,2.500,99.000
1785589614.264,7.5293,3.0123,0.0005,2.4516,0.0047,0.0623,30,RACING,1,4.75,0.0520,2.454,2.500,99.000
1785589614.314,7.6541,3.0124,0.0005,2.4541,0.0056,0.1587,30,RACING,1,4.75,0.0768,2.454,2.500,99.000
1785589614.364,7.7817,3.0124,0.0005,2.4541,0.0057,0.1587,30,RACING,1,5.00,0.0490,2.456,2.500,99.000
1785589614.414,7.9076,3.0125,0.0005,2.4560,0.0068,0.0425,30,RACING,1,5.00,0.0798,2.456,2.500,99.000
1785589614.464,8.0263,3.0125,0.0005,2.4560,0.0070,0.0425,30,RACING,1,5.25,0.0538,2.464,2.500,99.000
1785589614.514,8.1489,3.0126,0.0005,2.4643,0.0084,0.0804,30,RACING,1,5.25,0.0710,2.464,2.500,99.000
1785589614.564,8.2703,3.0127,0.0005,2.4643,0.0085,0.0804,30,RACING,1,5.50,0.0597,2.465,2.500,99.000
1785589614.614,8.3873,3.0130,0.0043,2.4651,0.0102,0.0622,30,RACING,1,5.50,0.0595,2.465,2.500,99.000
1785589614.665,8.5146,3.0135,0.0043,2.4651,0.0084,0.0622,30,RACING,1,5.75,0.0654,2.465,2.500,99.000
1785589614.714,8.6359,3.0143,0.0081,2.4651,0.0101,0.1774,30,RACING,1,5.75,0.0581,2.465,2.500,99.000
1785589614.764,8.7599,3.0153,0.0081,2.4651,0.0083,0.1774,30,RACING,1,6.00,0.0700,2.467,2.500,99.000
1785589614.814,8.8811,3.0163,0.0081,2.4673,0.0100,0.0779,30,RACING,1,6.00,0.0534,2.467,2.500,99.000
1785589614.865,9.0002,3.0173,0.0081,2.4673,0.0099,0.0779,30,RACING,1,6.25,0.0798,2.463,2.500,99.000
1785589614.914,9.1270,3.0186,0.0126,2.4633,0.0118,0.1500,30,RACING,1,6.25,0.0497,2.463,2.500,99.000
1785589614.964,9.2436,3.0203,0.0169,2.4633,0.0118,0.1500,30,RACING,1,6.50,0.0864,2.457,2.500,99.000
1785589615.014,9.3656,3.0224,0.0169,2.4569,0.0090,0.0357,30,RACING,1,6.50,0.0388,2.457,2.500,99.000
1785589615.064,9.4884,3.0247,0.0209,2.4569,0.0109,0.0357,30,RACING,1,6.75,0.0916,2.451,2.500,99.000
1785589615.114,9.6112,3.0273,0.0209,2.4515,0.0082,0.0500,30,RACING,1,6.75,0.0347,2.451,2.500,99.000
1785589615.164,9.7344,3.0299,0.0209,2.4515,0.0099,0.0500,30,RACING,1,7.00,0.0956,2.447,2.500,99.000
1785589615.214,9.8533,3.0325,0.0209,2.4472,0.0091,0.0558,30,RACING,1,7.00,0.0280,2.447,2.500,99.000
1785589615.264,9.9746,3.0352,0.0249,2.4472,0.0110,0.0558,30,RACING,1,7.25,0.1054,2.444,2.500,99.000
1785589615.314,10.0955,3.0383,0.0249,2.4441,0.0079,0.0419,30,RACING,1,7.25,0.0220,2.444,2.500,99.000
1785589615.364,10.2237,3.0414,0.0249,2.4441,0.0094,0.0419,30,RACING,1,7.50,0.1064,2.442,2.500,99.000
1785589615.414,10.3445,3.0444,0.0249,2.4423,0.0083,0.0227,30,RACING,1,7.50,0.0220,2.442,2.500,99.000
1785589615.465,10.4649,3.0474,0.0249,2.4423,0.0099,0.0227,30,RACING,1,7.75,0.1152,2.442,2.500,99.000
1785589615.515,10.5847,3.0505,0.0249,2.4420,0.0083,0.1010,30,RACING,1,7.75,0.0179,2.442,2.500,99.000
1785589615.564,10.7038,3.0535,0.0249,2.4420,0.0100,0.1010,30,RACING,1,7.75,0.1262,2.442,2.500,99.000
1785589615.614,10.8291,3.0565,0.0249,2.4420,0.0080,0.0939,30,RACING,1,8.00,0.0186,2.442,2.500,99.000
1785589615.665,10.9534,3.0595,0.0249,2.4418,0.0097,0.0939,30,RACING,1,8.00,0.1262,2.442,2.500,99.000
1785589615.714,11.0787,3.0626,0.0249,2.4418,0.0075,0.1284,30,RACING,1,8.25,0.0204,2.442,2.500,99.000
1785589615.764,11.1993,3.0657,0.0249,2.4418,0.0091,0.1284,30,RACING,1,8.25,0.1224,2.442,2.500,99.000
1785589615.814,11.3193,3.0687,0.0249,2.4418,0.0064,0.0427,30,RACING,1,8.50,0.0238,2.442,2.500,99.000
1785589615.864,11.4465,3.0717,0.0249,2.4418,0.0077,0.0427,30,RACING,1,8.50,0.1200,2.442,2.500,99.000
1785589615.915,11.5674,3.0748,0.0249,2.4418,0.0049,0.1422,30,RACING,1,8.75,0.0256,2.442,2.500,99.000
1785589615.964,11.6926,3.0778,0.0249,2.4418,0.0059,0.1422,30,RACING,1,8.75,0.1165,2.442,2.500,99.000
1785589616.014,11.8165,3.0808,0.0249,2.4418,0.0028,0.0465,30,RACING,1,9.00,0.0265,2.442,2.500,99.000
1785589616.064,11.9381,3.0839,0.0249,2.4418,0.0034,0.0465,30,RACING,1,9.00,0.1123,2.442,2.500,99.000
1785589616.114,12.0650,3.0869,0.0249,2.4418,0.0001,0.0987,30,RACING,1,9.25,0.0269,2.442,2.500,99.000
1785589616.164,12.1872,3.0900,0.0249,2.4418,0.0002,0.0987,30,RACING,1,9.25,0.1114,2.442,2.500,99.000
1785589616.214,12.3090,3.0931,0.0249,2.4418,-0.0032,0.3315,30,RACING,1,9.50,0.0290,2.442,2.500,99.000
1785589616.264,12.4268,3.0960,0.0249,2.4418,-0.0039,0.3315,30,RACING,1,9.50,0.1009,2.442,2.500,99.000
1785589616.314,12.5496,3.0991,0.0249,2.4418,-0.0072,0.0442,30,RACING,1,9.75,0.0342,2.442,2.500,99.000
1785589616.364,12.6705,3.1022,0.0249,2.4418,-0.0086,0.0442,30,RACING,1,9.75,0.0943,2.442,2.500,99.000
1785589616.414,12.7876,3.1049,0.0206,2.4418,-0.0117,0.0384,30,RACING,1,10.00,0.0429,2.442,2.500,99.000
1785589616.465,12.9103,3.1072,0.0163,2.4418,-0.0116,0.0384,30,RACING,1,10.00,0.0837,2.442,2.500,99.000
1785589616.515,13.0313,3.1089,0.0118,2.4418,-0.0122,0.0302,30,RACING,1,10.25,0.0478,2.442,2.500,99.000
1785589616.564,13.1520,3.1101,0.0074,2.4418,-0.0122,0.0302,30,RACING,1,10.25,0.0751,2.442,2.500,99.000
1785589616.614,13.2753,3.1107,0.0028,2.4418,-0.0122,0.0398,30,RACING,1,10.50,0.0529,2.442,2.500,99.000
1785589616.665,13.3973,3.1108,-0.0018,2.4418,-0.0122,0.0398,30,RACING,1,10.50,0.0701,2.442,2.500,99.000
1785589616.714,13.5201,3.1103,-0.0061,2.4418,-0.0118,0.0538,30,RACING,1,10.75,0.0577,2.442,2.500,99.000
1785589616.764,13.6430,3.1093,-0.0105,2.4418,-0.0119,0.0538,30,RACING,1,10.75,0.0657,2.442,2.500,99.000
1785589616.814,13.7666,3.1078,-0.0146,2.4418,-0.0111,0.0627,30,RACING,1,11.00,0.0610,2.442,2.500,99.000
1785589616.864,13.8894,3.1058,-0.0187,2.4418,-0.0112,0.0627,30,RACING,1,11.00,0.0619,2.442,2.500,99.000
1785589616.914,14.0113,3.1032,-0.0225,2.4418,-0.0102,0.1580,30,RACING,1,11.25,0.0662,2.448,2.500,99.000
1785589616.964,14.1360,3.1002,-0.0263,2.4480,-0.0102,0.1580,30,RACING,1,11.25,0.0586,2.448,2.500,99.000
1785589617.014,14.2627,3.0969,-0.0263,2.4480,-0.0091,0.2573,30,RACING,1,11.50,0.0647,2.462,2.500,99.000
1785589617.064,14.3867,3.0935,-0.0304,2.4616,-0.0110,0.2573,30,RACING,1,11.50,0.0594,2.462,2.500,99.000
1785589617.114,14.5079,3.0898,-0.0304,2.4616,-0.0094,0.0302,30,RACING,1,11.75,0.0695,2.468,2.500,99.000
1785589617.164,14.6336,3.0857,-0.0346,2.4684,-0.0112,0.0302,30,RACING,1,11.75,0.0566,2.468,2.500,99.000
1785589617.214,14.7599,3.0815,-0.0346,2.4684,-0.0092,0.2067,30,RACING,1,12.00,0.0676,2.463,2.500,99.000
1785589617.264,14.8832,3.0770,-0.0387,2.4630,-0.0111,0.2067,30,RACING,1,12.00,0.0566,2.463,2.500,99.000
1785589617.314,15.0072,3.0721,-0.0387,2.4630,-0.0087,0.1021,30,RACING,1,12.25,0.0705,2.460,2.500,99.000
1785589617.364,15.1285,3.0672,-0.0425,2.4597,-0.0104,0.1021,30,RACING,1,12.25,0.0525,2.460,2.500,99.000
1785589617.414,15.2505,3.0619,-0.0425,2.4597,-0.0079,0.0865,30,RACING,1,12.50,0.0772,2.458,2.500,99.000
1785589617.464,15.3684,3.0568,-0.0425,2.4581,-0.0094,0.0865,30,RACING,1,12.50,0.0434,2.458,2.500,99.000
1785589617.514,15.4922,3.0513,-0.0468,2.4581,-0.0113,0.1248,30,RACING,1,12.75,0.0855,2.449,2.500,99.000
1785589617.564,15.6167,3.0456,-0.0468,2.4485,-0.0078,0.1248,30,RACING,1,12.75,0.0426,2.449,2.500,99.000
1785589617.615,15.7369,3.0399,-0.0468,2.4485,-0.0096,0.0577,30,RACING,1,13.00,0.0908,2.449,2.500,99.000
1785589617.665,15.8637,3.0341,-0.0468,2.4485,-0.0079,0.0577,30,RACING,1,13.00,0.0406,2.449,2.500,99.000
1785589617.714,15.9840,3.0285,-0.0468,2.4485,-0.0097,0.1652,30,RACING,1,13.25,0.0936,2.442,2.500,99.000
1785589617.764,16.1075,3.0227,-0.0468,2.4420,-0.0078,0.1652,30,RACING,1,13.25,0.0360,2.442,2.500,99.000
1785589617.814,16.2303,3.0170,-0.0468,2.4420,-0.0095,0.1149,30,RACING,1,13.50,0.0973,2.434,2.500,99.000
1785589617.864,16.3552,3.0113,-0.0468,2.4337,-0.0074,0.1149,30,RACING,1,13.50,0.0352,2.434,2.500,99.000
1785589617.915,16.4770,3.0056,-0.0468,2.4337,-0.0091,0.0888,30,RACING,1,13.75,0.1006,2.434,2.500,99.000
1785589617.964,16.5976,2.9999,-0.0468,2.4337,-0.0067,0.0888,30,RACING,1,13.75,0.0301,2.434,2.500,99.000
1785589618.014,16.7191,2.9942,-0.0468,2.4337,-0.0080,0.0354,30,RACING,1,14.00,0.1083,2.422,2.500,99.000
1785589618.064,16.8361,2.9886,-0.0468,2.4222,-0.0055,0.0354,30,RACING,1,14.00,0.0240,2.422,2.500,99.000
1785589618.114,16.9557,2.9829,-0.0468,2.4222,-0.0065,0.0842,30,RACING,1,14.25,0.1212,2.421,2.500,99.000
1785589618.164,17.0815,2.9772,-0.0468,2.4211,-0.0037,0.0842,30,RACING,1,14.25,0.0228,2.421,2.500,99.000
1785589618.215,17.2040,2.9716,-0.0468,2.4211,-0.0046,0.1356,30,RACING,1,14.50,0.1226,2.414,2.500,99.000
1785589618.264,17.3246,2.9660,-0.0468,2.4141,-0.0018,0.1356,30,RACING,1,14.50,0.0216,2.414,2.500,99.000
1785589618.314,17.4434,2.9602,-0.0468,2.4141,-0.0021,0.0969,30,RACING,1,14.50,0.1209,2.414,2.500,99.000
1785589618.364,17.5600,2.9547,-0.0468,2.4141,0.0009,0.0969,30,RACING,1,14.75,0.0248,2.405,2.500,99.000
1785589618.415,17.6839,2.9490,-0.0468,2.4047,0.0011,0.0794,30,RACING,1,14.75,0.1116,2.405,2.500,99.000
1785589618.464,17.8052,2.9434,-0.0468,2.4047,0.0040,0.0794,30,RACING,1,15.00,0.0263,2.401,2.500,99.000
1785589618.514,17.9238,2.9379,-0.0468,2.4012,0.0047,0.1118,30,RACING,1,15.00,0.1015,2.401,2.500,99.000
1785589618.564,18.0425,2.9322,-0.0468,2.4012,0.0075,0.1118,30,RACING,1,15.25,0.0347,2.391,2.500,99.000
1785589618.614,18.1637,2.9267,-0.0468,2.3909,0.0090,0.0343,30,RACING,1,15.25,0.0914,2.391,2.500,99.000
1785589618.664,18.2846,2.9213,-0.0425,2.3909,0.0117,0.0343,30,RACING,1,15.50,0.0404,2.384,2.500,99.000
1785589618.715,18.4011,2.9165,-0.0383,2.3840,0.0117,0.0473,30,RACING,1,15.50,0.0786,2.384,2.500,99.000
1785589618.764,18.5198,2.9122,-0.0339,2.3840,0.0122,0.0473,30,RACING,1,15.75,0.0540,2.376,2.500,99.000
1785589618.815,18.6375,2.9085,-0.0295,2.3757,0.0122,0.0535,30,RACING,1,15.75,0.0649,2.376,2.500,99.000
1785589618.865,18.7585,2.9052,-0.0249,2.3757,0.0125,0.0535,30,RACING,1,16.00,0.0647,2.364,2.500,99.000
1785589618.914,18.8790,2.9025,-0.0204,2.3635,0.0126,0.2052,30,RACING,1,16.00,0.0563,2.364,2.500,99.000
1785589618.964,18.9952,2.9004,-0.0158,2.3635,0.0129,0.2052,30,RACING,1,16.25,0.0777,2.359,2.500,99.000
1785589619.014,19.1118,2.8988,-0.0112,2.3590,0.0129,0.0583,30,RACING,1,16.25,0.0392,2.359,2.500,99.000
1785589619.064,19.2297,2.8977,-0.0066,2.3590,0.0129,0.0583,30,RACING,1,16.50,0.0931,2.340,2.500,99.000
1785589619.114,19.3457,2.8972,-0.0019,2.3403,0.0132,0.0491,30,RACING,1,16.50,0.0230,2.340,2.500,99.000
1785589619.165,19.4612,2.8972,0.0027,2.3403,0.0132,0.0491,30,RACING,1,16.75,0.1116,2.330,2.500,99.000
1785589619.214,19.5805,2.8978,0.0075,2.3296,0.0136,0.0428,30,RACING,1,16.75,0.0079,2.330,2.500,99.000
1785589619.264,19.7006,2.8990,0.0124,2.3296,0.0137,0.0428,30,RACING,1,17.00,0.1222,2.329,2.500,99.000
1785589619.314,19.8160,2.9007,0.0174,2.3288,0.0142,0.1204,30,RACING,1,17.00,0.0068,2.329,2.500,99.000
1785589619.365,19.9345,2.9031,0.0224,2.3288,0.0142,0.1204,30,RACING,1,17.00,0.1118,2.329,2.500,99.000
1785589619.414,20.0474,2.9059,0.0276,2.3288,0.0148,0.0297,30,RACING,1,17.25,0.0254,2.296,2.500,99.000
1785589619.465,20.1613,2.9094,0.0327,2.2958,0.0148,0.0297,30,RACING,1,17.25,0.0887,2.296,2.500,99.000
1785589619.515,20.2749,2.9134,0.0381,2.2958,0.0154,0.1044,30,RACING,1,17.50,0.0477,2.287,2.500,99.000
1785589619.564,20.3889,2.9181,0.0434,2.2869,0.0154,0.1044,30,RACING,1,17.50,0.0664,2.287,2.500,99.000
1785589619.614,20.5046,2.9234,0.0491,2.2869,0.0163,0.1386,30,RACING,1,17.75,0.0678,2.287,2.500,99.000
1785589619.665,20.6216,2.9294,0.0547,2.2869,0.0163,0.1386,30,RACING,1,17.75,0.0495,2.287,2.500,99.000
1785589619.714,20.7344,2.9361,0.0605,2.2869,0.0164,0.0658,30,RACING,1,18.00,0.0875,2.263,2.500,99.000
1785589619.764,20.8426,2.9432,0.0664,2.2630,0.0174,0.0658,30,RACING,1,18.00,0.0211,2.263,2.500,99.000
1785589619.815,20.9508,2.9510,0.0723,2.2630,0.0172,0.0466,30,RACING,1,18.25,0.1206,2.232,2.500,99.000
1785589619.865,21.0622,2.9594,0.0785,2.2316,0.0183,0.0466,30,RACING,1,18.25,0.0095,2.232,2.500,99.000
1785589619.914,21.1744,2.9684,0.0846,2.2316,0.0183,0.0231,30,RACING,1,18.25,0.1038,2.232,2.500,99.000
1785589619.964,21.2857,2.9783,0.0913,2.2316,0.0198,0.0231,30,RACING,1,18.50,0.0347,2.209,2.500,99.000
1785589620.014,21.3974,2.9890,0.0981,2.2088,0.0198,0.0221,30,RACING,1,18.50,0.0779,2.209,2.500,99.000
1785589620.064,21.5066,3.0000,0.1051,2.2088,0.0213,0.0221,30,RACING,1,18.75,0.0627,2.192,2.500,99.000
1785589620.114,21.6183,3.0118,0.1122,2.1919,0.0214,0.2791,30,RACING,1,18.75,0.0501,2.192,2.500,99.000
1785589620.164,21.7297,3.0248,0.1201,2.1919,0.0233,0.2791,30,RACING,1,19.00,0.0881,2.178,2.500,99.000
1785589620.214,21.8383,3.0382,0.1278,2.1777,0.0232,0.1090,30,RACING,1,19.00,0.0221,2.178,2.500,1.544
1785589620.272,21.8383,3.0382,0.1278,2.0277,0.1109,0.1090,30,RACING,1,19.00,0.0221,2.178,2.500,1.544
1785589620.314,21.9514,3.0538,0.1502,1.8777,0.1109,0.1090,30,RACING,1,19.00,0.1144,2.178,2.500,1.544
1785589620.364,22.1225,3.0852,0.2086,1.7277,0.1071,0.0216,30,RACING,1,19.25,0.0610,2.160,2.500,99.000
1785589620.414,22.2173,3.1051,0.2149,1.8527,-0.0025,0.0201,30,RACING,1,19.50,0.0952,2.139,2.500,99.000
1785589620.464,22.3163,3.1259,0.2149,1.9777,-0.0059,0.0201,30,RACING,1,19.50,0.0245,2.139,2.500,99.000
1785589620.515,22.4206,3.1489,0.2149,2.1027,-0.0066,0.2615,30,RACING,1,19.50,0.1180,2.139,2.500,99.000
1785589620.564,22.5226,3.1708,0.2149,2.1387,0.0023,0.2615,30,RACING,1,19.75,0.0447,2.119,2.500,99.000
1785589620.614,22.6278,3.1937,0.2149,2.1191,0.0028,0.0221,30,RACING,1,19.75,0.0848,2.119,2.500,99.000
1785589620.664,22.7293,3.2162,0.2188,2.1191,0.0123,0.0221,30,RACING,1,20.00,0.0782,2.106,2.500,99.000
1785589620.715,22.8338,3.2393,0.2227,2.1064,0.0122,0.0540,30,RACING,1,20.00,0.0551,2.106,2.500,99.000
1785589620.764,22.9382,3.2631,0.2267,2.1064,0.0124,0.0540,30,RACING,1,20.25,0.1110,2.097,2.500,99.000
1785589620.814,23.0406,3.2870,0.2335,2.0970,0.0215,0.2190,30,RACING,1,20.25,0.0404,2.097,2.500,99.000
1785589620.864,23.1428,3.3113,0.2403,2.0970,0.0216,0.2190,30,RACING,1,20.25,0.1144,2.097,2.500,99.000
1785589620.915,23.2466,3.3367,0.2497,2.0970,0.0294,0.1174,30,RACING,1,20.50,0.0527,2.087,2.500,99.000
1785589620.964,23.3502,3.3634,0.2592,2.0868,0.0297,0.1174,30,RACING,1,20.50,0.0816,2.087,2.500,99.000
1785589621.015,23.4537,3.3903,0.2705,2.0868,0.0362,0.1099,30,RACING,1,20.75,0.0790,2.079,2.500,99.000
1785589621.064,23.5538,3.4189,0.2822,2.0792,0.0368,0.1099,30,RACING,1,20.75,0.0491,2.079,2.500,99.000
1785589621.114,23.6548,3.4480,0.2936,2.0792,0.0367,0.0907,30,RACING,1,21.00,0.1150,2.075,2.500,99.000
1785589621.164,23.7548,3.4792,0.3075,2.0745,0.0433,0.0907,30,RACING,1,21.00,0.0327,2.075,2.500,99.000
1785589621.214,23.8473,3.5110,0.3209,2.0745,0.0432,0.1895,30,RACING,1,21.00,0.0985,2.075,2.500,99.000
1785589621.265,23.9438,3.5446,0.3359,2.0745,0.0475,0.1895,30,RACING,1,21.25,0.0630,2.073,2.500,99.000
1785589621.314,24.0452,3.5799,0.3509,2.0730,0.0471,0.0551,30,RACING,1,21.25,0.0614,2.073,2.500,99.000
1785589621.364,24.1429,3.6159,0.3672,2.0730,0.0525,0.0551,30,RACING,1,21.50,0.0959,2.073,2.500,99.000
1785589621.414,24.2372,3.6535,0.3836,2.0730,0.0528,0.0867,30,RACING,1,21.50,0.0295,2.073,2.500,99.000
1785589621.464,24.3329,3.6937,0.4004,2.0730,0.0525,0.0867,30,RACING,1,21.50,0.1173,2.073,2.500,99.000
1785589621.514,24.4317,3.7349,0.4183,2.0730,0.0571,0.0209,30,RACING,1,21.75,0.0373,2.073,2.500,99.000
1785589621.564,24.5267,3.7777,0.4366,2.0730,0.0581,0.0209,30,RACING,1,21.75,0.0798,2.073,2.500,99.000
1785589621.614,24.6192,3.8223,0.4561,2.0730,0.0624,0.1530,30,RACING,1,22.00,0.0739,2.073,2.500,99.000
1785589621.665,24.7128,3.8685,0.4756,2.0730,0.0622,0.1530,30,RACING,1,22.00,0.0403,2.073,2.500,99.000
1785589621.714,24.8023,3.9169,0.4953,2.0730,0.0627,0.1964,30,RACING,1,22.25,0.1152,2.073,2.500,99.000
1785589621.764,24.8936,3.9675,0.5163,2.0730,0.0663,0.1964,30,RACING,1,22.25,0.0224,2.073,2.500,99.000
1785589621.814,24.9822,4.0188,0.5369,2.0730,0.0663,0.0535,30,RACING,1,22.25,0.0961,2.073,2.500,99.000
1785589621.864,25.0745,4.0741,0.5595,2.0730,0.0702,0.0535,30,RACING,1,22.50,0.0512,2.073,2.500,99.000
1785589621.914,25.1605,4.1293,0.5814,2.0730,0.0707,0.0992,30,RACING,1,22.50,0.0574,2.073,2.500,99.000
1785589621.964,25.2502,4.1876,0.6048,2.0730,0.0738,0.0992,30,RACING,1,22.75,0.0891,2.073,2.500,99.000
1785589622.014,25.3383,4.2486,0.6287,2.0730,0.0747,0.0439,30,RACING,1,22.75,0.0240,2.073,2.500,99.000
1785589622.064,25.4204,4.3085,0.6517,2.0730,0.0754,0.0439,30,RACING,1,22.75,0.1220,2.073,2.500,99.000
1785589622.115,25.5014,4.3729,0.6765,2.0730,0.0784,0.0688,30,RACING,1,23.00,0.0279,2.073,2.500,99.000
1785589622.164,25.5818,4.4384,0.7009,2.0730,0.0780,0.0688,30,RACING,1,23.00,0.0801,2.073,2.500,99.000
1785589622.214,25.6617,4.5083,0.7269,2.0730,0.0802,0.0302,30,RACING,1,23.25,0.0653,2.073,2.500,99.000
1785589622.264,25.7372,4.5765,0.7515,2.0730,0.0800,0.0302,30,RACING,1,23.25,0.0394,2.073,2.500,99.000
1785589622.315,25.8094,4.6479,0.7767,2.0730,0.0802,0.1007,30,RACING,1,23.50,0.1109,2.073,2.500,99.000
1785589622.365,25.8778,4.7219,0.8024,2.0730,0.0810,0.1007,30,RACING,1,23.50,0.0184,2.073,2.500,99.000
1785589622.414,25.9472,4.7986,0.8277,2.0730,0.0791,0.1868,30,RACING,1,23.50,0.0960,2.073,2.500,99.000
1785589622.465,26.0122,4.8742,0.8523,2.0730,0.0800,0.1868,30,RACING,1,23.75,0.0584,2.073,2.500,99.000
1785589622.515,26.0795,4.9533,0.8773,2.0730,0.0790,0.0467,30,RACING,1,23.75,0.0525,2.073,2.500,99.000
1785589622.564,26.1430,5.0334,0.9025,2.0730,0.0804,0.0467,30,RACING,1,24.00,0.0998,2.073,2.500,99.000
1785589622.614,26.2033,5.1158,0.9277,2.0730,0.0799,0.0459,30,RACING,1,24.00,0.0213,2.073,2.500,99.000
1785589622.664,26.2657,5.1992,0.9524,2.0730,0.0787,0.0459,30,RACING,1,24.00,0.1104,2.073,2.500,99.000
1785589622.714,26.3259,5.2867,0.9783,2.0730,0.0802,0.1827,30,RACING,1,24.25,0.0384,2.073,2.500,99.000
1785589622.764,26.3828,5.3717,1.0030,2.0730,0.0801,0.1827,30,RACING,1,24.25,0.0701,2.073,2.500,99.000
1785589622.814,26.4351,5.4608,1.0286,2.0730,0.0803,0.1047,30,RACING,1,24.50,0.0793,2.075,2.500,99.000
1785589622.864,26.4903,5.5492,1.0532,2.0746,0.0792,0.1047,30,RACING,1,24.50,0.0291,2.075,2.500,99.000
1785589622.914,26.5396,5.6395,1.0785,2.0746,0.0807,0.1354,30,RACING,1,24.75,0.1204,2.090,2.500,99.000
1785589622.964,26.5891,5.7318,1.1035,2.0904,0.0791,0.1354,30,RACING,1,24.75,0.0169,2.090,2.500,99.000
1785589623.014,26.6345,5.8276,1.1293,2.0904,0.0797,0.0517,30,RACING,1,24.75,0.0912,2.090,2.500,99.000
1785589623.064,26.6758,5.9212,1.1534,2.0904,0.0772,0.0517,30,RACING,1,25.00,0.0568,2.124,2.500,99.000
1785589623.114,26.7194,6.0182,1.1779,2.1241,0.0765,0.1008,30,RACING,1,25.00,0.0499,2.124,2.500,99.000
1785589623.164,26.7566,6.1172,1.2023,2.1241,0.0752,0.1008,30,RACING,1,25.25,0.0942,2.118,2.500,99.000
1785589623.215,26.7925,6.2166,1.2262,2.1183,0.0744,0.0215,30,RACING,1,25.25,0.0117,2.118,2.500,99.000
1785589623.264,26.8315,6.3187,1.2505,2.1183,0.0739,0.0215,30,RACING,1,25.25,0.1207,2.118,2.500,99.000
1785589623.315,26.8617,6.4182,1.2737,2.1183,0.0732,0.0763,30,RACING,1,25.50,0.0257,2.091,2.500,2.306
1785589623.364,26.8887,6.5174,1.2965,2.0913,0.0725,0.0763,30,RACING,1,25.50,0.0774,2.091,2.500,2.306
1785589623.415,26.9193,6.6195,1.3188,2.0913,0.0696,0.0219,30,RACING,1,25.75,0.0667,2.087,2.500,99.000
1785589623.464,26.9467,6.7203,1.3411,2.0871,0.0708,0.0219,30,RACING,1,25.75,0.0394,2.087,2.500,99.000
1785589623.515,26.9693,6.8225,1.3640,2.0871,0.0720,0.0496,30,RACING,1,26.00,0.1083,2.054,2.500,99.000
1785589623.564,26.9895,6.9234,1.3855,2.0540,0.0692,0.0496,30,RACING,1,26.00,0.0129,2.054,2.500,99.000
1785589623.615,27.0026,7.0239,1.4070,2.0540,0.0693,0.1776,30,RACING,1,26.00,0.0966,2.054,2.500,99.000
1785589623.664,27.0188,7.1258,1.4276,2.0540,0.0657,0.1776,30,RACING,1,26.25,0.0515,2.054,2.500,99.000
1785589623.714,27.0350,7.2282,1.4482,2.0540,0.0658,0.1417,30,RACING,1,26.25,0.0537,2.054,2.500,99.000
1785589623.764,27.0515,7.3292,1.4685,2.0540,0.0658,0.1417,30,RACING,1,26.50,0.0968,2.020,2.500,99.000
1785589623.814,27.0622,7.4322,1.4897,2.0205,0.0676,0.0221,30,RACING,1,26.50,0.0187,2.020,2.500,99.000
1785589623.864,27.0686,7.5303,1.5101,2.0205,0.0682,0.0221,30,RACING,1,26.50,0.1072,2.020,2.500,99.000
1785589623.915,27.0748,7.6314,1.5304,2.0205,0.0663,0.1025,30,RACING,1,26.75,0.0463,2.020,2.500,99.000
1785589623.964,27.0769,7.7321,1.5508,2.0205,0.0667,0.1025,30,RACING,1,26.75,0.0592,2.020,2.500,99.000
1785589624.014,27.0793,7.8340,1.5711,2.0205,0.0656,0.0204,30,RACING,1,27.00,0.0925,2.002,2.500,99.000
1785589624.064,27.0787,7.9342,1.5912,2.0022,0.0661,0.0204,30,RACING,1,27.00,0.0170,2.002,2.500,99.000
1785589624.115,27.0752,8.0336,1.6112,2.0022,0.0663,0.1190,30,RACING,1,27.00,0.1089,2.002,2.500,99.000
1785589624.164,27.0682,8.1335,1.6313,2.0022,0.0660,0.1190,30,RACING,1,27.25,0.0434,2.002,2.500,99.000
1785589624.214,27.0607,8.2340,1.6512,2.0022,0.0652,0.0324,30,RACING,1,27.25,0.0591,2.002,2.500,99.000
1785589624.264,27.0507,8.3332,1.6712,2.0022,0.0661,0.0324,30,RACING,1,27.50,0.0923,2.002,2.500,99.000
1785589624.314,27.0406,8.4345,1.6915,2.0022,0.0658,0.1695,30,RACING,1,27.50,0.0112,2.002,2.500,99.000
1785589624.364,27.0308,8.5334,1.7116,2.0022,0.0663,0.1695,30,RACING,1,27.50,0.1092,2.002,2.500,99.000
1785589624.414,27.0148,8.6312,1.7323,2.0022,0.0691,0.0210,30,RACING,1,27.75,0.0425,2.002,2.500,99.000
1785589624.465,26.9968,8.7305,1.7533,2.0022,0.0687,0.0210,30,RACING,1,27.75,0.0587,2.002,2.500,99.000
1785589624.514,26.9801,8.8290,1.7748,2.0022,0.0705,0.0377,30,RACING,1,28.00,0.0917,2.002,2.500,99.000
1785589624.564,26.9568,8.9263,1.7963,2.0022,0.0713,0.0377,30,RACING,1,28.00,0.0084,2.002,2.500,99.000
1785589624.614,26.9319,9.0234,1.8177,2.0022,0.0705,0.1449,30,RACING,1,28.00,0.1086,2.002,2.500,99.000
1785589624.664,26.9052,9.1200,1.8398,2.0022,0.0730,0.1449,20,RACING,1,28.25,0.0413,2.002,1.800,99.000
1785589624.714,26.8795,9.2096,1.8604,1.8522,0.0726,0.0943,20,RACING,1,28.25,0.0525,2.002,1.800,99.000
1785589624.764,26.8527,9.2956,1.8812,1.8000,0.0760,0.0943,20,RACING,1,28.50,0.1078,2.002,1.800,99.000
1785589624.814,26.8260,9.3827,1.9023,1.8000,0.0759,0.1679,20,RACING,1,28.50,0.0174,2.002,1.800,99.000
1785589624.864,26.7992,9.4662,1.9230,1.8000,0.0767,0.1679,20,RACING,1,28.50,0.0715,2.002,1.800,99.000
1785589624.914,26.7703,9.5500,1.9450,1.8000,0.0811,0.0331,20,RACING,1,28.75,0.0898,2.002,1.800,99.000
1785589624.964,26.7367,9.6343,1.9677,1.8000,0.0819,0.0331,20,RACING,1,28.75,0.0033,2.002,1.800,99.000
1785589625.014,26.7020,9.7162,1.9899,1.8000,0.0821,0.1572,20,RACING,1,28.75,0.0901,2.002,1.800,99.000
1785589625.064,26.6661,9.7977,2.0131,1.8000,0.0852,0.1572,20,RACING,1,29.00,0.0708,2.002,1.800,99.000
1785589625.114,26.6287,9.8790,2.0367,1.8000,0.0856,0.0307,20,RACING,1,29.00,0.0188,2.002,1.800,2.089
1785589625.164,26.5828,9.9594,2.0619,1.8000,0.0917,0.0307,20,RACING,1,29.00,0.1114,2.002,1.800,2.089
1785589625.216,26.5406,10.0376,2.0871,1.8000,0.0928,0.1149,20,RACING,1,29.25,0.0503,2.002,1.800,2.089
1785589625.311,26.5406,10.0376,2.0871,1.8000,0.0928,0.1149,20,RACING,1,29.25,0.0503,2.002,1.800,2.089
1785589625.314,26.5406,10.0376,2.0871,1.8000,0.1213,0.1149,20,RACING,1,29.25,0.0503,2.002,1.800,1.844
1785589625.364,26.3915,10.2802,2.1727,1.8000,0.1213,0.1861,20,RACING,1,29.50,0.0172,2.002,1.800,1.530
1785589625.414,26.3526,10.3375,2.2064,1.6500,0.1569,0.0897,20,RACING,1,29.50,0.0561,2.002,1.800,1.359
1785589625.464,26.3055,10.3982,2.2473,1.5000,0.1740,0.0897,20,RACING,1,29.75,0.1183,2.002,1.800,1.359
1785589625.515,26.2617,10.4498,2.2816,1.3588,0.1669,0.1592,20,RACING,1,29.75,0.0530,2.002,1.800,1.188
1785589625.564,26.2201,10.4952,2.3158,1.2088,0.1826,0.1592,20,RACING,1,29.75,0.0265,2.002,1.800,1.188
1785589625.614,26.1802,10.5384,2.3478,1.1883,0.1753,0.0583,20,RACING,1,29.75,0.0761,2.002,1.800,1.082
1785589625.664,26.1430,10.5762,2.3791,1.0818,0.1884,0.0583,20,RACING,1,29.75,0.1279,2.002,1.800,1.082
1785589625.714,26.1024,10.6129,2.4092,1.0818,0.1824,0.0863,20,RACING,1,30.00,0.0806,2.002,1.800,99.000
1785589625.764,26.0576,10.6535,2.4272,1.2068,0.0158,0.0863,20,RACING,1,30.00,0.0470,2.002,1.800,99.000
1785589625.814,26.0052,10.6977,2.4272,1.3318,0.0079,0.0765,20,RACING,1,30.00,0.0801,2.002,1.800,0.913
1785589625.864,25.9613,10.7354,2.4437,1.1818,0.2040,0.0765,20,RACING,1,30.00,0.1313,2.002,1.800,0.913
1785589625.914,25.9190,10.7691,2.4768,1.0318,0.2014,0.0497,20,RACING,1,30.25,0.1016,2.014,1.800,0.850
1785589625.964,25.8830,10.7965,2.5048,0.8818,0.2047,0.0497,20,RACING,1,30.25,0.0787,2.014,1.800,0.850
1785589626.014,25.8489,10.8212,2.5309,0.8501,0.1988,0.0840,20,RACING,1,30.25,0.0786,2.014,1.800,99.000
1785589626.064,25.8086,10.8491,2.5477,0.9751,-0.0297,0.0840,20,RACING,1,30.25,0.1040,2.014,1.800,99.000
1785589626.114,25.7627,10.8797,2.5453,1.1001,-0.0193,0.0356,20,RACING,1,30.25,0.1480,2.014,1.800,99.000
1785589626.181,25.7124,10.9141,2.5416,1.2251,-0.0198,0.0356,20,RACING,1,30.50,0.1209,2.070,1.800,99.000
1785589626.221,25.7124,10.9141,2.5416,1.3501,-0.0198,0.0356,20,RACING,1,30.50,0.1209,2.070,1.800,99.000
1785589626.264,25.6132,10.9853,2.5341,1.4751,-0.0198,0.0567,20,RACING,1,30.50,0.1195,2.070,1.800,99.000
1785589626.314,25.5490,11.0294,2.5341,1.6001,-0.0006,0.0643,20,RACING,1,30.75,0.1590,1.935,1.800,99.000
1785589626.364,25.4828,11.0777,2.5341,1.7251,-0.0008,0.0643,20,RACING,1,30.75,0.1160,1.935,1.800,99.000
1785589626.414,25.4127,11.1291,2.5341,1.8000,-0.0002,0.0227,20,RACING,1,30.75,0.1246,1.935,1.800,99.000
1785589626.464,25.3340,11.1846,2.5383,1.8000,0.0140,0.0227,20,RACING,1,31.00,0.1428,1.671,1.800,99.000
1785589626.514,25.2662,11.2313,2.5418,1.6709,0.0143,0.0532,20,RACING,1,31.00,0.1074,1.671,1.800,99.000
1785589626.564,25.2003,11.2751,2.5452,1.6709,0.0144,0.0532,20,RACING,1,31.00,0.1267,1.671,1.800,99.000
1785589626.615,25.1308,11.3215,2.5510,1.6709,0.0231,0.0347,20,RACING,1,31.25,0.1379,1.352,1.800,99.000
1785589626.664,25.0657,11.3643,2.5564,1.5209,0.0230,0.0347,20,RACING,1,31.25,0.0995,1.352,1.800,99.000
1785589626.714,25.0068,11.4032,2.5613,1.3709,0.0228,0.0234,20,RACING,1,31.25,0.1100,1.352,1.800,99.000
1785589626.764,24.9506,11.4393,2.5669,1.3521,0.0278,0.0234,20,RACING,1,31.25,0.1533,1.352,1.800,99.000
1785589626.814,24.8944,11.4767,2.5727,1.3521,0.0277,0.0415,20,RACING,1,31.50,0.1024,1.142,1.800,99.000
1785589626.864,24.8421,11.5097,2.5779,1.2021,0.0281,0.0415,20,RACING,1,31.50,0.0811,1.142,1.800,99.000
1785589626.915,24.7961,11.5391,2.5826,1.1415,0.0280,0.0708,20,RACING,1,31.50,0.0971,1.142,1.800,99.000
1785589626.964,24.7462,11.5694,2.5877,1.1415,0.0294,0.0708,20,RACING,1,31.50,0.1389,1.142,1.800,99.000
1785589627.014,24.6963,11.6001,2.5929,1.1415,0.0293,0.0739,20,RACING,1,31.75,0.0996,1.142,1.800,99.000
1785589627.064,24.6472,11.6294,2.5979,1.1415,0.0293,0.0739,20,RACING,1,31.75,0.0664,1.142,1.800,99.000
1785589627.114,24.5986,11.6591,2.6030,1.1415,0.0291,0.1317,20,RACING,1,31.75,0.0732,1.142,1.800,99.000
1785589627.164,24.5501,11.6876,2.6079,1.1415,0.0292,0.1317,20,RACING,1,31.75,0.1131,1.142,1.800,99.000
1785589627.214,24.5014,11.7165,2.6126,1.1415,0.0270,0.0268,20,RACING,1,32.00,0.1079,1.142,1.800,99.000
1785589627.264,24.4528,11.7450,2.6173,1.1415,0.0271,0.0268,20,RACING,1,32.00,0.0608,1.142,1.800,99.000
1785589627.314,24.4034,11.7740,2.6220,1.1415,0.0272,0.0934,20,RACING,1,32.00,0.0464,1.142,1.800,99.000
1785589627.364,24.3536,11.8019,2.6267,1.1415,0.0273,0.0934,20,RACING,1,32.00,0.0850,1.142,1.800,99.000
1785589627.414,24.3050,11.8299,2.6305,1.1415,0.0218,0.1584,20,RACING,1,32.25,0.1228,1.142,1.800,99.000
1785589627.464,24.2541,11.8578,2.6343,1.1415,0.0219,0.1584,20,RACING,1,32.25,0.0672,1.142,1.800,99.000
1785589627.514,24.2023,11.8860,2.6381,1.1415,0.0218,0.0823,20,RACING,1,32.25,0.0265,1.142,1.800,99.000
1785589627.564,24.1525,11.9129,2.6418,1.1415,0.0216,0.0823,20,RACING,1,32.25,0.0599,1.142,1.800,99.000
1785589627.626,24.1525,11.9129,2.6418,1.1415,0.0129,0.0823,20,RACING,1,32.25,0.0599,1.142,1.800,99.000
1785589627.664,24.0512,11.9675,2.6463,1.1415,0.0129,0.0544,20,RACING,1,32.50,0.0812,1.142,1.800,99.000
1785589627.714,24.0012,11.9944,2.6485,1.1415,0.0128,0.0726,20,RACING,1,32.50,0.0258,1.142,1.800,99.000
1785589627.764,23.9510,12.0215,2.6507,1.1415,0.0128,0.0726,20,RACING,1,32.50,0.0347,1.142,1.800,99.000
1785589627.814,23.9007,12.0486,2.6530,1.1415,0.0128,0.0248,20,RACING,1,32.50,0.0909,1.142,1.800,99.000
1785589627.864,23.8530,12.0749,2.6530,1.1415,-0.0007,0.0248,20,RACING,1,32.75,0.1049,1.142,1.800,99.000
1785589627.914,23.8017,12.1022,2.6530,1.1415,-0.0004,0.0735,20,RACING,1,32.75,0.0470,1.142,1.800,99.000
1785589627.964,23.7520,12.1287,2.6530,1.1415,-0.0005,0.0735,20,RACING,1,32.75,0.0121,1.142,1.800,99.000
1785589628.014,23.7017,12.1553,2.6530,1.1415,-0.0005,0.0515,20,RACING,1,32.75,0.0671,1.142,1.800,99.000
1785589628.064,23.6538,12.1820,2.6494,1.1415,-0.0209,0.0515,20,RACING,1,32.75,0.1218,1.142,1.800,99.000
1785589628.115,23.6045,12.2095,2.6458,1.1415,-0.0205,0.0640,20,RACING,1,33.00,0.0754,1.142,1.800,99.000
1785589628.164,23.5541,12.2365,2.6423,1.1415,-0.0202,0.0640,20,RACING,1,33.00,0.0279,1.142,1.800,99.000
1785589628.214,23.5048,12.2638,2.6388,1.1415,-0.0203,0.0368,20,RACING,1,33.00,0.0487,1.142,1.800,2.116
1785589628.264,23.4548,12.2926,2.6290,1.1415,-0.0547,0.0368,20,RACING,1,33.00,0.1031,1.142,1.800,2.116
1785589628.314,23.4085,12.3200,2.6199,1.1415,-0.0540,0.0946,20,RACING,1,33.25,0.1044,1.142,1.800,99.000
1785589628.365,23.3591,12.3488,2.6110,1.1415,-0.0509,0.0946,20,RACING,1,33.25,0.0576,1.142,1.800,99.000
1785589628.414,23.3100,12.3784,2.6021,1.1415,-0.0509,0.0389,20,RACING,1,33.25,0.0487,1.142,1.800,2.388
1785589628.464,23.2606,12.4071,2.5936,1.1415,-0.0506,0.0389,20,RACING,1,33.25,0.0887,1.142,1.800,2.388
1785589628.514,23.2087,12.4375,2.5752,1.1415,-0.1046,0.0245,20,RACING,1,33.50,0.1266,1.142,1.800,2.293
1785589628.564,23.1608,12.4681,2.5572,1.1415,-0.1056,0.0245,20,RACING,1,33.50,0.0821,1.142,1.800,2.293
1785589628.614,23.1148,12.5004,2.5385,1.1415,-0.1058,0.0912,20,RACING,1,33.50,0.0649,1.142,1.800,99.000
1785589628.664,23.0698,12.5334,2.5100,1.1415,-0.1634,0.0912,20,RACING,1,33.50,0.0900,1.142,1.800,99.000
1785589628.714,23.0259,12.5670,2.4820,1.1415,-0.1628,0.0310,20,RACING,1,33.50,0.1351,1.142,1.800,2.120
1785589628.764,22.9818,12.6028,2.4530,1.1415,-0.1636,0.0310,20,RACING,1,33.75,0.1210,1.142,1.800,2.120
1785589628.814,22.9391,12.6401,2.4149,1.1415,-0.2129,0.0206,20,RACING,1,33.75,0.1022,1.142,1.800,2.052
1785589628.864,22.8986,12.6777,2.3781,1.1415,-0.2163,0.0206,20,RACING,1,33.75,0.1136,1.142,1.800,2.052
1785589628.914,22.8569,12.7177,2.3401,1.1415,-0.2159,0.1400,20,RACING,1,33.75,0.1489,1.142,1.800,2.000
1785589628.964,22.8181,12.7595,2.2957,1.1415,-0.2506,0.1400,20,RACING,1,34.00,0.1657,1.142,1.800,2.000
1785589629.014,22.7837,12.8027,2.2518,1.1415,-0.2502,0.1126,20,RACING,1,34.00,0.1544,1.142,1.800,1.655
1785589629.064,22.7484,12.8483,2.2050,1.1415,-0.2646,0.1126,20,RACING,1,34.00,0.1637,1.142,1.800,1.655
1785589629.114,22.7162,12.8953,2.1581,1.1415,-0.2755,0.0413,20,RACING,1,34.00,0.1932,1.142,1.800,1.897
1785589629.164,22.6873,12.9431,2.1117,1.1415,-0.2655,0.0413,20,RACING,1,34.24,0.2205,1.142,1.800,1.897
1785589629.214,22.6577,12.9918,2.0652,1.1415,-0.2646,0.0242,20,RACING,1,34.24,0.2134,1.142,1.800,1.859
1785589629.264,22.6294,13.0433,2.0179,1.1415,-0.2658,0.0242,20,RACING,1,34.24,0.2241,1.142,1.800,1.859
1785589629.314,22.6054,13.0945,1.9719,1.1415,-0.2661,0.0619,20,RACING,1,34.24,0.2507,1.142,1.800,1.872
1785589629.365,22.5844,13.1482,1.9249,1.1415,-0.2653,0.0619,20,RACING,1,34.49,0.2514,1.142,1.800,1.872
1785589629.414,22.5659,13.2022,1.8778,1.1415,-0.2647,0.0426,20,RACING,1,34.49,0.2529,1.142,1.800,1.869
1785589629.464,22.5509,13.2559,1.8321,1.1415,-0.2640,0.0426,20,RACING,1,34.74,0.2690,1.203,1.800,1.869
1785589629.515,22.5350,13.3148,1.7827,1.2026,-0.2630,0.0357,20,RACING,1,34.74,0.2428,1.203,1.800,1.876
1785589629.564,22.5235,13.3736,1.7359,1.2026,-0.2519,0.0357,20,RACING,1,34.74,0.2345,1.203,1.800,1.876
1785589629.614,22.5118,13.4335,1.6891,1.2026,-0.2510,0.0463,20,RACING,1,34.99,0.2310,1.489,1.800,99.000
1785589629.664,22.5061,13.4990,1.6404,1.3276,-0.2386,0.0463,20,RACING,1,34.99,0.1916,1.489,1.800,99.000
1785589629.720,22.5060,13.5713,1.5873,1.4526,-0.2384,0.0402,20,RACING,1,34.99,0.1746,1.489,1.800,99.000
1785589629.765,22.5078,13.6456,1.5377,1.4894,-0.2171,0.0402,20,RACING,1,35.24,0.1850,1.783,1.800,99.000
1785589629.815,22.5132,13.7260,1.4840,1.6144,-0.2169,0.1158,20,RACING,1,35.24,0.1232,1.783,1.800,2.391
1785589629.865,22.5208,13.8144,1.4247,1.7394,-0.2168,0.1158,20,RACING,1,35.24,0.0977,1.783,1.800,2.391
1785589629.914,22.5375,13.9040,1.3711,1.7829,-0.1921,0.1896,20,RACING,1,35.49,0.1251,2.000,1.800,2.244
1785589629.965,22.5545,13.9881,1.3202,1.8000,-0.1919,0.1896,20,RACING,1,35.49,0.0422,2.000,1.800,2.244
1785589630.014,22.5789,14.0741,1.2673,1.8000,-0.1923,0.0637,20,RACING,1,35.49,0.0571,2.000,1.800,2.395
1785589630.064,22.6073,14.1594,1.2220,1.8000,-0.1640,0.0637,20,RACING,1,35.74,0.1080,2.141,1.800,2.395
1785589630.114,22.6401,14.2428,1.1771,1.8000,-0.1640,0.0938,20,RACING,1,35.74,0.0423,2.141,1.800,99.000
1785589630.165,22.6791,14.3247,1.1321,1.8000,-0.1639,0.0938,20,RACING,1,35.74,0.0875,2.141,1.800,99.000
1785589630.214,22.7185,14.4053,1.0952,1.8000,-0.1342,0.0649,20,RACING,1,35.99,0.1172,2.183,1.800,99.000
1785589630.264,22.7608,14.4846,1.0583,1.8000,-0.1342,0.0649,20,RACING,1,35.99,0.0844,2.183,1.800,99.000
1785589630.314,22.8092,14.5641,1.0205,1.8000,-0.1343,0.0213,20,RACING,1,35.99,0.1280,2.183,1.800,99.000
1785589630.364,22.8561,14.6381,0.9924,1.8000,-0.1054,0.0213,20,RACING,1,36.24,0.1312,2.077,1.800,99.000
1785589630.414,22.9084,14.7135,0.9632,1.8000,-0.1054,0.1070,20,RACING,1,36.24,0.1125,2.077,1.800,99.000
1785589630.465,22.9523,14.7854,0.9350,1.8000,-0.1050,0.1070,20,RACING,1,36.24,0.1562,2.077,1.800,99.000
1785589630.514,23.0083,14.8596,0.9125,1.8000,-0.0797,0.0826,20,RACING,1,36.49,0.1441,1.977,1.800,99.000
1785589630.564,23.0628,14.9286,0.8912,1.8000,-0.0797,0.0826,20,RACING,1,36.49,0.1344,1.977,1.800,99.000
1785589630.614,23.1214,14.9975,0.8695,1.8000,-0.0797,0.1068,20,RACING,1,36.49,0.1749,1.977,1.800,99.000
1785589630.664,23.1774,15.0660,0.8547,1.8000,-0.0542,0.1068,20,RACING,1,36.74,0.1443,1.873,1.800,99.000
1785589630.714,23.2404,15.1344,0.8395,1.8000,-0.0549,0.1055,20,RACING,1,36.74,0.1404,1.873,1.800,1.881
1785589630.764,23.3012,15.1994,0.8159,1.8000,-0.0881,0.1055,20,RACING,1,36.99,0.1761,1.745,1.800,1.881
1785589630.815,23.3614,15.2635,0.7986,1.7454,-0.0642,0.1281,20,RACING,1,36.99,0.1317,1.745,1.800,99.000
1785589630.864,23.4200,15.3251,0.7928,1.7454,-0.0221,0.1281,20,RACING,1,36.99,0.1368,1.745,1.800,99.000
1785589630.914,23.4810,15.3866,0.7869,1.7454,-0.0226,0.0349,20,RACING,1,37.24,0.1624,1.666,1.800,99.000
1785589630.964,23.5402,15.4461,0.7869,1.6656,-0.0052,0.0349,20,RACING,1,37.24,0.1186,1.666,1.800,99.000
1785589631.015,23.5992,15.5074,0.7869,1.6656,-0.0060,0.0598,20,RACING,1,37.24,0.1276,1.666,1.800,99.000
1785589631.064,23.6537,15.5636,0.7869,1.6656,0.0058,0.0598,20,RACING,1,37.49,0.1560,1.620,1.800,99.000
1785589631.114,23.7111,15.6210,0.7869,1.6201,0.0061,0.1104,20,RACING,1,37.49,0.1086,1.620,1.800,99.000
1785589631.164,23.7695,15.6786,0.7869,1.6201,0.0070,0.1104,20,RACING,1,37.49,0.1113,1.620,1.800,99.000
1785589631.214,23.8275,15.7392,0.7919,1.6201,0.0194,0.0802,20,RACING,1,37.74,0.1485,1.620,1.800,99.000
1785589631.264,23.8819,15.7947,0.7963,1.6201,0.0188,0.0802,20,RACING,1,37.74,0.0976,1.620,1.800,99.000
1785589631.314,23.9400,15.8529,0.8009,1.6201,0.0188,0.0486,20,RACING,1,37.74,0.0964,1.620,1.800,99.000
1785589631.364,23.9977,15.9106,0.8056,1.6201,0.0193,0.0486,20,RACING,1,37.99,0.1454,1.620,1.800,99.000
1785589631.414,24.0523,15.9686,0.8132,1.6201,0.0311,0.1588,20,RACING,1,37.99,0.0862,1.620,1.800,99.000
1785589631.464,24.1077,16.0275,0.8207,1.6201,0.0309,0.1588,20,RACING,1,37.99,0.0806,1.620,1.800,99.000
1785589631.514,24.1653,16.0885,0.8285,1.6201,0.0309,0.1451,20,RACING,1,37.99,0.1390,1.620,1.800,99.000
1785589631.564,24.2196,16.1475,0.8386,1.6201,0.0417,0.1451,20,RACING,1,38.24,0.0772,1.620,1.800,99.000
1785589631.614,24.2724,16.2077,0.8489,1.6201,0.0420,0.0266,20,RACING,1,38.24,0.0676,1.620,1.800,99.000
1785589631.664,24.3255,16.2692,0.8592,1.6201,0.0417,0.0266,20,RACING,1,38.24,0.1278,1.620,1.800,99.000
1785589631.714,24.3761,16.3304,0.8719,1.6201,0.0524,0.0808,20,RACING,1,38.49,0.0771,1.620,1.800,99.000
1785589631.764,24.4284,16.3927,0.8847,1.6201,0.0518,0.0808,20,RACING,1,38.49,0.0578,1.620,1.800,99.000
1785589631.814,24.4799,16.4576,0.8978,1.6201,0.0521,0.1541,20,RACING,1,38.49,0.1205,1.620,1.800,99.000
1785589631.864,24.5285,16.5200,0.9134,1.6201,0.0644,0.1541,20,RACING,1,38.74,0.0770,1.620,1.800,99.000
1785589631.915,24.5743,16.5837,0.9290,1.6201,0.0643,0.0730,20,RACING,1,38.74,0.0523,1.620,1.800,99.000
1785589631.964,24.6221,16.6492,0.9446,1.6201,0.0632,0.0730,20,RACING,1,38.74,0.1110,1.620,1.800,99.000
1785589632.014,24.6710,16.7164,0.9644,1.6201,0.0791,0.2394,20,RACING,1,38.99,0.0802,1.620,1.800,99.000
1785589632.064,24.7178,16.7824,0.9837,1.6201,0.0796,0.2394,20,RACING,1,38.99,0.0469,1.620,1.800,99.000
1785589632.115,24.7637,16.8504,1.0035,1.6201,0.0804,0.0213,20,RACING,1,38.99,0.1070,1.620,1.800,99.000
1785589632.164,24.8054,16.9198,1.0285,1.6201,0.1005,0.0213,20,RACING,1,39.24,0.0826,1.620,1.800,99.000
1785589632.214,24.8443,16.9886,1.0527,1.6201,0.1000,0.1080,20,RACING,1,39.24,0.0479,1.620,1.800,2.475
1785589632.264,24.8801,17.0593,1.0772,1.6201,0.0994,0.1080,20,RACING,1,39.24,0.1031,1.620,1.800,2.475
1785589632.314,24.9198,17.1330,1.1076,1.6201,0.1201,0.0291,20,RACING,1,39.49,0.0911,1.620,1.800,2.395
1785589632.364,24.9556,17.2047,1.1368,1.6201,0.1206,0.0291,20,RACING,1,39.49,0.0540,1.620,1.800,2.395
1785589632.414,24.9876,17.2780,1.1664,1.6201,0.1212,0.2033,20,RACING,1,39.49,0.1040,1.620,1.800,99.000
1785589632.464,25.0138,17.3541,1.2021,1.6201,0.1422,0.2033,20,RACING,1,39.74,0.1026,1.620,1.800,99.000
1785589632.514,25.0448,17.4313,1.2372,1.6201,0.1403,0.0895,20,RACING,1,39.74,0.0663,1.620,1.800,2.317
1785589632.564,25.0689,17.5071,1.2757,1.6201,0.1581,0.0895,20,RACING,1,39.74,0.1107,1.620,1.800,2.317
1785589632.614,25.0898,17.5840,1.3143,1.6201,0.1579,0.0414,20,RACING,1,39.99,0.1097,1.620,1.800,2.263
1785589632.664,25.1107,17.6634,1.3537,1.6201,0.1575,0.0414,20,RACING,1,39.99,0.0782,1.620,1.800,2.263
1785589632.715,25.1266,17.7427,1.3956,1.6201,0.1699,0.2953,20,RACING,1,39.99,0.1192,1.620,1.800,2.061
1785589632.764,25.1390,17.8228,1.4392,1.6201,0.1759,0.2953,20,RACING,1,40.24,0.1125,1.620,1.800,2.061
1785589632.814,25.1481,17.9048,1.4834,1.6201,0.1752,0.0661,20,RACING,1,40.24,0.0881,1.620,1.800,2.351
1785589632.864,25.1541,17.9845,1.5262,1.6201,0.1747,0.0661,20,RACING,1,40.24,0.1283,1.620,1.800,2.351
1785589632.914,25.1563,18.0665,1.5702,1.6201,0.1749,0.0665,20,RACING,1,40.49,0.1082,1.620,1.800,2.203
1785589632.964,25.1535,18.1464,1.6130,1.6201,0.1750,0.0665,20,RACING,1,40.49,0.0889,1.620,1.800,2.203
1785589633.014,25.1470,18.2268,1.6563,1.6201,0.1750,0.1839,20,RACING,1,40.49,0.1329,1.620,1.800,1.710
1785589633.064,25.1371,18.3069,1.7077,1.6201,0.2075,0.1839,20,RACING,1,40.74,0.1012,1.625,1.800,1.710
1785589633.114,25.1229,18.3874,1.7590,1.6247,0.2040,0.0442,20,RACING,1,40.74,0.0839,1.625,1.800,99.000
1785589633.164,25.1037,18.4665,1.7992,1.6247,0.1629,0.0442,20,RACING,1,40.74,0.1340,1.625,1.800,99.000
1785589633.214,25.0828,18.5451,1.8395,1.6247,0.1623,0.0771,20,RACING,1,40.99,0.0889,1.722,1.800,2.251
1785589633.265,25.0583,18.6281,1.8823,1.7220,0.1621,0.0771,20,RACING,1,40.99,0.0745,1.722,1.800,2.251
1785589633.314,25.0308,18.7103,1.9238,1.7220,0.1558,0.1542,20,RACING,1,41.24,0.1340,1.826,1.800,2.407
1785589633.365,24.9987,18.7934,1.9664,1.8000,0.1559,0.1542,20,RACING,1,41.24,0.0567,1.826,1.800,2.407
1785589633.414,24.9611,18.8772,2.0102,1.8000,0.1560,0.1309,20,RACING,1,41.24,0.0711,1.826,1.800,99.000
1785589633.464,24.9189,18.9556,2.0492,1.8000,0.1460,0.1309,20,RACING,1,41.49,0.1032,1.891,1.800,99.000
1785589633.514,24.8750,19.0366,2.0901,1.8000,0.1454,0.0258,20,RACING,1,41.49,0.0229,1.891,1.800,99.000
1785589633.564,24.8281,19.1122,2.1294,1.8000,0.1454,0.0258,20,RACING,1,41.49,0.0841,1.891,1.800,99.000
1785589633.614,24.7783,19.1871,2.1657,1.8000,0.1333,0.0253,20,RACING,1,41.74,0.0771,1.953,1.800,99.000
1785589633.664,24.7285,19.2608,2.2022,1.8000,0.1331,0.0253,20,RACING,1,41.74,0.0119,1.953,1.800,99.000
1785589633.714,24.6750,19.3332,2.2392,1.8000,0.1334,0.0239,20,RACING,1,41.74,0.1017,1.953,1.800,99.000
1785589633.764,24.6192,19.4020,2.2718,1.8000,0.1203,0.0239,20,RACING,1,41.99,0.0643,2.037,1.800,99.000
1785589633.814,24.5584,19.4738,2.3066,1.8000,0.1204,0.0456,20,RACING,1,41.99,0.0420,2.037,1.800,99.000
1785589633.865,24.4998,19.5357,2.3377,1.8000,0.1207,0.0456,20,RACING,1,41.99,0.1211,2.037,1.800,99.000
1785589633.914,24.4339,19.6012,2.3675,1.8000,0.1065,0.0924,20,RACING,1,42.24,0.0559,2.116,1.800,99.000
1785589633.964,24.3700,19.6621,2.3962,1.8000,0.1065,0.0924,20,RACING,1,42.24,0.0617,2.116,1.800,99.000
1785589634.014,24.3062,19.7219,2.4253,1.8000,0.1065,0.0584,20,RACING,1,42.49,0.1276,2.133,1.800,99.000
1785589634.064,24.2375,19.7808,2.4510,1.8000,0.0931,0.0584,20,RACING,1,42.49,0.0582,2.133,1.800,99.000
1785589634.114,24.1701,19.8370,2.4764,1.8000,0.0932,0.0490,20,RACING,1,42.49,0.0800,2.133,1.800,99.000
1785589634.164,24.0968,19.8917,2.4987,1.8000,0.0818,0.0490,20,RACING,1,42.74,0.1159,2.178,1.800,99.000
1785589634.214,24.0241,19.9446,2.5209,1.8000,0.0816,0.0389,20,RACING,1,42.74,0.0579,2.178,1.800,99.000
1785589634.264,23.9465,19.9969,2.5436,1.8000,0.0815,0.0389,20,RACING,1,42.74,0.0983,2.178,1.800,99.000
1785589634.314,23.8731,20.0468,2.5628,1.8000,0.0704,0.0509,20,RACING,1,42.99,0.1005,2.218,1.800,99.000
1785589634.365,23.7966,20.0944,2.5817,1.8000,0.0706,0.0509,20,RACING,1,42.99,0.0572,2.218,1.800,99.000
1785589634.414,23.7167,20.1422,2.6012,1.8000,0.0703,0.2533,20,RACING,1,42.99,0.1144,2.218,1.800,99.000
1785589634.464,23.6433,20.1873,2.6176,1.8000,0.0606,0.2533,20,RACING,1,43.24,0.0864,2.225,1.800,99.000
1785589634.514,23.5629,20.2329,2.6347,1.8000,0.0610,0.1140,20,RACING,1,43.24,0.0619,2.225,1.800,99.000
1785589634.564,23.4870,20.2749,2.6509,1.8000,0.0610,0.1140,20,RACING,1,43.24,0.1259,2.225,1.800,99.000
1785589634.614,23.4071,20.3168,2.6652,1.8000,0.0527,0.0259,20,RACING,1,43.49,0.0721,2.268,1.800,99.000
1785589634.664,23.3232,20.3574,2.6796,1.8000,0.0527,0.0259,20,RACING,1,43.49,0.0676,2.268,1.800,99.000
1785589634.715,23.2415,20.3977,2.6942,1.8000,0.0523,0.1091,20,RACING,1,43.74,0.1252,2.268,1.800,99.000
1785589634.764,23.1608,20.4355,2.7064,1.8000,0.0454,0.1091,20,RACING,1,43.74,0.0539,2.268,1.800,99.000
1785589634.814,23.0764,20.4746,2.7193,1.8000,0.0453,0.1341,20,RACING,1,43.74,0.0805,2.268,1.800,99.000
1785589634.864,22.9972,20.5104,2.7301,1.8000,0.0404,0.1341,20,RACING,1,43.99,0.1070,2.268,1.800,99.000
1785589634.914,22.9164,20.5455,2.7411,1.8000,0.0405,0.0370,20,RACING,1,43.99,0.0435,2.268,1.800,99.000
1785589634.964,22.8368,20.5796,2.7520,1.8000,0.0406,0.0370,20,RACING,1,43.99,0.0870,2.268,1.800,99.000
1785589635.014,22.7511,20.6139,2.7622,1.8000,0.0368,0.0297,20,RACING,1,44.24,0.0904,2.287,1.800,99.000
1785589635.064,22.6690,20.6468,2.7722,1.8000,0.0367,0.0297,20,RACING,1,44.24,0.0374,2.287,1.800,99.000
1785589635.114,22.5888,20.6782,2.7820,1.8000,0.0369,0.0565,20,RACING,1,44.24,0.0990,2.287,1.800,99.000
1785589635.164,22.5042,20.7095,2.7913,1.8000,0.0338,0.0565,20,RACING,1,44.49,0.0758,2.280,1.800,99.000
1785589635.215,22.4204,20.7402,2.8006,1.8000,0.0338,0.0578,20,RACING,1,44.49,0.0379,2.280,1.800,99.000
1785589635.264,22.3363,20.7698,2.8098,1.8000,0.0340,0.0578,20,RACING,1,44.49,0.1139,2.280,1.800,99.000
1785589635.315,22.2551,20.7987,2.8184,1.8000,0.0316,0.0916,20,RACING,1,44.74,0.0614,2.280,1.800,99.000
1785589635.364,22.1725,20.8270,2.8271,1.8000,0.0319,0.0916,20,RACING,1,44.74,0.0429,2.280,1.800,99.000
1785589635.415,22.0866,20.8546,2.8359,1.8000,0.0322,0.0981,20,RACING,1,44.74,0.1256,2.280,1.800,99.000
1785589635.464,21.9960,20.8825,2.8446,1.8000,0.0304,0.0981,20,RACING,1,44.99,0.0400,2.276,1.800,99.000
1785589635.514,21.9131,20.9078,2.8526,1.8000,0.0303,0.0248,20,RACING,1,44.99,0.0579,2.276,1.800,99.000
1785589635.564,21.8280,20.9327,2.8606,1.8000,0.0296,0.0248,20,RACING,1,45.24,0.1096,2.276,1.800,99.000
1785589635.615,21.7424,20.9572,2.8686,1.8000,0.0296,0.0451,20,RACING,1,45.24,0.0259,2.276,1.800,99.000
1785589635.664,21.6566,20.9812,2.8768,1.8000,0.0296,0.0451,20,RACING,1,45.24,0.0719,2.276,1.800,99.000
1785589635.714,21.5658,21.0041,2.8847,1.8000,0.0294,0.1568,20,RACING,1,45.49,0.0876,2.272,1.800,99.000
1785589635.764,21.4786,21.0269,2.8927,1.8000,0.0292,0.1568,20,RACING,1,45.49,0.0123,2.272,1.800,99.000
1785589635.814,21.3897,21.0488,2.9008,1.8000,0.0292,0.4102,20,RACING,1,45.49,0.0955,2.272,1.800,99.000
1785589635.864,21.3032,21.0697,2.9087,1.8000,0.0294,0.4102,20,RACING,1,45.74,0.0668,2.272,1.800,99.000
1785589635.914,21.2103,21.0907,2.9170,1.8000,0.0294,0.0569,20,RACING,1,45.74,0.0297,2.272,1.800,99.000
1785589635.964,21.1263,21.1096,2.9246,1.8000,0.0293,0.0569,20,RACING,1,45.74,0.1152,2.272,1.800,99.000
1785589636.014,21.0338,21.1297,2.9333,1.8000,0.0301,0.0317,20,RACING,1,45.99,0.0406,2.268,1.800,99.000
1785589636.064,20.9523,21.1470,2.9411,1.8000,0.0301,0.0317,20,RACING,1,45.99,0.0431,2.268,1.800,99.000
1785589636.114,20.8629,21.1646,2.9494,1.8000,0.0302,0.2931,20,RACING,1,46.24,0.1160,2.263,1.800,2.460
1785589636.164,20.7752,21.1814,2.9578,1.8000,0.0311,0.2931,20,RACING,1,46.24,0.0267,2.263,1.800,2.460
1785589636.214,20.6903,21.1976,2.9664,1.8000,0.0311,0.0846,20,RACING,1,46.24,0.0597,2.263,1.800,99.000
1785589636.264,20.6008,21.2128,2.9751,1.8000,0.0322,0.0846,20,RACING,1,46.49,0.0996,2.263,1.800,99.000
1785589636.315,20.5067,21.2277,2.9841,1.8000,0.0322,0.0966,20,RACING,1,46.49,0.0043,2.263,1.800,99.000
1785589636.364,20.4196,21.2412,2.9928,1.8000,0.0321,0.0966,20,RACING,1,46.49,0.0839,2.263,1.800,99.000
1785589636.415,20.3310,21.2539,3.0017,1.8000,0.0333,0.1551,20,RACING,1,46.74,0.0766,2.256,1.800,99.000
1785589636.465,20.2419,21.2661,3.0108,1.8000,0.0332,0.1551,20,RACING,1,46.74,0.0136,2.256,1.800,99.000
1785589636.514,20.1484,21.2777,3.0201,1.8000,0.0332,0.0917,20,RACING,1,46.74,0.1076,2.256,1.800,99.000
1785589636.564,20.0627,21.2879,3.0293,1.8000,0.0344,0.0917,20,RACING,1,46.99,0.0562,2.256,1.800,99.000
1785589636.615,19.9741,21.2975,3.0387,1.8000,0.0344,0.1200,20,RACING,1,46.99,0.0333,2.256,1.800,99.000
1785589636.664,19.8836,21.3064,3.0481,1.8000,0.0344,0.1200,20,RACING,1,46.99,0.1241,2.256,1.800,99.000
1785589636.714,19.7962,21.3143,3.0578,1.8000,0.0356,0.0815,20,RACING,1,47.24,0.0383,2.250,1.800,99.000
1785589636.764,19.7063,21.3214,3.0674,1.8000,0.0356,0.0815,20,RACING,1,47.24,0.0523,2.250,1.800,99.000
1785589636.814,19.6151,21.3277,3.0776,1.8000,0.0366,0.3418,20,RACING,1,47.49,0.1066,2.250,1.800,99.000
1785589636.864,19.5281,21.3330,3.0875,1.8000,0.0366,0.3418,20,RACING,1,47.49,0.0198,2.250,1.800,99.000
1785589636.915,19.4384,21.3374,3.0974,1.8000,0.0366,0.0539,20,RACING,1,47.49,0.0708,2.250,1.800,99.000
1785589636.964,19.3498,21.3409,3.1077,1.8000,0.0377,0.0539,20,RACING,1,47.74,0.0907,2.246,1.800,99.000
1785589637.014,19.2579,21.3435,3.1181,1.8000,0.0376,0.0234,20,RACING,1,47.74,0.0050,2.246,1.800,99.000
1785589637.064,19.1708,21.3452,3.1283,1.8000,0.0376,0.0234,20,RACING,1,47.74,0.0886,2.246,1.800,99.000
1785589637.115,19.0806,21.3459,3.1389,1.8000,0.0385,0.0470,20,RACING,1,47.99,0.0714,2.246,1.800,99.000
1785589637.164,18.9938,21.3457,-3.1339,1.8000,0.0385,0.0470,20,RACING,1,47.99,0.0163,2.246,1.800,99.000
1785589637.214,18.9038,21.3446,-3.1235,1.8000,0.0384,0.0688,20,RACING,1,47.99,0.1057,2.246,1.800,99.000
1785589637.264,18.8138,21.3425,-3.1128,1.8000,0.0394,0.0688,20,RACING,1,48.24,0.0545,2.246,1.800,99.000
1785589637.315,18.7205,21.3394,-3.1018,1.8000,0.0395,0.0324,20,RACING,1,48.24,0.0394,2.246,1.800,99.000
1785589637.364,18.6303,21.3355,-3.0910,1.8000,0.0396,0.0324,20,RACING,1,48.49,0.1206,2.245,1.800,99.000
1785589637.414,18.5374,21.3305,-3.0800,1.8000,0.0406,0.0427,20,RACING,1,48.49,0.0277,2.245,1.800,99.000
1785589637.464,18.4496,21.3245,-3.0689,1.8000,0.0409,0.0427,20,RACING,1,48.49,0.0607,2.245,1.800,99.000
1785589637.514,18.3606,21.3174,-3.0576,1.8000,0.0415,0.0363,20,RACING,1,48.74,0.1001,2.245,1.800,99.000
1785589637.564,18.2682,21.3093,-3.0462,1.8000,0.0414,0.0363,20,RACING,1,48.74,0.0082,2.245,1.800,99.000
1785589637.614,18.1812,21.3003,-3.0349,1.8000,0.0416,0.0207,20,RACING,1,48.74,0.0803,2.245,1.800,99.000
1785589637.664,18.0921,21.2901,-3.0234,1.8000,0.0421,0.0207,20,RACING,1,48.99,0.0801,2.244,1.800,99.000
1785589637.715,18.0019,21.2790,-3.0119,1.8000,0.0420,0.0715,20,RACING,1,48.99,0.0115,2.244,1.800,99.000
1785589637.764,17.9133,21.2667,-3.0003,1.8000,0.0422,0.0715,20,RACING,1,48.99,0.1004,2.244,1.800,99.000
1785589637.814,17.8262,21.2535,-2.9887,1.8000,0.0426,0.0452,20,RACING,1,49.24,0.0616,2.244,1.800,99.000
1785589637.864,17.7388,21.2395,-2.9772,1.8000,0.0424,0.0452,20,RACING,1,49.24,0.0274,2.244,1.800,99.000
1785589637.914,17.6477,21.2238,-2.9655,1.8000,0.0423,0.1432,20,RACING,1,49.24,0.1196,2.244,1.800,99.000
1785589637.964,17.5598,21.2079,-2.9539,1.8000,0.0431,0.1432,20,RACING,1,49.49,0.0412,2.244,1.800,99.000
1785589638.014,17.4721,21.1906,-2.9421,1.8000,0.0432,0.0350,20,RACING,1,49.49,0.0485,2.244,1.800,99.000
1785589638.064,17.3841,21.1723,-2.9304,1.8000,0.0431,0.0350,20,RACING,1,49.74,0.1117,2.244,1.800,99.000
1785589638.114,17.2971,21.1527,-2.9183,1.8000,0.0438,0.0229,20,RACING,1,49.74,0.0228,2.244,1.800,99.000
1785589638.164,17.2070,21.1321,-2.9064,1.8000,0.0435,0.0229,20,RACING,1,49.74,0.0700,2.244,1.800,99.000
1785589638.215,17.1212,21.1109,-2.8944,1.8000,0.0443,0.0486,20,RACING,1,49.99,0.0916,2.244,1.800,99.000
1785589638.264,17.0304,21.0878,-2.8821,1.8000,0.0442,0.0486,20,RACING,1,49.99,0.0035,2.244,1.800,99.000
1785589638.314,16.9461,21.0646,-2.8701,1.8000,0.0446,0.0261,20,RACING,1,49.99,0.0897,2.244,1.800,99.000
1785589638.364,16.8602,21.0399,-2.8579,1.8000,0.0447,0.0261,20,RACING,1,50.24,0.0710,2.244,1.800,99.000
1785589638.415,16.7712,21.0135,-2.8454,1.8000,0.0446,0.0422,20,RACING,1,50.24,0.0221,2.244,1.800,99.000
1785589638.464,16.6891,20.9875,-2.8336,1.8000,0.0447,0.0422,20,RACING,1,50.24,0.1080,2.244,1.800,99.000
1785589638.515,16.6002,20.9585,-2.8208,1.8000,0.0449,0.1383,20,RACING,1,50.49,0.0484,2.244,1.800,99.000
1785589638.564,16.5182,20.9308,-2.8091,1.8000,0.0448,0.1383,20,RACING,1,50.49,0.0383,2.244,1.800,99.000
1785589638.614,16.4352,20.9012,-2.7969,1.8000,0.0449,0.2598,20,RACING,1,50.74,0.1237,2.244,1.800,99.000
1785589638.664,16.3481,20.8699,-2.7844,1.8000,0.0451,0.2598,20,RACING,1,50.74,0.0311,2.244,1.800,99.000
1785589638.715,16.2638,20.8378,-2.7720,1.8000,0.0454,0.0893,20,RACING,1,50.74,0.0592,2.244,1.800,99.000
1785589638.764,16.1827,20.8051,-2.7597,1.8000,0.0456,0.0893,20,RACING,1,50.99,0.1033,2.244,1.800,99.000
1785589638.814,16.0996,20.7712,-2.7474,1.8000,0.0453,0.0652,20,RACING,1,50.99,0.0138,2.244,1.800,99.000
1785589638.864,16.0169,20.7361,-2.7350,1.8000,0.0453,0.0652,20,RACING,1,50.99,0.0763,2.244,1.800,99.000
1785589638.914,15.9369,20.7002,-2.7226,1.8000,0.0456,0.0668,20,RACING,1,51.24,0.0860,2.244,1.800,99.000
1785589638.972,15.8542,20.6629,-2.7102,1.8000,0.0452,0.0668,20,RACING,1,51.24,0.0058,2.244,1.800,99.000
1785589639.014,15.7772,20.6248,-2.6979,1.8000,0.0452,0.1260,20,RACING,1,51.24,0.0908,2.244,1.800,99.000
1785589639.064,15.6937,20.5846,-2.6854,1.8000,0.0447,0.1260,20,RACING,1,51.49,0.0667,2.244,1.800,99.000
1785589639.115,15.6175,20.5455,-2.6735,1.8000,0.0447,0.0849,20,RACING,1,51.49,0.0200,2.244,1.800,99.000
1785589639.165,15.5377,20.5045,-2.6615,1.8000,0.0441,0.0849,20,RACING,1,51.49,0.1091,2.244,1.800,99.000
1785589639.215,15.4525,20.4621,-2.6492,1.8000,0.0448,0.0203,20,RACING,1,51.74,0.0460,2.244,1.800,99.000
1785589639.264,15.3738,20.4191,-2.6366,1.8000,0.0460,0.0203,20,RACING,1,51.74,0.0440,2.244,1.800,99.000
1785589639.314,15.2943,20.3745,-2.6239,1.8000,0.0459,0.1711,20,RACING,1,51.99,0.1149,2.244,1.800,99.000
1785589639.364,15.2194,20.3301,-2.6116,1.8000,0.0458,0.1711,20,RACING,1,51.99,0.0281,2.244,1.800,99.000
1785589639.414,15.1406,20.2828,-2.5989,1.8000,0.0453,0.0301,20,RACING,1,51.99,0.0642,2.244,1.800,99.000
1785589639.464,15.0710,20.2361,-2.5867,1.8000,0.0446,0.0301,20,RACING,1,52.24,0.1022,2.247,1.800,99.000
1785589639.515,14.9967,20.1889,-2.5752,1.8000,0.0430,0.0311,20,RACING,1,52.24,0.0157,2.247,1.800,99.000
1785589639.564,14.9231,20.1403,-2.5636,1.8000,0.0427,0.0311,20,RACING,1,52.24,0.0747,2.247,1.800,99.000
1785589639.614,14.8494,20.0906,-2.5522,1.8000,0.0415,0.0296,20,RACING,1,52.49,0.0870,2.247,1.800,99.000
1785589639.664,14.7759,20.0410,-2.5412,1.8000,0.0411,0.0296,20,RACING,1,52.49,0.0081,2.247,1.800,99.000
1785589639.714,14.6999,19.9896,-2.5299,1.8000,0.0412,0.0377,20,RACING,1,52.49,0.0940,2.247,1.800,99.000
1785589639.764,14.6262,19.9375,-2.5190,1.8000,0.0400,0.0377,20,RACING,1,52.74,0.0659,2.173,1.800,99.000
1785589639.814,14.5528,19.8849,-2.5081,1.8000,0.0400,0.0348,20,RACING,1,52.74,0.0249,2.173,1.800,99.000
1785589639.865,14.4775,19.8292,-2.4967,1.8000,0.0403,0.0348,20,RACING,1,52.74,0.1183,2.173,1.800,99.000
1785589639.914,14.4079,19.7747,-2.4866,1.8000,0.0372,0.0779,20,RACING,1,52.99,0.0433,2.093,1.800,99.000
1785589639.964,14.3398,19.7212,-2.4769,1.8000,0.0367,0.0779,20,RACING,1,52.99,0.0434,2.093,1.800,99.000
1785589640.014,14.2682,19.6653,-2.4669,1.8000,0.0364,0.2813,20,RACING,1,53.24,0.1158,2.001,1.800,99.000
1785589640.064,14.1958,19.6085,-2.4580,1.8000,0.0327,0.2813,20,RACING,1,53.24,0.0240,2.001,1.800,99.000
1785589640.114,14.1258,19.5513,-2.4489,1.8000,0.0332,0.1580,20,RACING,1,53.24,0.0667,2.001,1.800,99.000
1785589640.165,14.0601,19.4942,-2.4412,1.8000,0.0286,0.1580,20,RACING,1,53.49,0.0966,1.871,1.800,99.000
1785589640.215,13.9936,19.4347,-2.4334,1.8000,0.0279,0.1202,20,RACING,1,53.49,0.0083,1.871,1.800,99.000
1785589640.269,13.9248,19.3771,-2.4263,1.8000,0.0268,0.1202,20,RACING,1,53.49,0.0827,1.871,1.800,99.000
1785589640.314,13.8556,19.3170,-2.4188,1.8000,0.0221,0.1202,20,RACING,1,53.74,0.0766,1.759,1.800,99.000
1785589640.364,13.7908,19.2590,-2.4131,1.7587,0.0216,0.3269,20,RACING,1,53.74,0.0147,1.759,1.800,99.000
1785589640.414,13.7237,19.1999,-2.4074,1.7587,0.0214,0.0222,20,RACING,1,53.74,0.1010,1.759,1.800,99.000
1785589640.465,13.6599,19.1418,-2.4033,1.7587,0.0155,0.0222,20,RACING,1,53.99,0.0650,1.681,1.800,99.000
1785589640.514,13.5955,19.0837,-2.3993,1.6810,0.0154,0.2089,20,RACING,1,53.99,0.0278,1.681,1.800,99.000
1785589640.564,13.5357,19.0279,-2.3953,1.6810,0.0157,0.2089,20,RACING,1,53.99,0.1061,1.681,1.800,99.000
1785589640.614,13.4712,18.9712,-2.3953,1.6810,0.0082,0.0660,20,RACING,1,54.24,0.0626,1.620,1.800,99.000
1785589640.665,13.4125,18.9156,-2.3928,1.6196,0.0101,0.0660,20,RACING,1,54.24,0.0296,1.620,1.800,99.000
1785589640.714,13.3537,18.8606,-2.3928,1.6196,0.0097,0.3199,20,RACING,1,54.24,0.1042,1.620,1.800,99.000
1785589640.769,13.2866,18.7994,-2.3928,1.6196,0.0024,0.3199,20,RACING,1,54.49,0.0622,1.620,1.800,99.000
1785589640.814,13.2328,18.7482,-2.3928,1.6196,0.0030,0.0329,20,RACING,1,54.49,0.0298,1.620,1.800,99.000
1785589640.864,13.1744,18.6954,-2.3928,1.6196,0.0030,0.0329,20,RACING,1,54.49,0.0994,1.620,1.800,99.000
1785589640.914,13.1160,18.6400,-2.3928,1.6196,-0.0061,0.0423,20,RACING,1,54.74,0.0788,1.620,1.800,99.000
1785589640.964,13.0564,18.5853,-2.3928,1.6196,-0.0072,0.0423,20,RACING,1,54.74,0.0299,1.620,1.800,99.000
1785589641.014,12.9960,18.5280,-2.3928,1.6196,-0.0079,0.0333,20,RACING,1,54.74,0.0950,1.620,1.800,99.000
1785589641.064,12.9396,18.4751,-2.3976,1.6196,-0.0201,0.0333,20,RACING,1,54.99,0.0872,1.620,1.800,99.000
1785589641.114,12.8833,18.4204,-2.4026,1.6196,-0.0203,0.0451,20,RACING,1,54.99,0.0284,1.620,1.800,99.000
1785589641.165,12.8252,18.3654,-2.4078,1.6196,-0.0212,0.0451,20,RACING,1,54.99,0.0814,1.620,1.800,99.000
1785589641.214,12.7639,18.3113,-2.4161,1.6196,-0.0335,0.0891,20,RACING,1,55.24,0.0959,1.620,1.800,99.000
1785589641.264,12.7018,18.2585,-2.4241,1.6196,-0.0333,0.0891,20,RACING,1,55.24,0.0334,1.620,1.800,99.000
1785589641.314,12.6379,18.2043,-2.4324,1.6196,-0.0328,0.1243,20,RACING,1,55.24,0.0816,1.620,1.800,99.000
1785589641.364,12.5772,18.1529,-2.4437,1.6196,-0.0469,0.1243,20,RACING,1,55.49,0.1021,1.620,1.800,99.000
1785589641.414,12.5126,18.1003,-2.4554,1.6196,-0.0469,0.1588,20,RACING,1,55.49,0.0401,1.620,1.800,99.000
1785589641.464,12.4508,18.0504,-2.4666,1.6196,-0.0466,0.1588,20,RACING,1,55.49,0.0784,1.620,1.800,99.000
1785589641.515,12.3857,17.9994,-2.4826,1.6196,-0.0640,0.0263,20,RACING,1,55.74,0.1076,1.620,1.800,1.847
1785589641.565,12.3194,17.9512,-2.5071,1.6196,-0.1011,0.0263,20,RACING,1,55.74,0.0493,1.620,1.800,1.847
1785589641.614,12.2562,17.9042,-2.5308,1.6196,-0.0965,0.2554,20,RACING,1,55.74,0.0788,1.620,1.800,99.000
1785589641.665,12.1875,17.8577,-2.5498,1.6196,-0.0761,0.2554,20,RACING,1,55.99,0.1159,1.620,1.800,99.000
1785589641.714,12.1197,17.8133,-2.5684,1.6196,-0.0760,0.0337,20,RACING,1,55.99,0.0609,1.620,1.800,2.257
1785589641.764,12.0510,17.7705,-2.5869,1.6196,-0.0760,0.0337,20,RACING,1,55.99,0.0857,1.620,1.800,2.257
1785589641.814,11.9832,17.7282,-2.6119,1.6196,-0.1005,0.0242,20,RACING,1,56.24,0.1253,1.620,1.800,2.384
1785589641.864,11.9165,17.6885,-2.6365,1.6196,-0.1006,0.0242,20,RACING,1,56.24,0.0728,1.620,1.800,2.384
1785589641.914,11.8450,17.6503,-2.6613,1.6196,-0.1008,0.0411,20,RACING,1,56.24,0.0885,1.620,1.800,2.343
1785589641.965,11.7707,17.6140,-2.6923,1.6196,-0.1253,0.0411,20,RACING,1,56.49,0.1342,1.620,1.800,2.343
1785589642.014,11.6959,17.5795,-2.7235,1.6196,-0.1253,0.1022,20,RACING,1,56.49,0.0853,1.620,1.800,2.313
1785589642.064,11.6218,17.5476,-2.7547,1.6196,-0.1253,0.1022,20,RACING,1,56.49,0.1011,1.620,1.800,2.313
1785589642.114,11.5481,17.5190,-2.7900,1.6196,-0.1458,0.1584,20,RACING,1,56.74,0.1408,1.620,1.800,99.000
1785589642.165,11.4705,17.4922,-2.8263,1.6196,-0.1458,0.1584,20,RACING,1,56.74,0.0960,1.620,1.800,99.000
1785589642.214,11.3938,17.4684,-2.8622,1.6196,-0.1459,0.0488,20,RACING,1,56.74,0.1112,1.620,1.800,2.164
1785589642.264,11.3175,17.4477,-2.9012,1.6196,-0.1590,0.0488,20,RACING,1,56.99,0.1437,1.620,1.800,2.164
1785589642.314,11.2375,17.4298,-2.9406,1.6196,-0.1588,0.0283,20,RACING,1,56.99,0.1020,1.620,1.800,2.127
1785589642.364,11.1585,17.4154,-2.9803,1.6196,-0.1596,0.0283,20,RACING,1,56.99,0.1187,1.620,1.800,2.127
1785589642.414,11.0776,17.4041,-3.0205,1.6196,-0.1638,0.0929,20,RACING,1,57.24,0.1384,1.620,1.800,2.238
1785589642.464,10.9921,17.3958,-3.0614,1.6196,-0.1634,0.0929,20,RACING,1,57.24,0.0995,1.620,1.800,2.238
1785589642.514,10.9111,17.3910,-3.1021,1.6196,-0.1644,0.0401,20,RACING,1,57.24,0.1237,1.620,1.800,2.186
1785589642.564,10.8276,17.3895,3.1414,1.6196,-0.1612,0.0401,20,RACING,1,57.49,0.1199,1.661,1.800,2.186
1785589642.614,10.7471,17.3915,3.1000,1.6608,-0.1619,0.0811,20,RACING,1,57.49,0.0855,1.661,1.800,2.247
1785589642.664,10.6663,17.3966,3.0594,1.6608,-0.1609,0.0811,20,RACING,1,57.49,0.1175,1.661,1.800,2.247
1785589642.714,10.5817,17.4047,3.0212,1.6608,-0.1512,0.0573,20,RACING,1,57.74,0.0971,1.786,1.800,2.207
1785589642.764,10.4937,17.4170,2.9797,1.7858,-0.1518,0.0573,20,RACING,1,57.74,0.0596,1.786,1.800,2.207
1785589642.814,10.4075,17.4328,2.9384,1.7860,-0.1518,0.1660,20,RACING,1,57.74,0.1169,1.786,1.800,99.000
1785589642.864,10.3186,17.4525,2.9009,1.7860,-0.1375,0.1660,20,RACING,1,57.99,0.0585,1.906,1.800,99.000
1785589642.914,10.2303,17.4763,2.8622,1.8000,-0.1380,0.0438,20,RACING,1,57.99,0.0472,1.906,1.800,99.000
1785589642.964,10.1471,17.5022,2.8252,1.8000,-0.1377,0.0438,20,RACING,1,58.24,0.1206,2.020,1.800,99.000
1785589643.014,10.0624,17.5318,2.7919,1.8000,-0.1203,0.1264,20,RACING,1,58.24,0.0312,2.020,1.800,99.000
1785589643.064,9.9807,17.5639,2.7593,1.8000,-0.1200,0.1264,20,RACING,1,58.24,0.0570,2.020,1.800,99.000
1785589643.114,9.8976,17.5985,2.7311,1.8000,-0.1031,0.0768,20,RACING,1,58.49,0.1069,2.148,1.800,99.000
1785589643.164,9.8160,17.6358,2.7028,1.8000,-0.1031,0.0768,20,RACING,1,58.49,0.0326,2.148,1.800,99.000
1785589643.214,9.7347,17.6747,2.6749,1.8000,-0.1029,0.0218,20,RACING,1,58.49,0.0822,2.148,1.800,99.000
1785589643.264,9.6544,17.7165,2.6512,1.8000,-0.0860,0.0218,20,RACING,1,58.74,0.0982,2.104,1.800,99.000
1785589643.314,9.5743,17.7606,2.6272,1.8000,-0.0859,0.1397,20,RACING,1,58.74,0.0511,2.104,1.800,99.000
1785589643.364,9.4963,17.8048,2.6043,1.8000,-0.0858,0.1397,20,RACING,1,58.74,0.1088,2.104,1.800,99.000
1785589643.414,9.4168,17.8524,2.5852,1.8000,-0.0688,0.0422,20,RACING,1,58.99,0.0918,2.020,1.800,99.000
1785589643.464,9.3425,17.9002,2.5664,1.8000,-0.0692,0.0422,20,RACING,1,58.99,0.0701,2.020,1.800,99.000
1785589643.515,9.2681,17.9499,2.5476,1.8000,-0.0688,0.0299,20,RACING,1,58.99,0.1307,2.020,1.800,99.000
1785589643.564,9.1933,18.0007,2.5336,1.8000,-0.0513,0.0299,20,RACING,1,59.24,0.0881,1.897,1.800,99.000
1785589643.614,9.1213,18.0521,2.5197,1.8000,-0.0515,0.0358,20,RACING,1,59.24,0.0832,1.897,1.800,99.000
1785589643.664,9.0492,18.1046,2.5058,1.8000,-0.0513,0.0358,20,RACING,1,59.49,0.1445,1.837,1.800,99.000
1785589643.714,8.9753,18.1587,2.4962,1.8000,-0.0349,0.1641,20,RACING,1,59.49,0.0829,1.837,1.800,99.000
1785589643.764,8.8997,18.2134,2.4865,1.8000,-0.0353,0.1641,20,RACING,1,59.49,0.0997,1.837,1.800,99.000
1785589643.814,8.8278,18.2684,2.4804,1.8000,-0.0225,0.0720,20,RACING,1,59.74,0.1266,1.829,1.800,99.000
1785589643.864,8.7553,18.3246,2.4741,1.8000,-0.0227,0.0720,20,RACING,1,59.74,0.0792,1.829,1.800,99.000
1785589643.914,8.6858,18.3794,2.4680,1.8000,-0.0229,0.0661,20,RACING,1,59.74,0.1128,1.829,1.800,99.000
1785589643.964,8.6166,18.4362,2.4680,1.8000,-0.0095,0.0661,20,RACING,1,59.99,0.1099,1.821,1.800,99.000
1785589644.014,8.5470,18.4919,2.4652,1.8000,-0.0104,0.0311,20,RACING,1,59.99,0.0754,1.821,1.800,99.000
1785589644.064,8.4774,18.5486,2.4624,1.8000,-0.0104,0.0311,20,RACING,1,59.99,0.1232,1.821,1.800,99.000
1785589644.114,8.4075,18.6052,2.4624,1.8000,0.0029,0.0471,20,RACING,1,60.24,0.0931,1.815,1.800,99.000
1785589644.164,8.3363,18.6619,2.4624,1.8000,0.0033,0.0471,20,RACING,1,60.24,0.0761,1.815,1.800,99.000
1785589644.214,8.2659,18.7190,2.4624,1.8000,0.0036,0.0224,20,RACING,1,60.24,0.1388,1.815,1.800,99.000
1785589644.264,8.1948,18.7749,2.4669,1.8000,0.0168,0.0224,20,RACING,1,60.49,0.0761,1.815,1.800,99.000
1785589644.314,8.1269,18.8303,2.4713,1.8000,0.0164,0.0220,20,RACING,1,60.49,0.0804,1.815,1.800,99.000
1785589644.364,8.0532,18.8859,2.4790,1.8000,0.0281,0.0220,20,RACING,1,60.74,0.1242,1.815,1.800,99.000
1785589644.414,7.9809,18.9421,2.4867,1.8000,0.0276,0.1474,20,RACING,1,60.74,0.0628,1.815,1.800,99.000
1785589644.464,7.9116,18.9956,2.4940,1.8000,0.0276,0.1474,20,RACING,1,60.74,0.0931,1.815,1.800,99.000
1785589644.514,7.8433,19.0495,2.5050,1.8000,0.0403,0.0363,20,RACING,1,60.99,0.1052,1.815,1.800,99.000
1785589644.564,7.7675,19.1031,2.5163,1.8000,0.0409,0.0363,20,RACING,1,60.99,0.0550,1.815,1.800,99.000
1785589644.614,7.6938,19.1551,2.5273,1.8000,0.0405,0.0280,20,RACING,1,60.99,0.1082,1.815,1.800,99.000
1785589644.664,7.6179,19.2061,2.5421,1.8000,0.0546,0.0280,20,RACING,1,61.24,0.0840,1.815,1.800,99.000
1785589644.714,7.5438,19.2577,2.5573,1.8000,0.0543,0.1833,20,RACING,1,61.24,0.0591,1.815,1.800,99.000
1785589644.764,7.4729,19.3053,2.5719,1.8000,0.0547,0.1833,20,RACING,1,61.24,0.1236,1.815,1.800,99.000
1785589644.814,7.3965,19.3532,2.5913,1.8000,0.0710,0.0362,20,RACING,1,61.49,0.0685,1.815,1.800,99.000
1785589644.864,7.3197,19.3995,2.6107,1.8000,0.0711,0.0362,20,RACING,1,61.49,0.0675,1.815,1.800,99.000
1785589644.914,7.2387,19.4443,2.6343,1.8000,0.0859,0.0252,20,RACING,1,61.74,0.1235,1.815,1.800,99.000
1785589644.965,7.1599,19.4874,2.6579,1.8000,0.0858,0.0252,20,RACING,1,61.74,0.0576,1.815,1.800,99.000
1785589645.014,7.0756,19.5287,2.6816,1.8000,0.0858,0.0262,20,RACING,1,61.74,0.0926,1.815,1.800,99.000
1785589645.064,6.9968,19.5665,2.7086,1.8000,0.1010,0.0262,20,RACING,1,61.99,0.1042,1.815,1.800,99.000
1785589645.114,6.9137,19.6033,2.7365,1.8000,0.1009,0.0824,20,RACING,1,61.99,0.0599,1.815,1.800,2.467
1785589645.164,6.8327,19.6376,2.7639,1.8000,0.1009,0.0824,20,RACING,1,61.99,0.1117,1.815,1.800,2.467
1785589645.214,6.7471,19.6702,2.7961,1.8000,0.1153,0.0242,20,RACING,1,62.24,0.0871,1.815,1.800,2.490
1785589645.264,6.6596,19.6989,2.8272,1.8000,0.1153,0.0242,20,RACING,1,62.24,0.0723,1.815,1.800,2.490
1785589645.314,6.5756,19.7250,2.8618,1.8000,0.1265,0.0883,20,RACING,1,62.24,0.1379,1.815,1.800,2.357
1785589645.364,6.4865,19.7486,2.8965,1.8000,0.1262,0.0883,20,RACING,1,62.49,0.0737,1.815,1.800,2.357
1785589645.414,6.3998,19.7691,2.9313,1.8000,0.1265,0.0909,20,RACING,1,62.49,0.0886,1.815,1.800,99.000
1785589645.464,6.3110,19.7859,2.9680,1.8000,0.1350,0.0909,20,RACING,1,62.74,0.1161,1.815,1.800,99.000
1785589645.515,6.2206,19.7997,3.0055,1.8000,0.1351,0.1986,20,RACING,1,62.74,0.0654,1.815,1.800,2.415
1785589645.564,6.1314,19.8098,3.0427,1.8000,0.1351,0.1986,20,RACING,1,62.74,0.1094,1.815,1.800,2.415
1785589645.614,6.0411,19.8170,3.0809,1.8000,0.1405,0.0233,20,RACING,1,62.99,0.0904,1.815,1.800,2.405
1785589645.665,5.9479,19.8210,3.1223,1.8000,0.1408,0.0233,20,RACING,1,62.99,0.0656,1.815,1.800,2.405
1785589645.714,5.8636,19.8210,-3.1239,1.8000,0.1425,0.0818,20,RACING,1,62.99,0.1274,1.815,1.800,99.000
1785589645.764,5.7728,19.8178,-3.0853,1.8000,0.1423,0.0818,20,RACING,1,63.24,0.0662,1.815,1.800,99.000
1785589645.814,5.6817,19.8111,-3.0460,1.8000,0.1428,0.0842,20,RACING,1,63.24,0.0710,1.815,1.800,99.000
1785589645.864,5.5927,19.8007,-3.0069,1.8000,0.1425,0.0842,20,RACING,1,63.49,0.1138,1.829,1.800,99.000
1785589645.914,5.5017,19.7867,-2.9678,1.8000,0.1424,0.1587,20,RACING,1,63.49,0.0413,1.829,1.800,2.414
1785589645.965,5.4127,19.7698,-2.9287,1.8000,0.1429,0.1587,20,RACING,1,63.49,0.0863,1.829,1.800,2.414
1785589646.014,5.3251,19.7489,-2.8899,1.8000,0.1399,0.0668,20,RACING,1,63.74,0.0838,1.861,1.800,99.000
1785589646.064,5.2416,19.7254,-2.8522,1.8000,0.1397,0.0668,20,RACING,1,63.74,0.0266,1.861,1.800,99.000
1785589646.115,5.1539,19.6983,-2.8139,1.8000,0.1392,0.0417,20,RACING,1,63.74,0.1026,1.861,1.800,2.491
1785589646.165,5.0647,19.6673,-2.7766,1.8000,0.1343,0.0417,20,RACING,1,63.98,0.0554,1.900,1.800,2.491
1785589646.214,4.9810,19.6337,-2.7395,1.8000,0.1354,0.0517,20,RACING,1,63.98,0.0373,1.900,1.800,99.000
1785589646.264,4.8998,19.5967,-2.7021,1.8000,0.1355,0.0517,20,RACING,1,64.23,0.1242,1.945,1.800,99.000
1785589646.314,4.8178,19.5579,-2.6678,1.8000,0.1275,0.0583,20,RACING,1,64.23,0.0336,1.945,1.800,99.000
1785589646.364,4.7354,19.5148,-2.6320,1.8000,0.1284,0.0583,20,RACING,1,64.23,0.0596,1.945,1.800,99.000
1785589646.414,4.6537,19.4689,-2.5982,1.8000,0.1213,0.0529,20,RACING,1,64.48,0.0987,1.984,1.800,99.000
1785589646.465,4.5765,19.4223,-2.5656,1.8000,0.1221,0.0529,20,RACING,1,64.48,0.0199,1.984,1.800,99.000
1785589646.515,4.5022,19.3718,-2.5319,1.8000,0.1231,0.0229,20,RACING,1,64.48,0.0841,1.984,1.800,99.000
1785589646.564,4.4298,19.3190,-2.5006,1.8000,0.1139,0.0229,20,RACING,1,64.73,0.0839,2.020,1.800,99.000
1785589646.614,4.3564,19.2645,-2.4696,1.8000,0.1137,0.0356,20,RACING,1,64.73,0.0307,2.020,1.800,99.000
1785589646.664,4.2880,19.2075,-2.4382,1.8000,0.1147,0.0356,20,RACING,1,64.73,0.1039,2.020,1.800,99.000
1785589646.714,4.2188,19.1468,-2.4087,1.8000,0.1052,0.1090,20,RACING,1,64.98,0.0686,2.058,1.800,99.000
1785589646.764,4.1531,19.0873,-2.3807,1.8000,0.1051,0.1090,20,RACING,1,64.98,0.0451,2.058,1.800,99.000
1785589646.814,4.0886,19.0245,-2.3517,1.8000,0.1057,0.0817,20,RACING,1,64.98,0.1232,2.058,1.800,99.000
1785589646.864,4.0198,18.9550,-2.3233,1.8000,0.0971,0.0817,20,RACING,1,65.23,0.0540,2.089,1.800,99.000
1785589646.914,3.9631,18.8934,-2.2984,1.8000,0.0978,0.0256,20,RACING,1,65.23,0.0621,2.089,1.800,99.000
1785589646.965,3.9046,18.8240,-2.2711,1.8000,0.0979,0.0256,20,RACING,1,65.48,0.1210,2.107,1.800,99.000
1785589647.014,3.8475,18.7548,-2.2469,1.8000,0.0890,0.0483,20,RACING,1,65.48,0.0473,2.107,1.800,99.000
1785589647.064,3.7902,18.6847,-2.2228,1.8000,0.0891,0.0483,20,RACING,1,65.48,0.0776,2.107,1.800,99.000
1785589647.114,3.7366,18.6132,-2.2001,1.8000,0.0835,0.0304,20,RACING,1,65.73,0.1058,2.091,1.800,99.000
1785589647.164,3.6831,18.5389,-2.1770,1.8000,0.0836,0.0304,20,RACING,1,65.73,0.0425,2.091,1.800,99.000
1785589647.214,3.6343,18.4649,-2.1543,1.8000,0.0839,0.0341,20,RACING,1,65.73,0.0916,2.091,1.800,99.000
1785589647.264,3.5823,18.3880,-2.1327,1.8000,0.0777,0.0341,20,RACING,1,65.98,0.0868,2.074,1.800,99.000
1785589647.314,3.5362,18.3108,-2.1112,1.8000,0.0786,0.2467,20,RACING,1,65.98,0.0412,2.074,1.800,99.000
1785589647.364,3.4925,18.2342,-2.0901,1.8000,0.0780,0.2467,20,RACING,1,65.98,0.1074,2.074,1.800,99.000
1785589647.414,3.4487,18.1563,-2.0704,1.8000,0.0727,0.0241,20,RACING,1,66.23,0.0708,2.074,1.800,99.000
1785589647.464,3.3998,18.0738,-2.0497,1.8000,0.0729,0.0241,20,RACING,1,66.23,0.0516,2.074,1.800,99.000
1785589647.514,3.3613,17.9948,-2.0296,1.8000,0.0750,0.0358,20,RACING,1,66.23,0.1270,2.074,1.800,99.000
1785589647.564,3.3245,17.9152,-2.0108,1.8000,0.0701,0.0358,20,RACING,1,66.48,0.0530,2.043,1.800,99.000
1785589647.614,3.2865,17.8335,-1.9918,1.8000,0.0695,0.0927,20,RACING,1,66.48,0.0574,2.043,1.800,99.000
1785589647.664,3.2511,17.7505,-1.9727,1.8000,0.0697,0.0927,20,RACING,1,66.73,0.1164,2.023,1.800,99.000
1785589647.714,3.2209,17.6681,-1.9547,1.8000,0.0666,0.0586,20,RACING,1,66.73,0.0346,2.023,1.800,99.000
1785589647.764,3.1893,17.5832,-1.9366,1.8000,0.0650,0.0586,20,RACING,1,66.73,0.0680,2.023,1.800,99.000
1785589647.814,3.1587,17.4998,-1.9195,1.8000,0.0635,0.2021,20,RACING,1,66.98,0.0984,2.023,1.800,99.000
1785589647.864,3.1277,17.4150,-1.9022,1.8000,0.0633,0.2021,20,RACING,1,66.98,0.0179,2.023,1.800,99.000
1785589647.915,3.0983,17.3275,-1.8844,1.8000,0.0637,0.1198,20,RACING,1,66.98,0.0867,2.023,1.800,99.000
1785589647.964,3.0726,17.2436,-1.8674,1.8000,0.0638,0.1198,20,RACING,1,67.23,0.0785,2.002,1.800,99.000
1785589648.014,3.0469,17.1576,-1.8501,1.8000,0.0636,0.1155,20,RACING,1,67.23,0.0169,2.002,1.800,99.000
1785589648.064,3.0221,17.0710,-1.8327,1.8000,0.0636,0.1155,20,RACING,1,67.23,0.1029,2.002,1.800,99.000
1785589648.114,3.0009,16.9831,-1.8149,1.8000,0.0646,0.0417,20,RACING,1,67.48,0.0582,1.986,1.800,99.000
1785589648.164,2.9801,16.8952,-1.7973,1.8000,0.0641,0.0417,20,RACING,1,67.48,0.0332,1.986,1.800,99.000
1785589648.214,2.9592,16.8052,-1.7794,1.8000,0.0640,0.0464,20,RACING,1,67.48,0.1251,1.986,1.800,99.000
1785589648.264,2.9421,16.7200,-1.7621,1.8000,0.0658,0.0464,20,RACING,1,67.73,0.0386,1.986,1.800,99.000
1785589648.314,2.9256,16.6306,-1.7439,1.8000,0.0657,0.0236,20,RACING,1,67.73,0.0526,1.986,1.800,99.000
1785589648.365,2.9103,16.5423,-1.7256,1.8000,0.0677,0.0236,20,RACING,1,67.98,0.1080,1.984,1.800,99.000
1785589648.414,2.8981,16.4517,-1.7067,1.8000,0.0679,0.1154,20,RACING,1,67.98,0.0166,1.984,1.800,99.000
1785589648.464,2.8897,16.3640,-1.6886,1.8000,0.0675,0.1154,20,RACING,1,67.98,0.0716,1.984,1.800,99.000
1785589648.514,2.8801,16.2719,-1.6692,1.8000,0.0690,0.0905,20,RACING,1,68.23,0.0860,1.984,1.800,99.000
1785589648.564,2.8799,16.1844,-1.6509,1.8000,0.0689,0.0905,20,RACING,1,68.23,0.0139,1.984,1.800,99.000
1785589648.614,2.8755,16.0948,-1.6330,1.8000,0.0657,0.1612,20,RACING,1,68.23,0.0927,1.984,1.800,99.000
1785589648.664,2.8725,16.0029,-1.6136,1.8000,0.0695,0.1612,20,RACING,1,68.48,0.0689,1.984,1.800,99.000
1785589648.714,2.8688,15.9133,-1.5949,1.8000,0.0688,0.0762,20,RACING,1,68.48,0.0305,1.984,1.800,99.000
1785589648.764,2.8682,15.8241,-1.5762,1.8000,0.0691,0.0762,20,RACING,1,68.48,0.1149,1.984,1.800,99.000
1785589648.814,2.8657,15.7350,-1.5561,1.8000,0.0740,0.0285,20,RACING,1,68.73,0.0503,1.984,1.800,99.000
1785589648.864,2.8675,15.6456,-1.5357,1.8000,0.0751,0.0285,20,RACING,1,68.73,0.0461,1.984,1.800,99.000
1785589648.915,2.8719,15.5532,-1.5134,1.8000,0.0794,0.1863,20,RACING,1,68.98,0.1156,1.984,1.800,99.000
1785589648.964,2.8769,15.4649,-1.4921,1.8000,0.0793,0.1863,20,RACING,1,68.98,0.0309,1.984,1.800,99.000
1785589649.014,2.8841,15.3760,-1.4705,1.8000,0.0797,0.0917,20,RACING,1,68.98,0.0659,1.984,1.800,99.000
1785589649.064,2.8966,15.2849,-1.4471,1.8000,0.0839,0.0917,20,RACING,1,69.23,0.0954,1.984,1.800,99.000
1785589649.114,2.9081,15.1971,-1.4247,1.8000,0.0832,0.0829,20,RACING,1,69.23,0.0194,1.984,1.800,99.000
1785589649.165,2.9223,15.1082,-1.4019,1.8000,0.0833,0.0829,20,RACING,1,69.23,0.0876,1.984,1.800,99.000
1785589649.214,2.9397,15.0155,-1.3769,1.8000,0.0875,0.0254,20,RACING,1,69.48,0.0719,1.984,1.800,99.000
1785589649.264,2.9574,14.9274,-1.3530,1.8000,0.0874,0.0254,20,RACING,1,69.48,0.0280,1.984,1.800,99.000
1785589649.314,2.9767,14.8433,-1.3300,1.8000,0.0877,0.0472,20,RACING,1,69.48,0.1089,1.984,1.800,2.312
1785589649.364,3.0020,14.7562,-1.3049,1.8000,0.0917,0.0472,20,RACING,1,69.73,0.0553,1.984,1.800,2.312
1785589649.414,3.0301,14.6683,-1.2796,1.8000,0.0909,0.1160,20,RACING,1,69.73,0.0480,1.984,1.800,99.000
1785589649.464,3.0576,14.5767,-1.2524,1.8000,0.0936,0.1160,20,RACING,1,69.98,0.1139,1.984,1.800,99.000
1785589649.514,3.0844,14.4991,-1.2290,1.8000,0.0940,0.1607,20,RACING,1,69.98,0.0369,1.984,1.800,2.450
1785589649.564,3.1173,14.4134,-1.2029,1.8000,0.0939,0.1607,20,RACING,1,69.98,0.0668,1.984,1.800,2.450
1785589649.614,3.1488,14.3312,-1.1768,1.8000,0.0969,0.0339,20,RACING,1,70.23,0.1004,1.984,1.800,99.000
1785589649.665,3.1848,14.2489,-1.1502,1.8000,0.0972,0.0339,20,RACING,1,70.23,0.0227,1.984,1.800,99.000
1785589649.714,3.2234,14.1661,-1.1233,1.8000,0.0971,0.0348,20,RACING,1,70.23,0.0863,1.984,1.800,99.000
1785589649.764,3.2622,14.0857,-1.0962,1.8000,0.0993,0.0348,20,RACING,1,70.48,0.0785,1.984,1.800,99.000
1785589649.814,3.3058,14.0050,-1.0686,1.8000,0.0995,0.0700,20,RACING,1,70.48,0.0252,1.984,1.800,99.000
1785589649.864,3.3520,13.9281,-1.0418,1.8000,0.0994,0.0700,20,RACING,1,70.48,0.1080,1.984,1.800,99.000
1785589649.914,3.3953,13.8501,-1.0142,1.8000,0.0995,0.0629,20,RACING,1,70.73,0.0564,1.984,1.800,99.000
1785589649.965,3.4434,13.7754,-0.9872,1.8000,0.1003,0.0629,20,RACING,1,70.73,0.0387,1.984,1.800,99.000
1785589650.014,3.4951,13.7009,-0.9596,1.8000,0.1003,0.1334,20,RACING,1,70.98,0.1243,1.984,1.800,99.000
1785589650.064,3.5469,13.6283,-0.9329,1.8000,0.0982,0.1334,20,RACING,1,70.98,0.0367,1.984,1.800,99.000
1785589650.114,3.5989,13.5569,-0.9060,1.8000,0.0983,0.0560,20,RACING,1,70.98,0.0556,1.984,1.800,99.000
1785589650.164,3.6575,13.4872,-0.8802,1.8000,0.0948,0.0560,20,RACING,1,71.23,0.1044,2.006,1.800,99.000
1785589650.214,3.7160,13.4165,-0.8536,1.8000,0.0943,0.0211,20,RACING,1,71.23,0.0146,2.006,1.800,99.000
1785589650.264,3.7769,13.3515,-0.8284,1.8000,0.0946,0.0211,20,RACING,1,71.23,0.0778,2.006,1.800,99.000
1785589650.314,3.8407,13.2863,-0.8045,1.8000,0.0881,0.1323,20,RACING,1,71.48,0.0815,2.030,1.800,99.000
1785589650.364,3.9032,13.2217,-0.7803,1.8000,0.0877,0.1323,20,RACING,1,71.48,0.0099,2.030,1.800,99.000
1785589650.414,3.9702,13.1587,-0.7561,1.8000,0.0879,0.0606,20,RACING,1,71.48,0.1008,2.030,1.800,99.000
1785589650.464,4.0389,13.0961,-0.7336,1.8000,0.0801,0.0606,20,RACING,1,71.73,0.0562,2.069,1.800,99.000
1785589650.515,4.1008,13.0377,-0.7122,1.8000,0.0800,0.0457,20,RACING,1,71.73,0.0293,2.069,1.800,99.000
1785589650.564,4.1683,12.9805,-0.6905,1.8000,0.0807,0.0457,20,RACING,1,71.73,0.1174,2.069,1.800,99.000
1785589650.614,4.2406,12.9242,-0.6711,1.8000,0.0715,0.0919,20,RACING,1,71.98,0.0432,1.949,1.800,99.000
1785589650.664,4.3108,12.8688,-0.6516,1.8000,0.0710,0.0919,20,RACING,1,71.98,0.0499,1.949,1.800,99.000
1785589650.714,4.3832,12.8152,-0.6322,1.8000,0.0712,0.0830,20,RACING,1,72.23,0.1144,1.791,1.800,99.000
1785589650.764,4.4563,12.7623,-0.6155,1.7909,0.0609,0.0830,20,RACING,1,72.23,0.0313,1.791,1.800,99.000
1785589650.814,4.5307,12.7118,-0.5991,1.7909,0.0609,0.0628,20,RACING,1,72.23,0.0707,1.791,1.800,99.000
1785589650.864,4.6012,12.6614,-0.5851,1.7909,0.0511,0.0628,20,RACING,1,72.48,0.1013,1.534,1.800,99.000
1785589650.914,4.6702,12.6164,-0.5722,1.6409,0.0517,0.0445,20,RACING,1,72.48,0.0339,1.534,1.800,99.000
1785589650.964,4.7375,12.5752,-0.5602,1.5343,0.0517,0.0445,20,RACING,1,72.48,0.0708,1.534,1.800,99.000
1785589651.014,4.8036,12.5343,-0.5505,1.5343,0.0413,0.2709,20,RACING,1,72.73,0.1141,1.373,1.800,99.000
1785589651.064,4.8634,12.4982,-0.5418,1.3843,0.0413,0.2709,20,RACING,1,72.73,0.0523,1.373,1.800,99.000
1785589651.114,4.9224,12.4629,-0.5332,1.3729,0.0412,0.0625,20,RACING,1,72.73,0.0461,1.373,1.800,99.000
1785589651.164,4.9802,12.4286,-0.5247,1.3729,0.0412,0.0625,20,RACING,1,72.73,0.1032,1.373,1.800,99.000
1785589651.214,5.0426,12.3941,-0.5183,1.3729,0.0306,0.0786,20,RACING,1,72.98,0.0910,1.373,1.800,99.000
1785589651.264,5.1035,12.3607,-0.5120,1.3729,0.0302,0.0786,20,RACING,1,72.98,0.0400,1.373,1.800,99.000
1785589651.314,5.1625,12.3273,-0.5058,1.3729,0.0299,0.0879,20,RACING,1,72.98,0.0667,1.373,1.800,99.000
1785589651.365,5.2228,12.2939,-0.5017,1.3729,0.0198,0.0879,20,RACING,1,72.98,0.1292,1.373,1.800,99.000
1785589651.414,5.2827,12.2612,-0.4976,1.3729,0.0198,0.0237,20,RACING,1,73.23,0.0719,1.373,1.800,99.000
1785589651.464,5.3429,12.2285,-0.4934,1.3729,0.0198,0.0237,20,RACING,1,73.23,0.0427,1.373,1.800,99.000
1785589651.514,5.3429,12.2285,-0.4934,1.3729,0.0199,0.0237,20,RACING,1,73.23,0.0427,1.373,1.800,99.000
1785589651.564,5.3429,12.2285,-0.4934,1.3729,0.0199,0.0237,20,RACING,1,73.23,0.0427,1.373,1.800,99.000
1785589651.614,5.5224,12.1322,-0.4811,1.3729,0.0199,0.0259,20,RACING,1,73.48,0.0578,1.373,1.800,99.000
1785589651.664,5.5830,12.1001,-0.4811,1.3729,0.0062,0.0259,20,RACING,1,73.48,0.0547,1.373,1.800,99.000
1785589651.714,5.6446,12.0678,-0.4811,1.3729,0.0072,0.0428,20,RACING,1,73.48,0.1105,1.373,1.800,99.000
1785589651.766,5.6446,12.0678,-0.4811,1.3729,-0.0050,0.0428,20,RACING,1,73.48,0.1105,1.373,1.800,99.000
1785589651.814,5.7654,12.0045,-0.4811,1.3729,-0.0050,0.0467,20,RACING,1,73.73,0.0478,1.373,1.800,99.000
1785589651.864,5.8256,11.9732,-0.4811,1.3729,-0.0060,0.0467,20,RACING,1,73.73,0.0719,1.373,1.800,99.000
1785589651.914,5.8875,11.9415,-0.4854,1.3729,-0.0209,0.1812,20,RACING,1,73.73,0.1328,1.373,1.800,99.000
1785589651.965,5.9489,11.9088,-0.4898,1.3729,-0.0211,0.1812,20,RACING,1,73.98,0.0722,1.373,1.800,99.000
1785589652.014,6.0100,11.8765,-0.4942,1.3729,-0.0211,0.0785,20,RACING,1,73.98,0.0483,1.373,1.800,99.000
1785589652.065,6.0675,11.8441,-0.4986,1.3729,-0.0213,0.0785,20,RACING,1,73.98,0.0930,1.373,1.800,99.000
1785589652.114,6.1276,11.8111,-0.5068,1.3729,-0.0397,0.0367,20,RACING,1,74.23,0.1123,1.373,1.800,99.000
1785589652.164,6.1871,11.7774,-0.5151,1.3729,-0.0397,0.0367,20,RACING,1,74.23,0.0596,1.373,1.800,99.000
1785589652.214,6.2468,11.7435,-0.5233,1.3729,-0.0395,0.0235,20,RACING,1,74.23,0.0622,1.373,1.800,99.000
1785589652.264,6.3058,11.7090,-0.5315,1.3729,-0.0397,0.0235,20,RACING,1,74.23,0.1169,1.373,1.800,99.000
1785589652.314,6.3659,11.6731,-0.5457,1.3729,-0.0665,0.2192,20,RACING,1,74.48,0.0916,1.373,1.800,99.000
1785589652.364,6.4228,11.6376,-0.5593,1.3729,-0.0665,0.2192,20,RACING,1,74.48,0.0560,1.373,1.800,99.000
1785589652.414,6.4806,11.6007,-0.5731,1.3729,-0.0663,0.0439,20,RACING,1,74.48,0.0846,1.373,1.800,2.497
1785589652.464,6.5360,11.5628,-0.5943,1.3729,-0.1010,0.0439,20,RACING,1,74.73,0.1345,1.373,1.800,2.497
1785589652.514,6.5921,11.5240,-0.6151,1.3729,-0.1003,0.1001,20,RACING,1,74.73,0.0824,1.373,1.800,2.357
1785589652.564,6.6445,11.4838,-0.6360,1.3729,-0.1003,0.1001,20,RACING,1,74.73,0.0718,1.373,1.800,2.357
1785589652.614,6.6970,11.4419,-0.6648,1.3729,-0.1377,0.2093,20,RACING,1,74.73,0.1123,1.373,1.800,2.300
1785589652.664,6.7511,11.3984,-0.6937,1.3729,-0.1369,0.2093,20,RACING,1,74.98,0.1249,1.373,1.800,2.300
1785589652.714,6.8021,11.3538,-0.7224,1.3729,-0.1370,0.0444,20,RACING,1,74.98,0.0917,1.373,1.800,99.000
1785589652.764,6.8555,11.3071,-0.7588,1.3729,-0.1725,0.0444,20,RACING,1,74.98,0.1037,1.373,1.800,99.000
1785589652.814,6.9070,11.2584,-0.7955,1.3729,-0.1734,0.0618,20,RACING,1,74.98,0.1536,1.373,1.800,1.815
1785589652.864,6.9546,11.2094,-0.8366,1.3729,-0.1991,0.0618,20,RACING,1,75.23,0.1215,1.373,1.800,1.815
1785589652.914,7.0007,11.1557,-0.8845,1.3729,-0.2204,0.2450,20,RACING,1,75.23,0.1168,1.373,1.800,2.072
1785589652.964,7.0404,11.1031,-0.9261,1.3729,-0.2014,0.2450,20,RACING,1,75.23,0.1502,1.373,1.800,2.072
1785589653.014,7.0789,11.0477,-0.9680,1.3729,-0.2003,0.0469,20,RACING,1,75.48,0.1638,1.373,1.800,2.148
1785589653.064,7.1155,10.9903,-1.0128,1.3729,-0.2117,0.0469,20,RACING,1,75.48,0.1486,1.373,1.800,2.148
1785589653.114,7.1509,10.9313,-1.0574,1.3729,-0.2114,0.1249,20,RACING,1,75.48,0.1652,1.373,1.800,1.317
1785589653.164,7.1812,10.8727,-1.1107,1.3167,-0.2607,0.1249,20,RACING,1,75.73,0.1963,1.373,1.800,1.317
1785589653.214,7.2081,10.8132,-1.1630,1.3167,-0.2575,0.0492,20,RACING,1,75.73,0.1755,1.373,1.800,1.955
1785589653.264,7.2346,10.7492,-1.2098,1.3729,-0.2195,0.0492,20,RACING,1,75.73,0.1808,1.373,1.800,1.955
1785589653.314,7.2568,10.6846,-1.2561,1.3729,-0.2187,0.0281,20,RACING,1,75.98,0.2073,1.400,1.800,1.513
1785589653.364,7.2753,10.6173,-1.3092,1.4002,-0.2451,0.0281,20,RACING,1,75.98,0.1799,1.400,1.800,1.513
1785589653.414,7.2912,10.5477,-1.3623,1.4002,-0.2410,0.0497,20,RACING,1,75.98,0.1806,1.400,1.800,2.047
1785589653.464,7.3070,10.4798,-1.4053,1.4002,-0.2020,0.0497,20,RACING,1,76.23,0.1942,1.512,1.800,2.047
1785589653.514,7.3206,10.4058,-1.4515,1.5123,-0.2023,0.0602,30,RACING,1,76.23,0.1530,1.512,2.500,2.139
1785589653.564,7.3301,10.3298,-1.4977,1.5123,-0.1969,0.0602,30,RACING,1,76.23,0.1474,1.512,2.500,2.139
1785589653.614,7.3346,10.2549,-1.5411,1.5123,-0.1884,0.0209,30,RACING,1,76.48,0.1610,1.671,2.500,2.132
1785589653.664,7.3341,10.1735,-1.5884,1.6373,-0.1887,0.0209,30,RACING,1,76.48,0.1095,1.671,2.500,2.132
1785589653.714,7.3313,10.0897,-1.6369,1.6709,-0.1883,0.0667,30,RACING,1,76.48,0.1095,1.671,2.500,2.151
1785589653.764,7.3210,10.0071,-1.6809,1.6709,-0.1734,0.0667,30,RACING,1,76.73,0.1239,1.851,2.500,2.151
1785589653.814,7.3154,9.9155,-1.7298,1.7959,-0.1726,0.0858,30,RACING,1,76.73,0.0516,1.851,2.500,2.375
1785589653.864,7.2978,9.8264,-1.7782,1.8511,-0.1745,0.0858,30,RACING,1,76.73,0.0885,1.851,2.500,2.375
1785589653.914,7.2770,9.7336,-1.8234,1.8511,-0.1553,0.0293,30,RACING,1,76.98,0.0751,2.009,2.500,2.448
1785589653.964,7.2539,9.6422,-1.8686,1.9761,-0.1555,0.0293,30,RACING,1,76.98,0.0192,2.009,2.500,2.448
1785589654.014,7.2228,9.5439,-1.9179,2.0092,-0.1562,0.0711,30,RACING,1,76.98,0.1223,2.009,2.500,99.000
1785589654.064,7.1888,9.4530,-1.9578,2.0092,-0.1346,0.0711,30,RACING,1,77.23,0.0490,2.102,2.500,99.000
1785589654.114,7.1464,9.3556,-2.0014,2.1018,-0.1348,0.0800,30,RACING,1,77.23,0.0849,2.102,2.500,99.000
1785589654.165,7.1019,9.2613,-2.0378,2.1018,-0.1142,0.0800,30,RACING,1,77.48,0.0979,2.172,2.500,99.000
1785589654.214,7.0477,9.1646,-2.0758,2.1724,-0.1144,0.0286,30,RACING,1,77.48,0.0735,2.172,2.500,99.000
1785589654.264,6.9913,9.0714,-2.1129,2.1724,-0.1136,0.0286,30,RACING,1,77.73,0.1325,2.234,2.500,99.000
1785589654.314,6.9351,8.9761,-2.1443,2.2336,-0.0917,0.0589,30,RACING,1,77.73,0.0807,2.234,2.500,99.000
1785589654.365,6.8718,8.8833,-2.1756,2.2336,-0.0924,0.0589,30,RACING,1,77.73,0.1384,2.234,2.500,99.000
1785589654.414,6.8034,8.7911,-2.2009,2.2336,-0.0735,0.1548,30,RACING,1,77.98,0.0889,2.287,2.500,99.000
1785589654.464,6.7337,8.6994,-2.2262,2.2869,-0.0728,0.1548,30,RACING,1,77.98,0.1222,2.287,2.500,99.000
1785589654.514,6.6636,8.6103,-2.2457,2.2869,-0.0569,0.0303,30,RACING,1,78.23,0.0999,2.339,2.500,99.000
1785589654.565,6.5939,8.5200,-2.2658,2.3393,-0.0569,0.0303,30,RACING,1,78.23,0.1086,2.339,2.500,99.000
1785589654.614,6.5213,8.4309,-2.2817,2.3393,-0.0447,0.1007,30,RACING,1,78.48,0.1161,2.352,2.500,99.000
1785589654.664,6.4436,8.3427,-2.2978,2.3517,-0.0453,0.1007,30,RACING,1,78.48,0.0973,2.352,2.500,99.000
1785589654.714,6.3621,8.2541,-2.3141,2.3517,-0.0452,0.1105,30,RACING,1,78.73,0.1206,2.371,2.500,99.000
1785589654.765,6.2810,8.1689,-2.3252,2.3714,-0.0314,0.1105,30,RACING,1,78.73,0.0835,2.371,2.500,99.000
1785589654.814,6.1943,8.0830,-2.3363,2.3714,-0.0309,0.0240,30,RACING,1,78.98,0.1215,2.353,2.500,99.000
1785589654.864,6.1068,7.9901,-2.3439,2.3533,-0.0194,0.0240,30,RACING,1,78.98,0.0728,2.353,2.500,99.000
1785589654.914,6.0226,7.9064,-2.3511,2.3533,-0.0202,0.1006,30,RACING,1,79.23,0.1206,2.315,2.500,99.000
1785589654.965,5.9471,7.8320,-2.3549,2.3151,-0.0119,0.1006,30,RACING,1,79.23,0.0560,2.315,2.500,99.000
1785589655.014,5.8639,7.7487,-2.3589,2.3151,-0.0114,0.3181,30,RACING,1,79.23,0.1300,2.315,2.500,99.000
1785589655.064,5.7842,7.6686,-2.3589,2.3151,-0.0059,0.3181,30,RACING,1,79.48,0.0513,2.253,2.500,99.000
1785589655.114,5.7036,7.5890,-2.3589,2.2530,-0.0073,0.1193,30,RACING,1,79.48,0.1048,2.253,2.500,99.000
1785589655.165,5.6228,7.5089,-2.3589,2.2530,-0.0039,0.1193,30,RACING,1,79.73,0.0577,2.167,2.500,99.000
1785589655.214,5.5422,7.4334,-2.3589,2.1668,-0.0045,0.0325,30,RACING,1,79.73,0.0769,2.167,2.500,99.000
1785589655.264,5.4618,7.3495,-2.3589,2.1668,-0.0004,0.0325,30,RACING,1,79.73,0.0732,2.167,2.500,99.000
1785589655.314,5.4618,7.3495,-2.3589,2.1668,-0.0004,0.0325,30,RACING,1,79.98,0.0732,2.066,2.500,99.000
1785589655.364,5.3184,7.2064,-2.3589,2.0655,-0.0023,0.0770,30,RACING,1,80.23,0.1163,1.917,2.500,99.000
1785589655.414,5.2455,7.1366,-2.3589,1.9175,0.0016,0.1504,30,RACING,1,80.23,0.0281,1.917,2.500,99.000
1785589655.464,5.1788,7.0695,-2.3589,1.9175,0.0026,0.1504,30,RACING,1,80.23,0.0863,1.917,2.500,99.000
1785589655.514,5.1116,7.0033,-2.3589,1.9175,0.0056,0.0647,30,RACING,1,80.48,0.0760,1.669,2.500,99.000
1785589655.564,5.0488,6.9407,-2.3589,1.7675,0.0066,0.0647,30,RACING,1,80.48,0.0256,1.669,2.500,99.000
1785589655.614,4.9891,6.8819,-2.3589,1.6687,0.0076,0.1027,30,RACING,1,80.48,0.1013,1.669,2.500,99.000
1785589655.664,4.9262,6.8227,-2.3561,1.6687,0.0110,0.1027,30,RACING,1,80.73,0.0655,1.337,2.500,99.000
1785589655.714,4.8709,6.7671,-2.3533,1.5187,0.0120,0.1959,30,RACING,1,80.73,0.0191,1.337,2.500,99.000
1785589655.765,4.8228,6.7180,-2.3508,1.3687,0.0120,0.1959,30,RACING,1,80.73,0.0839,1.337,2.500,99.000
1785589655.814,4.7778,6.6706,-2.3480,1.3372,0.0136,0.0811,30,RACING,1,80.98,0.1023,1.133,2.500,99.000
1785589655.864,4.7344,6.6277,-2.3456,1.1872,0.0131,0.0811,30,RACING,1,80.98,0.0420,1.133,2.500,99.000
1785589655.914,4.6953,6.5860,-2.3432,1.1327,0.0135,0.0646,30,RACING,1,80.98,0.0201,1.133,2.500,99.000
1785589655.964,4.6571,6.5459,-2.3410,1.1327,0.0130,0.0646,30,RACING,1,80.98,0.0729,1.133,2.500,99.000
1785589656.014,4.6156,6.5041,-2.3383,1.1327,0.0154,0.0217,30,RACING,1,81.23,0.1195,1.091,2.500,99.000
1785589656.064,4.5783,6.4649,-2.3357,1.0914,0.0157,0.0217,30,RACING,1,81.23,0.0657,1.091,2.500,99.000
1785589656.115,4.5422,6.4270,-2.3332,1.0914,0.0156,0.0629,30,RACING,1,81.23,0.0161,1.091,2.500,99.000
1785589656.164,4.5031,6.3869,-2.3306,1.0914,0.0155,0.0629,30,RACING,1,81.23,0.0443,1.091,2.500,99.000
1785589656.214,4.4656,6.3478,-2.3281,1.0914,0.0158,0.1014,30,RACING,1,81.23,0.0979,1.091,2.500,99.000
1785589656.264,4.4267,6.3073,-2.3248,1.0914,0.0194,0.1014,30,RACING,1,81.48,0.0965,1.091,2.500,99.000
1785589656.314,4.3899,6.2677,-2.3216,1.0914,0.0196,0.1092,30,RACING,1,81.48,0.0429,1.091,2.500,99.000
1785589656.364,4.3552,6.2282,-2.3184,1.0914,0.0195,0.1092,30,RACING,1,81.48,0.0141,1.091,2.500,99.000
1785589656.414,4.3190,6.1873,-2.3152,1.0914,0.0188,0.0792,30,RACING,1,81.48,0.0659,1.091,2.500,99.000
1785589656.464,4.2823,6.1482,-2.3115,1.0914,0.0232,0.0792,30,RACING,1,81.48,0.1191,1.091,2.500,99.000
1785589656.514,4.2466,6.1067,-2.3075,1.0914,0.0234,0.1335,30,RACING,1,81.73,0.0775,1.091,2.500,99.000
1785589656.565,4.2091,6.0671,-2.3038,1.0914,0.0228,0.1335,30,RACING,1,81.73,0.0245,1.091,2.500,99.000
1785589656.614,4.1715,6.0264,-2.3000,1.0914,0.0234,0.3269,30,RACING,1,81.73,0.0350,1.091,2.500,99.000
1785589656.664,4.1336,5.9856,-2.2960,1.0914,0.0237,0.3269,30,RACING,1,81.73,0.0896,1.091,2.500,99.000
1785589656.714,4.0946,5.9425,-2.2906,1.0914,0.0311,0.0386,30,RACING,1,81.98,0.1030,1.091,2.500,99.000
1785589656.764,4.0618,5.9036,-2.2857,1.0914,0.0314,0.0386,30,RACING,1,81.98,0.0528,1.091,2.500,99.000
1785589656.814,4.0276,5.8618,-2.2805,1.0914,0.0310,0.0272,30,RACING,1,81.98,0.0127,1.091,2.500,99.000
1785589656.864,3.9923,5.8212,-2.2756,1.0914,0.0304,0.0272,30,RACING,1,81.98,0.0575,1.091,2.500,99.000
1785589656.914,3.9565,5.7788,-2.2687,1.0914,0.0407,0.0535,30,RACING,1,81.98,0.1123,1.091,2.500,99.000
1785589656.964,3.9217,5.7369,-2.2620,1.0914,0.0407,0.0535,30,RACING,1,82.23,0.0850,1.091,2.500,99.000
1785589657.014,3.8884,5.6952,-2.2553,1.0914,0.0407,0.0734,30,RACING,1,82.23,0.0343,1.091,2.500,99.000
1785589657.064,3.8532,5.6528,-2.2486,1.0914,0.0403,0.0734,30,RACING,1,82.23,0.0297,1.091,2.500,99.000
1785589657.114,3.8188,5.6102,-2.2419,1.0914,0.0406,0.0585,30,RACING,1,82.23,0.0814,1.091,2.500,99.000
1785589657.165,3.7828,5.5676,-2.2324,1.0914,0.0575,0.0585,30,RACING,1,82.48,0.1156,1.091,2.500,99.000
1785589657.214,3.7477,5.5239,-2.2227,1.0914,0.0583,0.1108,30,RACING,1,82.48,0.0607,1.091,2.500,99.000
1785589657.264,3.7138,5.4809,-2.2131,1.0914,0.0588,0.1108,30,RACING,1,82.48,0.0177,1.091,2.500,99.000
1785589657.314,3.6808,5.4370,-2.2033,1.0914,0.0593,0.1483,30,RACING,1,82.48,0.0547,1.091,2.500,2.453
1785589657.364,3.6499,5.3927,-2.1889,1.0914,0.0865,0.1483,30,RACING,1,82.48,0.1076,1.091,2.500,2.453
1785589657.414,3.6181,5.3476,-2.1744,1.0914,0.0862,0.0264,30,RACING,1,82.73,0.0920,1.091,2.500,99.000
1785589657.464,3.5876,5.3029,-2.1603,1.0914,0.0862,0.0264,30,RACING,1,82.73,0.0436,1.091,2.500,99.000
1785589657.514,3.5583,5.2561,-2.1456,1.0914,0.0863,0.0666,30,RACING,1,82.73,0.0369,1.091,2.500,2.262
1785589657.564,3.5291,5.2111,-2.1282,1.0914,0.1074,0.0666,30,RACING,1,82.73,0.0814,1.091,2.500,2.262
1785589657.614,3.5021,5.1646,-2.1103,1.0914,0.1076,0.0322,30,RACING,1,82.98,0.1270,1.091,2.500,2.191
1785589657.664,3.4730,5.1138,-2.0820,1.0914,0.1587,0.0322,30,RACING,1,82.98,0.0758,1.091,2.500,2.191
1785589657.714,3.4477,5.0694,-2.0574,1.0914,0.1586,0.1505,30,RACING,1,82.98,0.0482,1.091,2.500,2.134
1785589657.764,3.4237,5.0212,-2.0310,1.0914,0.1590,0.1505,30,RACING,1,82.98,0.0682,1.091,2.500,2.134
1785589657.814,3.3997,4.9708,-2.0039,1.0914,0.1587,0.0432,30,RACING,1,82.98,0.1152,1.091,2.500,2.015
1785589657.864,3.3787,4.9211,-1.9667,1.0914,0.2219,0.0432,30,RACING,1,83.23,0.1171,1.091,2.500,2.015
1785589657.914,3.3578,4.8707,-1.9298,1.0914,0.2211,0.0507,30,RACING,1,83.23,0.0858,1.091,2.500,1.997
1785589657.966,3.3394,4.8194,-1.8926,1.0914,0.2220,0.0507,30,RACING,1,83.23,0.0859,1.091,2.500,1.997
1785589658.014,3.3235,4.7666,-1.8478,1.0914,0.2625,0.0221,30,RACING,1,83.23,0.1179,1.091,2.500,1.943
1785589658.064,3.3112,4.7142,-1.8033,1.0914,0.2642,0.0221,30,RACING,1,83.48,0.1630,1.091,2.500,1.943
1785589658.114,3.2992,4.6615,-1.7594,1.0914,0.2632,0.0565,30,RACING,1,83.48,0.1377,1.091,2.500,1.887
1785589658.165,3.2924,4.6078,-1.7106,1.0914,0.2876,0.0565,30,RACING,1,83.48,0.1365,1.091,2.500,1.887
1785589658.214,3.2876,4.5527,-1.6609,1.0914,0.2868,0.1026,30,RACING,1,83.48,0.1578,1.091,2.500,1.842
1785589658.264,3.2832,4.4982,-1.6117,1.0914,0.2874,0.1026,30,RACING,1,83.48,0.1930,1.091,2.500,1.842
1785589658.314,3.2822,4.4450,-1.5641,1.0914,0.2868,0.0366,30,RACING,1,83.73,0.1991,1.091,2.500,1.810
1785589658.365,3.2834,4.3898,-1.5132,1.0914,0.2941,0.0366,30,RACING,1,83.73,0.1983,1.091,2.500,1.810
1785589658.414,3.2868,4.3352,-1.4633,1.0914,0.2936,0.0387,30,RACING,1,83.73,0.2144,1.091,2.500,1.761
1785589658.464,3.2937,4.2823,-1.4138,1.0914,0.2945,0.0387,30,RACING,1,83.73,0.2440,1.091,2.500,1.761
1785589658.514,3.3059,4.2276,-1.3627,1.0914,0.2938,0.0417,30,RACING,1,83.98,0.2432,1.091,2.500,1.705
1785589658.564,3.3177,4.1752,-1.3143,1.0914,0.2892,0.0417,30,RACING,1,83.98,0.2463,1.091,2.500,1.705
1785589658.614,3.3300,4.1231,-1.2655,1.0914,0.2885,0.0668,30,RACING,2,0.00,0.2459,1.091,2.500,1.763
1785589658.664,3.3483,4.0722,-1.2170,1.0914,0.2861,0.0668,30,RACING,2,0.00,0.2515,1.091,2.500,1.763
1785589658.714,3.3679,4.0209,-1.1686,1.0914,0.2852,0.0798,30,RACING,2,0.25,0.2397,1.254,2.500,1.782
1785589658.764,3.3921,3.9647,-1.1142,1.2164,0.2840,0.0798,30,RACING,2,0.25,0.2147,1.254,2.500,1.782
1785589658.814,3.4214,3.9096,-1.0623,1.2544,0.2685,0.3183,30,RACING,2,0.25,0.2106,1.254,2.500,1.784
1785589658.864,3.4529,3.8547,-1.0093,1.2544,0.2676,0.3183,30,RACING,2,0.50,0.1935,1.563,2.500,1.784
1785589658.914,3.4907,3.7986,-0.9534,1.3794,0.2665,0.1306,30,RACING,2,0.50,0.1527,1.563,2.500,1.683
1785589658.965,3.5376,3.7383,-0.8900,1.5044,0.2695,0.1306,30,RACING,2,0.50,0.1408,1.563,2.500,1.683
1785589659.014,3.5908,3.6781,-0.8285,1.5634,0.2489,0.2046,30,RACING,2,0.75,0.1429,1.822,2.500,2.468
1785589659.064,3.6502,3.6182,-0.7716,1.6884,0.2219,0.2046,30,RACING,2,0.75,0.0773,1.822,2.500,2.468
1785589659.115,3.7184,3.5575,-0.7101,1.8134,0.2220,0.0393,30,RACING,2,0.75,0.0842,1.822,2.500,1.990
1785589659.165,3.7913,3.4995,-0.6524,1.8220,0.2050,0.0393,30,RACING,2,1.00,0.0918,1.989,2.500,1.990
1785589659.214,3.8658,3.4424,-0.5911,1.9470,0.2040,0.0570,30,RACING,2,1.00,0.0047,1.989,2.500,2.290
1785589659.264,3.9471,3.3902,-0.5329,1.9886,0.1924,0.0570,30,RACING,2,1.00,0.0986,1.989,2.500,2.290
1785589659.314,4.0324,3.3417,-0.4833,1.9886,0.1634,0.0483,30,RACING,2,1.25,0.0779,2.113,2.500,99.000
1785589659.364,4.1259,3.2946,-0.4301,2.1127,0.1633,0.0483,30,RACING,2,1.25,0.0791,2.113,2.500,99.000
1785589659.414,4.2175,3.2534,-0.3777,2.1127,0.1632,0.2293,30,RACING,2,1.50,0.1404,2.184,2.500,99.000
1785589659.464,4.3204,3.2158,-0.3338,2.1837,0.1328,0.2293,30,RACING,2,1.50,0.0963,2.184,2.500,99.000
1785589659.514,4.4235,3.1823,-0.2896,2.1837,0.1328,0.0497,30,RACING,2,1.50,0.1477,2.184,2.500,99.000
1785589659.564,4.5289,3.1529,-0.2540,2.1837,0.1067,0.0497,30,RACING,2,1.75,0.1212,2.255,2.500,99.000
1785589659.614,4.6413,3.1266,-0.2174,2.2550,0.1067,0.0570,30,RACING,2,1.75,0.1395,2.255,2.500,99.000
1785589659.664,4.7524,3.1037,-0.1883,2.2550,0.0847,0.0570,30,RACING,2,2.00,0.1390,2.306,2.500,99.000
1785589659.715,4.8641,3.0839,-0.1588,2.3058,0.0847,0.0277,30,RACING,2,2.00,0.1325,2.306,2.500,99.000
1785589659.764,4.9787,3.0673,-0.1289,2.3058,0.0846,0.0277,30,RACING,2,2.25,0.1530,2.320,2.500,99.000
1785589659.814,5.0975,3.0534,-0.1064,2.3195,0.0625,0.0936,30,RACING,2,2.25,0.1247,2.320,2.500,99.000
1785589659.864,5.2117,3.0426,-0.0852,2.3195,0.0626,0.0936,30,RACING,2,2.50,0.1599,2.352,2.500,99.000
1785589659.915,5.3304,3.0334,-0.0690,2.3524,0.0452,0.1080,30,RACING,2,2.50,0.1134,2.352,2.500,99.000
1785589659.964,5.4474,3.0262,-0.0527,2.3524,0.0453,0.1080,30,RACING,2,2.75,0.1644,2.387,2.500,99.000
1785589660.014,5.5692,3.0206,-0.0411,2.3872,0.0316,0.0308,30,RACING,2,2.75,0.1013,2.387,2.500,99.000
1785589660.064,5.6872,3.0165,-0.0300,2.3872,0.0316,0.0308,30,RACING,2,2.75,0.1486,2.387,2.500,99.000
1785589660.114,5.8095,3.0134,-0.0222,2.3872,0.0213,0.0912,30,RACING,2,3.00,0.0887,2.396,2.500,99.000
1785589660.164,5.9271,3.0112,-0.0144,2.3963,0.0214,0.0912,30,RACING,2,3.00,0.1308,2.396,2.500,99.000
1785589660.224,6.0476,3.0098,-0.0095,2.3963,0.0137,0.0221,30,RACING,2,3.25,0.0788,2.401,2.500,99.000
1785589660.265,6.1697,3.0090,-0.0045,2.4006,0.0137,0.0221,30,RACING,2,3.25,0.1154,2.401,2.500,99.000
1785589660.314,6.1697,3.0090,-0.0045,2.4006,0.0084,0.0221,30,RACING,2,3.25,0.1154,2.401,2.500,99.000
1785589660.365,6.4258,3.0078,-0.0045,2.4006,0.0084,0.0593,30,RACING,2,3.50,0.1128,2.408,2.500,99.000
1785589660.415,6.5366,3.0074,-0.0045,2.4084,0.0080,0.0593,30,RACING,2,3.75,0.0637,2.421,2.500,99.000
1785589660.464,6.6584,3.0068,-0.0045,2.4212,0.0094,0.0554,30,RACING,2,3.75,0.0924,2.421,2.500,99.000
1785589660.514,6.7764,3.0063,-0.0045,2.4212,0.0078,0.0509,30,RACING,2,4.00,0.0654,2.435,2.500,99.000
1785589660.564,6.8990,3.0057,-0.0045,2.4350,0.0093,0.0509,30,RACING,2,4.00,0.0801,2.435,2.500,99.000
1785589660.614,7.0216,3.0052,-0.0045,2.4350,0.0080,0.0509,30,RACING,2,4.00,0.0658,2.435,2.500,99.000
1785589660.665,7.1429,3.0046,-0.0045,2.4453,0.0096,0.0279,30,RACING,2,4.25,0.0718,2.445,2.500,99.000
1785589660.714,7.2609,3.0041,-0.0045,2.4453,0.0087,0.1906,30,RACING,2,4.50,0.0734,2.452,2.500,99.000
1785589660.764,7.3793,3.0038,-0.0006,2.4516,0.0103,0.1906,30,RACING,2,4.50,0.0577,2.452,2.500,99.000
1785589660.814,7.5028,3.0037,-0.0006,2.4516,0.0077,0.0488,30,RACING,2,4.75,0.0799,2.454,2.500,99.000
1785589660.864,7.6244,3.0036,-0.0006,2.4541,0.0092,0.0488,30,RACING,2,4.75,0.0516,2.454,2.500,99.000
1785589660.914,7.7496,3.0038,0.0035,2.4541,0.0111,0.0570,30,RACING,2,5.00,0.0821,2.456,2.500,99.000
1785589660.965,7.8732,3.0042,0.0035,2.4560,0.0082,0.0570,30,RACING,2,5.00,0.0492,2.456,2.500,99.000
1785589661.015,7.9963,3.0049,0.0072,2.4560,0.0100,0.0631,30,RACING,2,5.25,0.0848,2.464,2.500,99.000
1785589661.065,8.1187,3.0058,0.0072,2.4643,0.0075,0.0631,30,RACING,2,5.25,0.0439,2.464,2.500,99.000
1785589661.114,8.2394,3.0066,0.0072,2.4643,0.0091,0.0558,30,RACING,2,5.50,0.0912,2.465,2.500,99.000
1785589661.164,8.3632,3.0075,0.0072,2.4651,0.0086,0.0558,30,RACING,2,5.50,0.0382,2.465,2.500,99.000
1785589661.214,8.4871,3.0086,0.0111,2.4651,0.0105,0.0758,30,RACING,2,5.75,0.0933,2.465,2.500,99.000
1785589661.264,8.6113,3.0100,0.0111,2.4651,0.0081,0.0758,30,RACING,2,5.75,0.0358,2.465,2.500,99.000
1785589661.314,8.7308,3.0114,0.0111,2.4651,0.0099,0.0530,30,RACING,2,6.00,0.0994,2.467,2.500,99.000
1785589661.365,8.8551,3.0128,0.0111,2.4673,0.0094,0.0530,30,RACING,2,6.00,0.0301,2.467,2.500,99.000
1785589661.414,8.9827,3.0144,0.0154,2.4673,0.0114,0.0227,30,RACING,2,6.25,0.0975,2.463,2.500,99.000
1785589661.464,9.1053,3.0163,0.0154,2.4633,0.0089,0.0227,30,RACING,2,6.25,0.0300,2.463,2.500,99.000
1785589661.514,9.2267,3.0185,0.0195,2.4633,0.0107,0.0793,30,RACING,2,6.50,0.1034,2.457,2.500,99.000
1785589661.564,9.3431,3.0208,0.0195,2.4569,0.0081,0.0793,30,RACING,2,6.50,0.0199,2.457,2.500,99.000
1785589661.614,9.4641,3.0232,0.0195,2.4569,0.0096,0.3013,30,RACING,2,6.75,0.1158,2.451,2.500,99.000
1785589661.664,9.5899,3.0256,0.0195,2.4515,0.0090,0.3013,30,RACING,2,6.75,0.0180,2.451,2.500,99.000
1785589661.714,9.7142,3.0282,0.0235,2.4515,0.0109,0.0772,30,RACING,2,7.00,0.1158,2.447,2.500,99.000
1785589661.764,9.8386,3.0311,0.0235,2.4472,0.0081,0.0772,30,RACING,2,7.00,0.0176,2.447,2.500,99.000
1785589661.814,9.9601,3.0340,0.0235,2.4472,0.0098,0.1284,30,RACING,2,7.25,0.1199,2.444,2.500,99.000
1785589661.864,10.0831,3.0368,0.0235,2.4441,0.0087,0.1284,30,RACING,2,7.25,0.0161,2.444,2.500,99.000
1785589661.914,10.2019,3.0400,0.0274,2.4441,0.0105,0.1593,30,RACING,2,7.25,0.1239,2.444,2.500,99.000
1785589661.964,10.3247,3.0433,0.0274,2.4441,0.0071,0.1593,30,RACING,2,7.50,0.0167,2.442,2.500,99.000
1785589662.014,10.4425,3.0466,0.0274,2.4423,0.0086,0.0363,30,RACING,2,7.50,0.1148,2.442,2.500,99.000
1785589662.064,10.5660,3.0500,0.0274,2.4423,0.0069,0.0363,30,RACING,2,7.75,0.0212,2.442,2.500,99.000
1785589662.114,10.6879,3.0533,0.0274,2.4420,0.0084,0.0671,30,RACING,2,7.75,0.1104,2.442,2.500,99.000
1785589662.164,10.8137,3.0567,0.0274,2.4420,0.0065,0.0671,30,RACING,2,8.00,0.0234,2.442,2.500,99.000
1785589662.214,10.9366,3.0600,0.0274,2.4418,0.0079,0.0575,30,RACING,2,8.00,0.1094,2.442,2.500,99.000
1785589662.264,11.0597,3.0634,0.0274,2.4418,0.0058,0.0575,30,RACING,2,8.25,0.0269,2.442,2.500,99.000
1785589662.314,11.1807,3.0667,0.0274,2.4418,0.0070,0.1661,30,RACING,2,8.25,0.1038,2.442,2.500,99.000
1785589662.365,11.3051,3.0701,0.0274,2.4418,0.0046,0.1661,30,RACING,2,8.50,0.0309,2.442,2.500,99.000
1785589662.414,11.4275,3.0735,0.0274,2.4418,0.0055,0.0813,30,RACING,2,8.50,0.1010,2.442,2.500,99.000
1785589662.464,11.5542,3.0768,0.0274,2.4418,0.0029,0.0813,30,RACING,2,8.75,0.0319,2.442,2.500,99.000
1785589662.514,11.6748,3.0801,0.0274,2.4418,0.0035,0.1104,30,RACING,2,8.75,0.0986,2.442,2.500,99.000
1785589662.565,11.7969,3.0835,0.0274,2.4418,0.0006,0.1104,30,RACING,2,9.00,0.0375,2.442,2.500,99.000
1785589662.614,11.9139,3.0868,0.0274,2.4418,0.0008,0.0308,30,RACING,2,9.00,0.0879,2.442,2.500,99.000
1785589662.664,12.0419,3.0902,0.0274,2.4418,-0.0022,0.0308,30,RACING,2,9.25,0.0412,2.442,2.500,99.000
1785589662.714,12.1657,3.0935,0.0274,2.4418,-0.0026,0.0482,30,RACING,2,9.25,0.0896,2.442,2.500,99.000
1785589662.764,12.2897,3.0968,0.0274,2.4418,-0.0056,0.0482,30,RACING,2,9.50,0.0422,2.442,2.500,99.000
1785589662.814,12.4140,3.1002,0.0274,2.4418,-0.0067,0.0937,30,RACING,2,9.50,0.0876,2.442,2.500,99.000
1785589662.864,12.5317,3.1036,0.0274,2.4418,-0.0097,0.0937,30,RACING,2,9.75,0.0483,2.442,2.500,99.000
1785589662.914,12.6546,3.1066,0.0232,2.4418,-0.0115,0.0656,30,RACING,2,9.75,0.0779,2.442,2.500,99.000
1785589662.965,12.7794,3.1092,0.0186,2.4418,-0.0122,0.0656,30,RACING,2,10.00,0.0496,2.442,2.500,99.000
1785589663.014,12.9037,3.1112,0.0141,2.4418,-0.0122,0.0280,30,RACING,2,10.00,0.0766,2.442,2.500,99.000
1785589663.064,13.0240,3.1126,0.0095,2.4418,-0.0124,0.0280,30,RACING,2,10.25,0.0543,2.442,2.500,99.000
1785589663.114,13.1436,3.1135,0.0050,2.4418,-0.0123,0.1327,30,RACING,2,10.25,0.0663,2.442,2.500,99.000
1785589663.165,13.2619,3.1138,0.0005,2.4418,-0.0121,0.1327,30,RACING,2,10.50,0.0659,2.442,2.500,99.000
1785589663.214,13.3831,3.1136,-0.0040,2.4418,-0.0120,0.0601,30,RACING,2,10.50,0.0557,2.442,2.500,99.000
1785589663.264,13.5070,3.1129,-0.0082,2.4418,-0.0115,0.0601,30,RACING,2,10.75,0.0707,2.442,2.500,99.000
1785589663.314,13.6283,3.1116,-0.0124,2.4418,-0.0115,0.0533,30,RACING,2,10.75,0.0508,2.442,2.500,99.000
1785589663.365,13.7522,3.1099,-0.0164,2.4418,-0.0107,0.0533,30,RACING,2,11.00,0.0754,2.442,2.500,99.000
1785589663.414,13.8747,3.1076,-0.0204,2.4418,-0.0107,0.0583,30,RACING,2,11.00,0.0472,2.442,2.500,99.000
1785589663.464,13.9964,3.1049,-0.0243,2.4418,-0.0108,0.0583,30,RACING,2,11.25,0.0811,2.448,2.500,99.000
1785589663.514,14.1194,3.1019,-0.0243,2.4480,-0.0096,0.0334,30,RACING,2,11.25,0.0420,2.448,2.500,99.000
1785589663.564,14.2426,3.0987,-0.0287,2.4480,-0.0117,0.0334,30,RACING,2,11.50,0.0848,2.462,2.500,99.000
1785589663.614,14.3636,3.0952,-0.0287,2.4616,-0.0099,0.0725,30,RACING,2,11.50,0.0364,2.462,2.500,99.000
1785589663.665,14.4877,3.0913,-0.0333,2.4616,-0.0120,0.0725,30,RACING,2,11.75,0.0898,2.468,2.500,99.000
1785589663.715,14.6064,3.0872,-0.0333,2.4684,-0.0097,0.0777,30,RACING,2,11.75,0.0297,2.468,2.500,99.000
1785589663.766,14.7288,3.0828,-0.0376,2.4684,-0.0116,0.0777,30,RACING,2,12.00,0.0986,2.463,2.500,99.000
1785589663.814,14.8482,3.0783,-0.0376,2.4630,-0.0092,0.0923,30,RACING,2,12.00,0.0224,2.463,2.500,99.000
1785589663.864,14.9745,3.0733,-0.0418,2.4630,-0.0110,0.0923,30,RACING,2,12.25,0.1029,2.460,2.500,99.000
1785589663.914,15.1009,3.0682,-0.0418,2.4597,-0.0084,0.0919,30,RACING,2,12.25,0.0259,2.460,2.500,99.000
1785589663.964,15.2199,3.0629,-0.0456,2.4597,-0.0103,0.0919,30,RACING,2,12.50,0.1075,2.458,2.500,99.000
1785589664.014,15.3415,3.0572,-0.0456,2.4581,-0.0074,0.1259,30,RACING,2,12.50,0.0185,2.458,2.500,99.000
1785589664.064,15.4612,3.0517,-0.0456,2.4581,-0.0088,0.1259,30,RACING,2,12.75,0.1161,2.449,2.500,99.000
1785589664.114,15.5819,3.0461,-0.0456,2.4485,-0.0077,0.0453,30,RACING,2,12.75,0.0139,2.449,2.500,99.000
1785589664.164,15.7032,3.0405,-0.0456,2.4485,-0.0092,0.0453,30,RACING,2,13.00,0.1240,2.449,2.500,99.000
1785589664.214,15.8253,3.0349,-0.0456,2.4485,-0.0078,0.0541,30,RACING,2,13.00,0.0146,2.449,2.500,99.000
1785589664.264,15.9440,3.0294,-0.0456,2.4485,-0.0093,0.0541,30,RACING,2,13.00,0.1189,2.449,2.500,99.000
1785589664.315,16.0684,3.0238,-0.0456,2.4485,-0.0076,0.1876,30,RACING,2,13.25,0.0182,2.442,2.500,99.000
1785589664.364,16.1905,3.0182,-0.0456,2.4420,-0.0093,0.1876,30,RACING,2,13.25,0.1159,2.442,2.500,99.000
1785589664.414,16.3126,3.0127,-0.0456,2.4420,-0.0073,0.0296,30,RACING,2,13.50,0.0227,2.434,2.500,99.000
1785589664.465,16.3126,3.0127,-0.0456,2.4337,-0.0088,0.0296,30,RACING,2,13.50,0.0227,2.434,2.500,99.000
1785589664.520,16.5622,3.0013,-0.0456,2.4337,-0.0088,0.0296,30,RACING,2,13.75,0.0241,2.434,2.500,99.000
1785589664.564,16.6775,2.9960,-0.0456,2.4337,-0.0081,0.0436,30,RACING,2,13.75,0.1042,2.434,2.500,99.000
1785589664.614,16.7987,2.9904,-0.0456,2.4337,-0.0056,0.0283,30,RACING,2,14.00,0.0340,2.422,2.500,99.000
1785589664.664,16.9203,2.9849,-0.0456,2.4222,-0.0067,0.0283,30,RACING,2,14.00,0.0976,2.422,2.500,99.000
1785589664.714,17.0372,2.9794,-0.0456,2.4222,-0.0042,0.2744,30,RACING,2,14.25,0.0436,2.421,2.500,99.000
1785589664.764,17.1601,2.9739,-0.0456,2.4211,-0.0049,0.2744,30,RACING,2,14.25,0.0881,2.421,2.500,99.000
1785589664.814,17.2790,2.9684,-0.0456,2.4211,-0.0023,0.1499,30,RACING,2,14.50,0.0507,2.414,2.500,99.000
1785589664.864,17.3995,2.9629,-0.0456,2.4141,-0.0027,0.1499,30,RACING,2,14.50,0.0781,2.414,2.500,99.000
1785589664.914,17.5252,2.9573,-0.0456,2.4141,0.0001,0.0262,30,RACING,2,14.75,0.0536,2.405,2.500,99.000
1785589664.964,17.6465,2.9519,-0.0456,2.4047,0.0000,0.0262,30,RACING,2,14.75,0.0753,2.405,2.500,99.000
1785589665.014,17.7619,2.9465,-0.0456,2.4047,0.0028,0.0585,30,RACING,2,15.00,0.0652,2.401,2.500,99.000
1785589665.064,17.8845,2.9409,-0.0456,2.4012,0.0034,0.0585,30,RACING,2,15.00,0.0636,2.401,2.500,99.000
1785589665.114,18.0014,2.9355,-0.0456,2.4012,0.0062,0.1686,30,RACING,2,15.25,0.0743,2.391,2.500,99.000
1785589665.164,18.1211,2.9300,-0.0456,2.3909,0.0074,0.1686,30,RACING,2,15.25,0.0501,2.391,2.500,99.000
1785589665.214,18.2454,2.9245,-0.0456,2.3909,0.0089,0.0761,30,RACING,2,15.50,0.0792,2.384,2.500,99.000
1785589665.264,18.3685,2.9193,-0.0412,2.3840,0.0120,0.0761,30,RACING,2,15.50,0.0468,2.384,2.500,99.000
1785589665.314,18.4909,2.9147,-0.0369,2.3840,0.0120,0.0834,30,RACING,2,15.75,0.0829,2.376,2.500,99.000
1785589665.364,18.6028,2.9106,-0.0324,2.3757,0.0126,0.0834,30,RACING,2,15.75,0.0310,2.376,2.500,99.000
1785589665.414,18.7193,2.9071,-0.0279,2.3757,0.0126,0.0631,30,RACING,2,16.00,0.1039,2.364,2.500,99.000
1785589665.464,18.8416,2.9040,-0.0231,2.3635,0.0130,0.0631,30,RACING,2,16.00,0.0196,2.364,2.500,99.000
1785589665.514,18.9555,2.9016,-0.0185,2.3635,0.0130,0.0440,30,RACING,2,16.25,0.1174,2.359,2.500,99.000
1785589665.564,19.0710,2.8997,-0.0138,2.3590,0.0132,0.0440,30,RACING,2,16.25,0.0045,2.359,2.500,99.000
1785589665.614,19.1890,2.8983,-0.0091,2.3590,0.0132,0.0451,30,RACING,2,16.25,0.1163,2.359,2.500,99.000
1785589665.664,19.3092,2.8975,-0.0043,2.3590,0.0135,0.0451,30,RACING,2,16.50,0.0138,2.340,2.500,99.000
1785589665.714,19.4315,2.8973,0.0006,2.3403,0.0136,0.1408,30,RACING,2,16.50,0.1088,2.340,2.500,99.000
1785589665.764,19.5455,2.8976,0.0055,2.3403,0.0140,0.1408,30,RACING,2,16.75,0.0274,2.330,2.500,99.000
1785589665.814,19.6635,2.8986,0.0104,2.3296,0.0139,0.1617,30,RACING,2,16.75,0.0908,2.330,2.500,99.000
1785589665.864,19.7815,2.9001,0.0156,2.3296,0.0144,0.1617,30,RACING,2,17.00,0.0413,2.329,2.500,99.000
1785589665.914,19.8966,2.9022,0.0206,2.3288,0.0143,0.0574,30,RACING,2,17.00,0.0739,2.329,2.500,99.000
1785589665.964,20.0116,2.9049,0.0258,2.3288,0.0149,0.0574,30,RACING,2,17.25,0.0611,2.296,2.500,99.000
1785589666.014,20.1308,2.9082,0.0311,2.2958,0.0149,0.0388,30,RACING,2,17.25,0.0582,2.296,2.500,99.000
1785589666.065,20.2384,2.9120,0.0364,2.2958,0.0156,0.0388,30,RACING,2,17.50,0.0842,2.287,2.500,99.000
1785589666.114,20.3537,2.9165,0.0417,2.2869,0.0154,0.0794,30,RACING,2,17.50,0.0312,2.287,2.500,99.000
1785589666.165,20.4647,2.9216,0.0471,2.2869,0.0155,0.0794,30,RACING,2,17.75,0.1077,2.287,2.500,99.000
1785589666.214,20.5796,2.9274,0.0528,2.2869,0.0162,0.0326,30,RACING,2,17.75,0.0077,2.287,2.500,99.000
1785589666.264,20.6943,2.9336,0.0584,2.2869,0.0162,0.0326,30,RACING,2,17.75,0.1223,2.287,2.500,99.000
1785589666.314,20.8061,2.9406,0.0643,2.2869,0.0174,0.1038,30,RACING,2,18.00,0.0159,2.263,2.500,99.000
1785589666.364,20.9214,2.9483,0.0704,2.2630,0.0173,0.1038,30,RACING,2,18.00,0.0999,2.263,2.500,99.000
1785589666.414,21.0335,2.9566,0.0767,2.2630,0.0186,0.0887,30,RACING,2,18.25,0.0377,2.232,2.500,99.000
1785589666.464,21.1421,2.9654,0.0830,2.2316,0.0186,0.0887,30,RACING,2,18.25,0.0713,2.232,2.500,99.000
1785589666.514,21.2581,2.9752,0.0898,2.2316,0.0198,0.0723,30,RACING,2,18.50,0.0623,2.209,2.500,99.000
1785589666.564,21.3722,2.9854,0.0964,2.2088,0.0199,0.0723,30,RACING,2,18.50,0.0524,2.209,2.500,99.000
1785589666.614,21.4827,2.9964,0.1036,2.2088,0.0217,0.1697,30,RACING,2,18.75,0.0866,2.192,2.500,99.000
1785589666.664,21.5926,3.0081,0.1108,2.1919,0.0218,0.1697,30,RACING,2,18.75,0.0242,2.192,2.500,99.000
1785589666.714,21.7035,3.0207,0.1181,2.1919,0.0219,0.0236,30,RACING,2,19.00,0.1145,2.178,2.500,99.000
1785589666.764,21.8127,3.0340,0.1259,2.1777,0.0236,0.0236,30,RACING,2,19.00,0.0058,2.178,2.500,99.000
1785589666.814,21.9213,3.0480,0.1337,2.1777,0.0237,0.0303,30,RACING,2,19.00,0.1052,2.178,2.500,99.000
1785589666.864,22.0296,3.0630,0.1421,2.1777,0.0254,0.0303,30,RACING,2,19.25,0.0358,2.160,2.500,99.000
1785589666.914,22.1375,3.0789,0.1505,2.1604,0.0255,0.0222,30,RACING,2,19.25,0.0737,2.160,2.500,99.000
1785589666.964,22.2431,3.0956,0.1595,2.1604,0.0273,0.0222,30,RACING,2,19.50,0.0696,2.139,2.500,99.000
1785589667.014,22.3537,3.1132,0.1683,2.1387,0.0272,0.0548,30,RACING,2,19.50,0.0429,2.139,2.500,99.000
1785589667.064,22.4584,3.1319,0.1775,2.1387,0.0277,0.0548,30,RACING,2,19.75,0.1012,2.119,2.500,99.000
1785589667.114,22.5585,3.1504,0.1867,2.1191,0.0296,0.0304,30,RACING,2,19.75,0.0059,2.119,2.500,99.000
1785589667.164,22.6636,3.1707,0.1963,2.1191,0.0295,0.0304,30,RACING,2,19.75,0.1081,2.119,2.500,99.000
1785589667.214,22.7681,3.1921,0.2066,2.1191,0.0319,0.0738,30,RACING,2,20.00,0.0359,2.106,2.500,99.000
1785589667.264,22.8686,3.2139,0.2166,2.1064,0.0319,0.0738,30,RACING,2,20.00,0.0679,2.106,2.500,99.000
1785589667.314,22.9759,3.2371,0.2275,2.1064,0.0343,0.1101,30,RACING,2,20.25,0.0728,2.097,2.500,99.000
1785589667.364,23.0791,3.2615,0.2387,2.0970,0.0349,0.1101,30,RACING,2,20.25,0.0342,2.097,2.500,99.000
1785589667.414,23.1787,3.2867,0.2498,2.0970,0.0349,0.0841,30,RACING,2,20.50,0.1138,2.087,2.500,99.000
1785589667.464,23.2825,3.3137,0.2619,2.0868,0.0375,0.0841,30,RACING,2,20.50,0.0100,2.087,2.500,99.000
1785589667.514,23.3832,3.3412,0.2738,2.0868,0.0377,0.0459,30,RACING,2,20.50,0.0984,2.087,2.500,99.000
1785589667.564,23.4785,3.3695,0.2864,2.0868,0.0406,0.0459,30,RACING,2,20.75,0.0531,2.079,2.500,99.000
1785589667.614,23.5821,3.3994,0.2990,2.0792,0.0401,0.0422,30,RACING,2,20.75,0.0563,2.079,2.500,99.000
1785589667.664,23.6820,3.4309,0.3129,2.0792,0.0440,0.0422,30,RACING,2,21.00,0.0899,2.075,2.500,99.000
1785589667.714,23.7864,3.4645,0.3272,2.0745,0.0440,0.0253,30,RACING,2,21.00,0.0219,2.075,2.500,99.000
1785589667.764,23.8825,3.4976,0.3408,2.0745,0.0446,0.0253,30,RACING,2,21.00,0.1223,2.075,2.500,99.000
1785589667.814,23.9803,3.5328,0.3559,2.0745,0.0482,0.0817,30,RACING,2,21.25,0.0254,2.073,2.500,99.000
1785589667.864,24.0801,3.5704,0.3713,2.0730,0.0484,0.0817,30,RACING,2,21.25,0.0834,2.073,2.500,99.000
1785589667.914,24.1714,3.6083,0.3875,2.0730,0.0519,0.0537,30,RACING,2,21.50,0.0689,2.073,2.500,99.000
1785589667.964,24.2680,3.6485,0.4037,2.0730,0.0511,0.0537,30,RACING,2,21.50,0.0384,2.073,2.500,99.000
1785589668.014,24.3620,3.6900,0.4197,2.0730,0.0512,0.3811,30,RACING,2,21.75,0.1109,2.073,2.500,99.000
1785589668.064,24.4583,3.7330,0.4370,2.0730,0.0550,0.3811,30,RACING,2,21.75,0.0127,2.073,2.500,99.000
1785589668.114,24.5534,3.7781,0.4546,2.0730,0.0556,0.0834,30,RACING,2,21.75,0.1014,2.073,2.500,99.000
1785589668.164,24.6409,3.8238,0.4731,2.0730,0.0597,0.0834,30,RACING,2,22.00,0.0522,2.073,2.500,99.000
1785589668.214,24.7361,3.8720,0.4916,2.0730,0.0587,0.0974,30,RACING,2,22.00,0.0581,2.073,2.500,99.000
1785589668.264,24.8252,3.9215,0.5114,2.0730,0.0634,0.0974,30,RACING,2,22.25,0.0921,2.073,2.500,99.000
1785589668.314,24.9172,3.9739,0.5316,2.0730,0.0631,0.0772,30,RACING,2,22.25,0.0208,2.073,2.500,99.000
1785589668.364,25.0053,4.0271,0.5514,2.0730,0.0633,0.0772,30,RACING,2,22.25,0.1191,2.073,2.500,99.000
1785589668.414,25.0923,4.0823,0.5726,2.0730,0.0673,0.0380,30,RACING,2,22.50,0.0324,2.073,2.500,99.000
1785589668.464,25.1801,4.1409,0.5943,2.0730,0.0671,0.0380,30,RACING,2,22.50,0.0791,2.073,2.500,99.000
1785589668.514,25.2660,4.1990,0.6161,2.0730,0.0706,0.0239,30,RACING,2,22.75,0.0701,2.073,2.500,99.000
1785589668.564,25.3482,4.2589,0.6382,2.0730,0.0712,0.0239,30,RACING,2,22.75,0.0374,2.073,2.500,99.000
1785589668.614,25.4361,4.3248,0.6616,2.0730,0.0710,0.0796,30,RACING,2,23.00,0.1070,2.073,2.500,99.000
1785589668.664,25.5158,4.3891,0.6851,2.0730,0.0751,0.0796,30,RACING,2,23.00,0.0167,2.073,2.500,99.000
1785589668.714,25.5920,4.4528,0.7077,2.0730,0.0748,0.1498,30,RACING,2,23.00,0.0977,2.073,2.500,99.000
1785589668.764,25.6693,4.5207,0.7320,2.0730,0.0776,0.1498,30,RACING,2,23.25,0.0527,2.073,2.500,99.000
1785589668.814,25.7468,4.5913,0.7566,2.0730,0.0776,0.0548,30,RACING,2,23.25,0.0570,2.073,2.500,99.000
1785589668.864,25.8202,4.6629,0.7815,2.0730,0.0800,0.0548,30,RACING,2,23.50,0.0932,2.073,2.500,99.000
1785589668.914,25.8912,4.7376,0.8069,2.0730,0.0798,0.0413,30,RACING,2,23.50,0.0204,2.073,2.500,99.000
1785589668.964,25.9671,4.8139,0.8319,2.0730,0.0789,0.0413,30,RACING,2,23.50,0.1199,2.073,2.500,99.000
1785589669.014,26.0349,4.8903,0.8574,2.0730,0.0823,0.0207,30,RACING,2,23.75,0.0308,2.073,2.500,99.000
1785589669.064,26.0988,4.9697,0.8834,2.0730,0.0822,0.0207,30,RACING,2,23.75,0.0753,2.073,2.500,99.000
1785589669.114,26.1672,5.0500,0.9090,2.0730,0.0818,0.0586,30,RACING,2,24.00,0.0708,2.073,2.500,1.672
1785589669.164,26.2224,5.1281,0.9503,1.9230,0.1389,0.0586,30,RACING,2,24.00,0.0287,2.073,2.500,1.672
1785589669.214,26.2729,5.2024,0.9863,1.7730,0.1306,0.0396,30,RACING,2,24.00,0.1166,2.073,2.500,99.000
1785589669.264,26.3266,5.2830,1.0056,1.8980,0.0664,0.0396,30,RACING,2,24.25,0.0398,2.073,2.500,99.000
1785589669.314,26.3798,5.3686,1.0261,2.0230,0.0669,0.0338,30,RACING,2,24.25,0.0662,2.073,2.500,99.000
1785589669.365,26.4332,5.4576,1.0477,2.0730,0.0691,0.0338,30,RACING,2,24.50,0.0829,2.075,2.500,99.000
1785589669.414,26.4828,5.5488,1.0698,2.0746,0.0694,0.0678,30,RACING,2,24.50,0.0291,2.075,2.500,99.000
1785589669.464,26.5300,5.6405,1.0914,2.0746,0.0687,0.0678,30,RACING,2,24.75,0.1249,2.090,2.500,99.000
1785589669.514,26.5782,5.7326,1.1132,2.0904,0.0695,0.0281,30,RACING,2,24.75,0.0261,2.090,2.500,99.000
1785589669.565,26.6228,5.8276,1.1356,2.0904,0.0702,0.0281,30,RACING,2,24.75,0.0878,2.090,2.500,99.000
1785589669.614,26.6626,5.9223,1.1578,2.0904,0.0703,0.0640,30,RACING,2,25.00,0.0634,2.124,2.500,99.000
1785589669.664,26.7002,6.0202,1.1802,2.1241,0.0692,0.0640,30,RACING,2,25.00,0.0494,2.124,2.500,99.000
1785589669.714,26.7412,6.1190,1.2022,2.1241,0.0682,0.1840,30,RACING,2,25.25,0.0993,2.118,2.500,99.000
1785589669.764,26.7836,6.2188,1.2244,2.1183,0.0688,0.1840,30,RACING,2,25.25,0.0155,2.118,2.500,99.000
1785589669.814,26.8177,6.3184,1.2472,2.1183,0.0710,0.0405,30,RACING,2,25.25,0.1165,2.118,2.500,99.000
1785589669.864,26.8482,6.4182,1.2694,2.1183,0.0699,0.0405,30,RACING,2,25.50,0.0307,2.091,2.500,99.000
1785589669.914,26.8810,6.5191,1.2916,2.0913,0.0692,0.0888,30,RACING,2,25.50,0.0771,2.091,2.500,99.000
1785589669.964,26.9078,6.6205,1.3137,2.0913,0.0693,0.0888,30,RACING,2,25.75,0.0682,2.087,2.500,99.000
1785589670.014,26.9348,6.7204,1.3352,2.0871,0.0689,0.0486,30,RACING,2,25.75,0.0355,2.087,2.500,99.000
1785589670.064,26.9592,6.8226,1.3574,2.0871,0.0697,0.0486,30,RACING,2,26.00,0.1096,2.054,2.500,99.000
1785589670.114,26.9804,6.9236,1.3789,2.0540,0.0688,0.0221,30,RACING,2,26.00,0.0071,2.054,2.500,99.000
1785589670.165,27.0026,7.0244,1.4004,2.0540,0.0690,0.0221,30,RACING,2,26.00,0.0970,2.054,2.500,99.000
1785589670.214,27.0194,7.1270,1.4221,2.0540,0.0687,0.0332,30,RACING,2,26.25,0.0504,2.054,2.500,99.000
1785589670.264,27.0325,7.2334,1.4445,2.0540,0.0688,0.0332,30,RACING,2,26.25,0.0581,2.054,2.500,99.000
1785589670.315,27.0325,7.2334,1.4445,2.0540,0.0670,0.0332,30,RACING,2,26.25,0.0581,2.054,2.500,99.000
1785589670.364,27.0547,7.4315,1.4850,2.0540,0.0670,0.0351,30,RACING,2,26.50,0.0115,2.020,2.500,99.000
1785589670.414,27.0652,7.5332,1.5059,2.0205,0.0674,0.0250,30,RACING,2,26.50,0.1093,2.020,2.500,99.000
1785589670.464,27.0674,7.6337,1.5264,2.0205,0.0673,0.0250,30,RACING,2,26.75,0.0422,2.020,2.500,99.000
1785589670.514,27.0746,7.7363,1.5470,2.0205,0.0660,0.1503,30,RACING,2,26.75,0.0627,2.020,2.500,99.000
1785589670.564,27.0747,7.8365,1.5674,2.0205,0.0670,0.1503,30,RACING,2,27.00,0.0894,2.002,2.500,99.000
1785589670.614,27.0688,7.9357,1.5874,2.0022,0.0666,0.3185,30,RACING,2,27.00,0.0114,2.002,2.500,99.000
1785589670.664,27.0660,8.0351,1.6068,2.0022,0.0644,0.3185,30,RACING,2,27.00,0.1099,2.002,2.500,99.000
1785589670.714,27.0611,8.1371,1.6270,2.0022,0.0652,0.1097,30,RACING,2,27.25,0.0384,2.002,2.500,99.000
1785589670.764,27.0545,8.2359,1.6466,2.0022,0.0652,0.1097,30,RACING,2,27.25,0.0608,2.002,2.500,99.000
1785589670.814,27.0440,8.3351,1.6667,2.0022,0.0666,0.0407,30,RACING,2,27.50,0.0896,2.002,2.500,99.000
1785589670.864,27.0331,8.4343,1.6867,2.0022,0.0659,0.0407,30,RACING,2,27.50,0.0104,2.002,2.500,99.000
1785589670.914,27.0236,8.5343,1.7068,2.0022,0.0658,0.0435,30,RACING,2,27.50,0.1107,2.002,2.500,99.000
1785589670.964,27.0080,8.6335,1.7279,2.0022,0.0692,0.0435,30,RACING,2,27.75,0.0389,2.002,2.500,99.000
1785589671.014,26.9902,8.7359,1.7496,2.0022,0.0688,0.1079,30,RACING,2,27.75,0.0651,2.002,2.500,99.000
1785589671.064,26.9689,8.8302,1.7703,2.0022,0.0711,0.1079,30,RACING,2,28.00,0.0885,2.002,2.500,99.000
1785589671.114,26.9441,8.9294,1.7919,2.0022,0.0701,0.0657,30,RACING,2,28.00,0.0179,2.002,2.500,99.000
1785589671.164,26.9207,9.0256,1.8125,2.0022,0.0687,0.0657,20,RACING,2,28.00,0.1139,2.002,1.800,99.000
1785589671.214,26.8988,9.1156,1.8330,1.8522,0.0726,0.0677,20,RACING,2,28.25,0.0452,2.002,1.800,99.000
1785589671.264,26.8705,9.2059,1.8537,1.8000,0.0730,0.0677,20,RACING,2,28.25,0.0533,2.002,1.800,99.000
1785589671.314,26.8464,9.2886,1.8737,1.8000,0.0760,0.0262,20,RACING,2,28.50,0.1133,2.002,1.800,99.000
1785589671.364,26.8196,9.3742,1.8945,1.8000,0.0762,0.0262,20,RACING,2,28.50,0.0268,2.002,1.800,99.000
1785589671.414,26.7885,9.4589,1.9153,1.8000,0.0765,0.2547,20,RACING,2,28.50,0.0701,2.002,1.800,99.000
1785589671.465,26.7582,9.5433,1.9373,1.8000,0.0803,0.2547,20,RACING,2,28.75,0.0930,2.002,1.800,99.000
1785589671.514,26.7246,9.6275,1.9595,1.8000,0.0806,0.0734,20,RACING,2,28.75,0.0169,2.002,1.800,99.000
1785589671.564,26.6903,9.7102,1.9815,1.8000,0.0806,0.0734,20,RACING,2,28.75,0.0905,2.002,1.800,99.000
1785589671.614,26.6524,9.7921,2.0046,1.8000,0.0849,0.0250,20,RACING,2,29.00,0.0723,2.002,1.800,2.299
1785589671.664,26.6171,9.8737,2.0278,1.8000,0.0846,0.0250,20,RACING,2,29.00,0.0242,2.002,1.800,2.299
1785589671.714,26.5774,9.9551,2.0516,1.8000,0.0857,0.1054,20,RACING,2,29.00,0.1106,2.002,1.800,1.950
1785589671.764,26.5338,10.0340,2.0821,1.8000,0.1115,0.1054,20,RACING,2,29.25,0.0518,2.002,1.800,1.950
1785589671.814,26.4874,10.1133,2.1123,1.8000,0.1085,0.0493,20,RACING,2,29.25,0.0457,2.002,1.800,1.719
1785589671.864,26.4429,10.1844,2.1469,1.7189,0.1357,0.0493,20,RACING,2,29.50,0.1240,2.002,1.800,1.719
1785589671.914,26.3937,10.2555,2.1812,1.7189,0.1307,0.0950,20,RACING,2,29.50,0.0420,2.002,1.800,1.494
1785589671.964,26.3478,10.3200,2.2184,1.5689,0.1530,0.0950,20,RACING,2,29.50,0.0496,2.002,1.800,1.494
1785589672.014,26.3007,10.3801,2.2533,1.4936,0.1499,0.0517,20,RACING,2,29.50,0.1231,2.002,1.800,1.291
1785589672.064,26.2552,10.4315,2.2883,1.3436,0.1701,0.0517,20,RACING,2,29.75,0.0695,2.002,1.800,1.291
1785589672.115,26.2105,10.4784,2.3198,1.2909,0.1626,0.0392,20,RACING,2,29.75,0.0419,2.002,1.800,1.166
1785589672.164,26.1705,10.5205,2.3506,1.1661,0.1726,0.0392,20,RACING,2,29.75,0.0782,2.002,1.800,1.166
1785589672.214,26.1293,10.5614,2.3814,1.1661,0.1723,0.2606,20,RACING,2,29.75,0.1317,2.002,1.800,1.064
1785589672.264,26.0929,10.5980,2.4111,1.0638,0.1809,0.2606,20,RACING,2,30.00,0.0939,2.002,1.800,1.064
1785589672.314,26.0517,10.6326,2.4396,1.0638,0.1745,0.0590,20,RACING,2,30.00,0.0677,2.002,1.800,1.072
1785589672.368,26.0111,10.6668,2.4668,1.0719,0.1658,0.0590,20,RACING,2,30.00,0.0780,2.002,1.800,1.072
1785589672.414,25.9692,10.6994,2.4923,1.0719,0.1579,0.3162,20,RACING,2,30.00,0.1162,2.002,1.800,0.990
1785589672.464,25.9295,10.7288,2.5190,0.9902,0.1752,0.3162,20,RACING,2,30.25,0.1427,2.014,1.800,0.990
1785589672.514,25.8874,10.7577,2.5449,0.9902,0.1685,0.1249,20,RACING,2,30.25,0.1149,2.014,1.800,99.000
1785589672.564,25.8408,10.7883,2.5587,1.1152,-0.0454,0.1249,20,RACING,2,30.25,0.1075,2.014,1.800,99.000
1785589672.614,25.7911,10.8219,2.5505,1.2402,-0.0573,0.1004,20,RACING,2,30.25,0.1287,2.014,1.800,99.000
1785589672.664,25.7344,10.8602,2.5441,1.3652,-0.0309,0.1004,20,RACING,2,30.50,0.1748,2.070,1.800,99.000
1785589672.714,25.6724,10.9027,2.5370,1.4902,-0.0310,0.2789,20,RACING,2,30.50,0.1409,2.070,1.800,99.000
1785589672.764,25.6049,10.9486,2.5295,1.6152,-0.0310,0.2789,20,RACING,2,30.50,0.1453,2.070,1.800,99.000
1785589672.814,25.5335,10.9987,2.5212,1.7402,-0.0315,0.0443,20,RACING,2,30.75,0.1879,1.935,1.800,99.000
1785589672.864,25.4603,11.0506,2.5212,1.8000,-0.0067,0.0443,20,RACING,2,30.75,0.1497,1.935,1.800,99.000
1785589672.914,25.3878,11.1026,2.5212,1.8000,-0.0078,0.0350,20,RACING,2,30.75,0.1593,1.935,1.800,99.000
1785589672.964,25.3132,11.1554,2.5212,1.8000,0.0085,0.0350,20,RACING,2,31.00,0.1709,1.671,1.800,99.000
1785589673.014,25.2462,11.2039,2.5212,1.6709,0.0095,0.0791,20,RACING,2,31.00,0.1410,1.671,1.800,99.000
1785589673.064,25.1776,11.2520,2.5240,1.6709,0.0110,0.0791,20,RACING,2,31.00,0.1573,1.671,1.800,99.000
1785589673.114,25.1110,11.3004,2.5298,1.6709,0.0227,0.0459,20,RACING,2,31.25,0.1564,1.352,1.800,99.000
1785589673.170,25.1110,11.3004,2.5298,1.5209,0.0231,0.0459,20,RACING,2,31.25,0.1564,1.352,1.800,99.000
1785589673.214,24.9867,11.3863,2.5403,1.3709,0.0231,0.0848,20,RACING,2,31.25,0.1358,1.352,1.800,99.000
1785589673.264,24.9310,11.4247,2.5465,1.3521,0.0298,0.0848,20,RACING,2,31.50,0.1607,1.142,1.800,99.000
1785589673.314,24.8801,11.4604,2.5522,1.2021,0.0299,0.0461,20,RACING,2,31.50,0.1184,1.142,1.800,99.000
1785589673.365,24.8372,11.4903,2.5572,1.1415,0.0302,0.0461,20,RACING,2,31.50,0.1003,1.142,1.800,99.000
1785589673.414,24.7901,11.5214,2.5624,1.1415,0.0307,0.0971,20,RACING,2,31.50,0.1106,1.142,1.800,99.000
1785589673.464,24.7402,11.5537,2.5683,1.1415,0.0327,0.0971,20,RACING,2,31.50,0.1467,1.142,1.800,99.000
1785589673.514,24.6925,11.5841,2.5739,1.1415,0.0327,0.0386,20,RACING,2,31.75,0.1138,1.142,1.800,99.000
1785589673.564,24.6432,11.6140,2.5794,1.1415,0.0326,0.0386,20,RACING,2,31.75,0.0824,1.142,1.800,99.000
1785589673.614,24.5961,11.6444,2.5850,1.1415,0.0323,0.0274,20,RACING,2,31.75,0.0832,1.142,1.800,99.000
1785589673.664,24.5478,11.6748,2.5907,1.1415,0.0325,0.0274,20,RACING,2,31.75,0.1168,1.142,1.800,99.000
1785589673.714,24.5478,11.6748,2.5907,1.1415,0.0308,0.0274,20,RACING,2,32.00,0.1168,1.142,1.800,99.000
1785589673.764,24.4494,11.7336,2.6013,1.1415,0.0306,0.0393,20,RACING,2,32.00,0.0714,1.142,1.800,99.000
1785589673.814,24.4007,11.7632,2.6067,1.1415,0.0306,0.1320,20,RACING,2,32.00,0.0558,1.142,1.800,99.000
1785589673.864,24.3529,11.7918,2.6119,1.1415,0.0308,0.1320,20,RACING,2,32.00,0.0866,1.142,1.800,99.000
1785589673.914,24.3031,11.8208,2.6164,1.1415,0.0255,0.0247,20,RACING,2,32.25,0.1276,1.142,1.800,99.000
1785589673.965,24.2514,11.8491,2.6208,1.1415,0.0255,0.0247,20,RACING,2,32.25,0.0727,1.142,1.800,99.000
1785589674.014,24.2009,11.8780,2.6252,1.1415,0.0251,0.0824,20,RACING,2,32.25,0.0343,1.142,1.800,99.000
1785589674.064,24.1529,11.9057,2.6295,1.1415,0.0252,0.0824,20,RACING,2,32.25,0.0595,1.142,1.800,99.000
1785589674.114,24.1054,11.9332,2.6323,1.1415,0.0165,0.1415,20,RACING,2,32.25,0.1093,1.142,1.800,99.000
1785589674.165,24.0565,11.9610,2.6352,1.1415,0.0168,0.1415,20,RACING,2,32.50,0.0893,1.142,1.800,99.000
1785589674.214,24.0044,11.9890,2.6382,1.1415,0.0169,0.0435,20,RACING,2,32.50,0.0321,1.142,1.800,99.000
1785589674.264,23.9524,12.0162,2.6411,1.1415,0.0167,0.0435,20,RACING,2,32.50,0.0326,1.142,1.800,99.000
1785589674.314,23.9001,12.0440,2.6439,1.1415,0.0162,0.1746,20,RACING,2,32.50,0.0899,1.142,1.800,99.000
1785589674.364,23.8506,12.0708,2.6439,1.1415,0.0021,0.1746,20,RACING,2,32.75,0.1045,1.142,1.800,99.000
1785589674.414,23.8011,12.0980,2.6439,1.1415,0.0023,0.0604,20,RACING,2,32.75,0.0480,1.142,1.800,99.000
1785589674.464,23.7524,12.1252,2.6439,1.1415,0.0026,0.0604,20,RACING,2,32.75,0.0089,1.142,1.800,99.000
1785589674.514,23.7017,12.1525,2.6439,1.1415,0.0031,0.1325,20,RACING,2,32.75,0.0655,1.142,1.800,99.000
1785589674.565,23.6504,12.1799,2.6409,1.1415,-0.0175,0.1325,20,RACING,2,32.75,0.1237,1.142,1.800,99.000
1785589674.614,23.5991,12.2073,2.6378,1.1415,-0.0177,0.1343,20,RACING,2,33.00,0.0705,1.142,1.800,99.000
1785589674.664,23.5504,12.2353,2.6347,1.1415,-0.0180,0.1343,20,RACING,2,33.00,0.0241,1.142,1.800,99.000
1785589674.714,23.5023,12.2627,2.6316,1.1415,-0.0176,0.0530,20,RACING,2,33.00,0.0492,1.142,1.800,99.000
1785589674.764,23.4519,12.2908,2.6230,1.1415,-0.0497,0.0530,20,RACING,2,33.00,0.1040,1.142,1.800,99.000
1785589674.814,23.4011,12.3202,2.6141,1.1415,-0.0499,0.0310,20,RACING,2,33.25,0.0970,1.142,1.800,99.000
1785589674.864,23.3529,12.3482,2.6058,1.1415,-0.0498,0.0310,20,RACING,2,33.25,0.0516,1.142,1.800,99.000
1785589674.914,23.3027,12.3776,2.5971,1.1415,-0.0500,0.1135,20,RACING,2,33.25,0.0476,1.142,1.800,2.419
1785589674.964,23.2533,12.4076,2.5798,1.1415,-0.0999,0.1135,20,RACING,2,33.25,0.0930,1.142,1.800,2.419
1785589675.014,23.2053,12.4380,2.5625,1.1415,-0.1001,0.0229,20,RACING,2,33.50,0.1232,1.142,1.800,2.260
1785589675.064,23.1558,12.4706,2.5445,1.1415,-0.1003,0.0229,20,RACING,2,33.50,0.0781,1.142,1.800,2.260
1785589675.114,23.1096,12.5018,2.5278,1.1415,-0.1004,0.0988,20,RACING,2,33.50,0.0637,1.142,1.800,2.125
1785589675.165,23.0621,12.5353,2.4997,1.1415,-0.1609,0.0988,20,RACING,2,33.50,0.0933,1.142,1.800,2.125
1785589675.214,23.0146,12.5720,2.4700,1.1415,-0.1613,0.0860,20,RACING,2,33.50,0.1446,1.142,1.800,2.223
1785589675.264,22.9725,12.6069,2.4430,1.1415,-0.1604,0.0860,20,RACING,2,33.75,0.1134,1.142,1.800,2.223
1785589675.314,22.9281,12.6447,2.4055,1.1415,-0.2111,0.1119,20,RACING,2,33.75,0.0981,1.142,1.800,2.065
1785589675.364,22.8885,12.6831,2.3687,1.1415,-0.2156,0.1119,20,RACING,2,33.75,0.1163,1.142,1.800,2.065
1785589675.414,22.8493,12.7244,2.3303,1.1415,-0.2149,0.0451,20,RACING,2,33.75,0.1562,1.142,1.800,2.169
1785589675.464,22.8115,12.7658,2.2879,1.1415,-0.2439,0.0451,20,RACING,2,34.00,0.1615,1.142,1.800,2.169
1785589675.514,22.7736,12.8099,2.2445,1.1415,-0.2439,0.0449,20,RACING,2,34.00,0.1511,1.142,1.800,1.931
1785589675.564,22.7397,12.8543,2.2002,1.1415,-0.2533,0.0449,20,RACING,2,34.00,0.1644,1.142,1.800,1.931
1785589675.614,22.7086,12.9007,2.1537,1.1415,-0.2662,0.0982,20,RACING,2,34.00,0.1963,1.142,1.800,1.923
1785589675.664,22.6794,12.9497,2.1066,1.1415,-0.2658,0.0982,20,RACING,2,34.24,0.2150,1.142,1.800,1.923
1785589675.714,22.6535,12.9995,2.0601,1.1415,-0.2651,0.0983,20,RACING,2,34.24,0.2140,1.142,1.800,1.934
1785589675.764,22.6291,13.0496,2.0138,1.1415,-0.2635,0.0983,20,RACING,2,34.24,0.2286,1.142,1.800,1.934
1785589675.814,22.6047,13.1028,1.9661,1.1415,-0.2630,0.1733,20,RACING,2,34.24,0.2575,1.142,1.800,1.865
1785589675.864,22.5846,13.1563,1.9196,1.1415,-0.2653,0.1733,20,RACING,2,34.49,0.2536,1.142,1.800,1.865
1785589675.914,22.5662,13.2108,1.8727,1.1415,-0.2647,0.0492,20,RACING,2,34.49,0.2571,1.142,1.800,1.804
1785589675.964,22.5516,13.2649,1.8270,1.1415,-0.2666,0.0492,20,RACING,2,34.74,0.2673,1.203,1.800,1.804
1785589676.014,22.5371,13.3240,1.7777,1.2026,-0.2658,0.0874,20,RACING,2,34.74,0.2445,1.203,1.800,1.850
1785589676.064,22.5239,13.3828,1.7309,1.2026,-0.2530,0.0874,20,RACING,2,34.74,0.2368,1.203,1.800,1.850
1785589676.114,22.5158,13.4426,1.6838,1.2026,-0.2526,0.0571,20,RACING,2,34.99,0.2286,1.489,1.800,1.913
1785589676.165,22.5094,13.5093,1.6326,1.3276,-0.2486,0.0571,20,RACING,2,34.99,0.1907,1.489,1.800,1.913
1785589676.214,22.5062,13.5817,1.5772,1.4526,-0.2479,0.0617,20,RACING,2,34.99,0.1747,1.489,1.800,1.890
1785589676.264,22.5080,13.6562,1.5243,1.4894,-0.2300,0.0617,20,RACING,2,35.24,0.1758,1.783,1.800,1.890
1785589676.314,22.5162,13.7380,1.4665,1.6144,-0.2286,0.0955,20,RACING,2,35.24,0.1178,1.783,1.800,1.982
1785589676.364,22.5268,13.8238,1.4078,1.7394,-0.2212,0.0955,20,RACING,2,35.24,0.1046,1.783,1.800,1.982
1785589676.414,22.5448,13.9130,1.3525,1.7829,-0.1977,0.0826,20,RACING,2,35.49,0.1160,2.000,1.800,2.243
1785589676.464,22.5661,13.9983,1.3027,1.8000,-0.1851,0.0826,20,RACING,2,35.49,0.0378,2.000,1.800,2.243
1785589676.514,22.5896,14.0845,1.2516,1.8000,-0.1851,0.0209,20,RACING,2,35.49,0.0719,2.000,1.800,99.000
1785589676.564,22.6167,14.1697,1.2079,1.8000,-0.1584,0.0209,20,RACING,2,35.74,0.0940,2.141,1.800,99.000
1785589676.614,22.6518,14.2523,1.1645,1.8000,-0.1591,0.0726,20,RACING,2,35.74,0.0338,2.141,1.800,99.000
1785589676.664,22.6844,14.3341,1.1210,1.8000,-0.1587,0.0726,20,RACING,2,35.74,0.0969,2.141,1.800,99.000
1785589676.731,22.7249,14.4143,1.0851,1.8000,-0.1311,0.0630,20,RACING,2,35.99,0.1088,2.183,1.800,99.000
1785589676.784,22.7249,14.4143,1.0851,1.8000,-0.1311,0.0630,20,RACING,2,35.99,0.1088,2.183,1.800,99.000
1785589676.814,22.8178,14.5728,1.0120,1.8000,-0.1311,0.0310,20,RACING,2,35.99,0.1354,2.183,1.800,99.000
1785589676.864,22.8643,14.6463,0.9848,1.8000,-0.1025,0.0310,20,RACING,2,36.24,0.1237,2.077,1.800,99.000
1785589676.915,22.9170,14.7204,0.9567,1.8000,-0.1026,0.1077,20,RACING,2,36.24,0.1120,2.077,1.800,99.000
1785589676.964,22.9678,14.7932,0.9288,1.8000,-0.1022,0.1077,20,RACING,2,36.24,0.1612,2.077,1.800,99.000
1785589677.014,23.0171,14.8671,0.9073,1.8000,-0.0760,0.0487,20,RACING,2,36.49,0.1377,1.977,1.800,99.000
1785589677.064,23.0733,14.9350,0.8868,1.8000,-0.0776,0.0487,20,RACING,2,36.49,0.1333,1.977,1.800,99.000
1785589677.114,23.1305,15.0050,0.8655,1.8000,-0.0771,0.2195,20,RACING,2,36.49,0.1813,1.977,1.800,99.000
1785589677.164,23.1909,15.0727,0.8512,1.8000,-0.0525,0.2195,20,RACING,2,36.74,0.1346,1.873,1.800,99.000
1785589677.214,23.2493,15.1409,0.8368,1.8000,-0.0521,0.0304,20,RACING,2,36.74,0.1419,1.873,1.800,99.000
1785589677.264,23.3067,15.2060,0.8227,1.8000,-0.0527,0.0304,20,RACING,2,36.99,0.1707,1.745,1.800,99.000
1785589677.317,23.3067,15.2060,0.8227,1.7454,-0.0309,0.0304,20,RACING,2,36.99,0.1707,1.745,1.800,99.000
1785589677.364,23.4248,15.3347,0.8004,1.7454,-0.0278,0.0802,20,RACING,2,36.99,0.1438,1.745,1.800,99.000
1785589677.414,23.4862,15.3977,0.7972,1.7454,-0.0119,0.0224,20,RACING,2,37.24,0.1576,1.666,1.800,99.000
1785589677.464,23.5470,15.4571,0.7942,1.6656,-0.0119,0.0224,20,RACING,2,37.24,0.1188,1.666,1.800,99.000
1785589677.514,23.6070,15.5165,0.7914,1.6656,-0.0111,0.0738,20,RACING,2,37.24,0.1339,1.666,1.800,99.000
1785589677.565,23.6632,15.5750,0.7914,1.6656,0.0035,0.0738,20,RACING,2,37.49,0.1462,1.620,1.800,99.000
1785589677.614,23.7208,15.6327,0.7914,1.6201,0.0035,0.0332,20,RACING,2,37.49,0.1058,1.620,1.800,99.000
1785589677.664,23.7765,15.6906,0.7914,1.6201,0.0042,0.0332,20,RACING,2,37.49,0.1205,1.620,1.800,99.000
1785589677.715,23.8350,15.7497,0.7955,1.6201,0.0165,0.1165,20,RACING,2,37.74,0.1398,1.620,1.800,99.000
1785589677.764,23.8886,15.8062,0.7995,1.6201,0.0166,0.1165,20,RACING,2,37.74,0.0959,1.620,1.800,99.000
1785589677.814,23.9487,15.8647,0.8035,1.6201,0.0162,0.0284,20,RACING,2,37.74,0.1051,1.620,1.800,99.000
1785589677.864,24.0034,15.9229,0.8104,1.6201,0.0281,0.0284,20,RACING,2,37.99,0.1368,1.620,1.800,99.000
1785589677.914,24.0594,15.9819,0.8172,1.6201,0.0278,0.0359,20,RACING,2,37.99,0.0830,1.620,1.800,99.000
1785589677.965,24.1137,16.0412,0.8241,1.6201,0.0279,0.0359,20,RACING,2,37.99,0.0918,1.620,1.800,99.000
1785589678.014,24.1672,16.1009,0.8334,1.6201,0.0379,0.0880,20,RACING,2,38.24,0.1368,1.620,1.800,99.000
1785589678.064,24.2206,16.1608,0.8426,1.6201,0.0376,0.0880,20,RACING,2,38.24,0.0779,1.620,1.800,99.000
1785589678.115,24.2715,16.2219,0.8518,1.6201,0.0374,0.0919,20,RACING,2,38.24,0.0814,1.620,1.800,99.000
1785589678.164,24.3261,16.2835,0.8636,1.6201,0.0476,0.0919,20,RACING,2,38.49,0.1386,1.620,1.800,99.000
1785589678.214,24.3768,16.3449,0.8753,1.6201,0.0480,0.1334,20,RACING,2,38.49,0.0759,1.620,1.800,99.000
1785589678.264,24.4335,16.4083,0.8871,1.6201,0.0476,0.1334,20,RACING,2,38.49,0.0707,1.620,1.800,99.000
1785589678.315,24.4834,16.4709,0.9022,1.6201,0.0617,0.0231,20,RACING,2,38.49,0.1343,1.620,1.800,99.000
1785589678.365,24.5322,16.5341,0.9172,1.6201,0.0616,0.0231,20,RACING,2,38.74,0.0710,1.620,1.800,99.000
1785589678.414,24.5840,16.6000,0.9326,1.6201,0.0615,0.0738,20,RACING,2,38.74,0.0630,1.620,1.800,99.000
1785589678.464,24.6307,16.6649,0.9478,1.6201,0.0624,0.0738,20,RACING,2,38.74,0.1280,1.620,1.800,99.000
1785589678.514,24.6753,16.7303,0.9670,1.6201,0.0789,0.1915,20,RACING,2,38.99,0.0722,1.620,1.800,99.000
1785589678.564,24.7202,16.7984,0.9865,1.6201,0.0783,0.1915,20,RACING,2,38.99,0.0594,1.620,1.800,99.000
1785589678.614,24.7658,16.8658,1.0055,1.6201,0.0779,0.0448,20,RACING,2,38.99,0.1225,1.620,1.800,99.000
1785589678.664,24.8066,16.9346,1.0300,1.6201,0.0995,0.0448,20,RACING,2,39.24,0.0760,1.620,1.800,99.000
1785589678.714,24.8464,17.0057,1.0547,1.6201,0.0989,0.0489,20,RACING,2,39.24,0.0596,1.620,1.800,2.444
1785589678.764,24.8813,17.0759,1.0837,1.6201,0.1188,0.0489,20,RACING,2,39.24,0.1198,1.620,1.800,2.444
1785589678.814,24.9159,17.1480,1.1126,1.6201,0.1175,0.0922,20,RACING,2,39.49,0.0889,1.620,1.800,99.000
1785589678.864,24.9525,17.2265,1.1434,1.6201,0.1166,0.0922,20,RACING,2,39.49,0.0705,1.620,1.800,99.000
1785589678.914,24.9817,17.2970,1.1756,1.6201,0.1376,0.0269,20,RACING,2,39.49,0.1236,1.620,1.800,2.348
1785589678.964,25.0114,17.3703,1.2086,1.6201,0.1371,0.0269,20,RACING,2,39.74,0.0983,1.620,1.800,2.348
1785589679.014,25.0373,17.4469,1.2427,1.6201,0.1373,0.0474,20,RACING,2,39.74,0.0806,1.620,1.800,2.328
1785589679.064,25.0631,17.5236,1.2809,1.6201,0.1552,0.0474,20,RACING,2,39.74,0.1282,1.620,1.800,2.328
1785589679.114,25.0813,17.6014,1.3194,1.6201,0.1556,0.0325,20,RACING,2,39.99,0.1101,1.620,1.800,2.286
1785589679.164,25.0986,17.6809,1.3579,1.6201,0.1543,0.0325,20,RACING,2,39.99,0.0960,1.620,1.800,2.286
1785589679.214,25.1111,17.7610,1.3998,1.6201,0.1676,0.0233,20,RACING,2,39.99,0.1428,1.620,1.800,2.193
1785589679.264,25.1253,17.8409,1.4409,1.6201,0.1666,0.0233,20,RACING,2,40.24,0.1165,1.620,1.800,2.193
1785589679.315,25.1353,17.9225,1.4829,1.6201,0.1673,0.0641,20,RACING,2,40.24,0.1057,1.620,1.800,2.211
1785589679.364,25.1412,18.0023,1.5258,1.6201,0.1753,0.0641,20,RACING,2,40.24,0.1503,1.620,1.800,2.211
1785589679.414,25.1402,18.0838,1.5696,1.6201,0.1755,0.0374,20,RACING,2,40.49,0.1127,1.620,1.800,2.260
1785589679.464,25.1390,18.1652,1.6130,1.6201,0.1746,0.0374,20,RACING,2,40.49,0.1073,1.620,1.800,2.260
1785589679.514,25.1337,18.2467,1.6569,1.6201,0.1762,0.0438,20,RACING,2,40.74,0.1523,1.625,1.800,2.261
1785589679.565,25.1228,18.3255,1.6997,1.6247,0.1763,0.0438,20,RACING,2,40.74,0.1002,1.625,1.800,2.261
1785589679.614,25.1089,18.4060,1.7434,1.6247,0.1756,0.2241,20,RACING,2,40.74,0.1009,1.625,1.800,2.235
1785589679.664,25.0916,18.4862,1.7863,1.6247,0.1715,0.2241,20,RACING,2,40.99,0.1388,1.722,1.800,2.235
1785589679.714,25.0702,18.5691,1.8311,1.7220,0.1711,0.0532,20,RACING,2,40.99,0.0796,1.722,1.800,2.095
1785589679.764,25.0461,18.6527,1.8772,1.7220,0.1738,0.0532,20,RACING,2,40.99,0.0925,1.722,1.800,2.095
1785589679.814,25.0185,18.7338,1.9206,1.7220,0.1658,0.0481,20,RACING,2,41.24,0.1104,1.826,1.800,1.866
1785589679.864,24.9845,18.8179,1.9717,1.8000,0.1846,0.0481,20,RACING,2,41.24,0.0474,1.826,1.800,1.866
1785589679.914,24.9485,18.9000,2.0219,1.8000,0.1816,0.1240,20,RACING,2,41.24,0.0939,1.826,1.800,99.000
1785589679.965,24.9100,18.9796,2.0617,1.8000,0.1455,0.1240,20,RACING,2,41.49,0.0777,1.891,1.800,99.000
1785589680.014,24.8665,19.0597,2.1025,1.8000,0.1458,0.0276,20,RACING,2,41.49,0.0233,1.891,1.800,99.000
1785589680.064,24.8175,19.1363,2.1427,1.8000,0.1461,0.0276,20,RACING,2,41.49,0.1089,1.891,1.800,99.000
1785589680.114,24.7681,19.2092,2.1784,1.8000,0.1331,0.0282,20,RACING,2,41.74,0.0534,1.953,1.800,99.000
1785589680.164,24.7145,19.2823,2.2149,1.8000,0.1330,0.0282,20,RACING,2,41.74,0.0375,1.953,1.800,99.000
1785589680.214,24.6572,19.3529,2.2513,1.8000,0.1328,0.0371,20,RACING,2,41.99,0.1235,2.037,1.800,99.000
1785589680.270,24.6572,19.3529,2.2513,1.8000,0.1187,0.0371,20,RACING,2,41.99,0.1235,2.037,1.800,99.000
1785589680.320,24.5976,19.4233,2.2844,1.8000,0.1187,0.0371,20,RACING,2,41.99,0.0363,2.037,1.800,99.000
1785589680.364,24.4785,19.5561,2.3497,1.8000,0.1187,0.1284,20,RACING,2,42.24,0.1099,2.116,1.800,99.000
1785589680.414,24.4148,19.6186,2.3782,1.8000,0.1051,0.1315,20,RACING,2,42.24,0.0408,2.116,1.800,99.000
1785589680.464,24.3500,19.6789,2.4065,1.8000,0.1051,0.1315,20,RACING,2,42.24,0.0829,2.116,1.800,99.000
1785589680.514,24.2795,19.7386,2.4319,1.8000,0.0928,0.0603,20,RACING,2,42.49,0.0976,2.133,1.800,99.000
1785589680.564,24.2081,19.7982,2.4581,1.8000,0.0925,0.0603,20,RACING,2,42.49,0.0468,2.133,1.800,99.000
1785589680.614,24.1351,19.8526,2.4827,1.8000,0.0925,0.0603,20,RACING,2,42.49,0.1063,2.133,1.800,99.000
1785589680.664,24.0650,19.9068,2.5046,1.8000,0.0803,0.0822,20,RACING,2,42.74,0.0834,2.178,1.800,99.000
1785589680.714,23.9931,19.9599,2.5267,1.8000,0.0804,0.0447,20,RACING,2,42.74,0.0558,2.178,1.800,99.000
1785589680.764,23.9161,20.0105,2.5486,1.8000,0.0806,0.0447,20,RACING,2,42.74,0.1240,2.178,1.800,99.000
1785589680.814,23.8392,20.0616,2.5682,1.8000,0.0695,0.0495,20,RACING,2,42.99,0.0692,2.218,1.800,99.000
1785589680.864,23.7668,20.1083,2.5866,1.8000,0.0696,0.0495,20,RACING,2,42.99,0.0661,2.218,1.800,99.000
1785589680.914,23.6896,20.1547,2.6055,1.8000,0.0697,0.0521,20,RACING,2,43.24,0.1321,2.225,1.800,99.000
1785589680.964,23.6109,20.2003,2.6220,1.8000,0.0601,0.0521,20,RACING,2,43.24,0.0600,2.225,1.800,99.000
1785589681.014,23.5300,20.2447,2.6386,1.8000,0.0601,0.0351,20,RACING,2,43.24,0.0789,2.225,1.800,99.000
1785589681.064,23.4572,20.2867,2.6527,1.8000,0.0526,0.0351,20,RACING,2,43.49,0.1178,2.268,1.800,99.000
1785589681.114,23.3785,20.3287,2.6673,1.8000,0.0531,0.0854,20,RACING,2,43.49,0.0538,2.268,1.800,99.000
1785589681.165,23.2958,20.3691,2.6818,1.8000,0.0533,0.0854,20,RACING,2,43.49,0.0889,2.268,1.800,99.000
1785589681.214,23.2146,20.4086,2.6945,1.8000,0.0466,0.0627,20,RACING,2,43.74,0.0982,2.268,1.800,99.000
1785589681.264,23.1343,20.4469,2.7071,1.8000,0.0465,0.0627,20,RACING,2,43.74,0.0457,2.268,1.800,99.000
1785589681.314,23.0520,20.4847,2.7201,1.8000,0.0466,0.0572,20,RACING,2,43.74,0.1027,2.268,1.800,99.000
1785589681.364,22.9690,20.5205,2.7312,1.8000,0.0413,0.0572,20,RACING,2,43.99,0.0794,2.268,1.800,99.000
1785589681.414,22.8838,20.5560,2.7424,1.8000,0.0411,0.0338,20,RACING,2,43.99,0.0456,2.268,1.800,99.000
1785589681.464,22.7978,20.5917,2.7540,1.8000,0.0409,0.0338,20,RACING,2,43.99,0.1227,2.268,1.800,99.000
1785589681.514,22.7183,20.6241,2.7637,1.8000,0.0368,0.2176,20,RACING,2,44.24,0.0592,2.287,1.800,99.000
1785589681.564,22.6332,20.6571,2.7738,1.8000,0.0369,0.2176,20,RACING,2,44.24,0.0543,2.287,1.800,99.000
1785589681.614,22.5479,20.6893,2.7839,1.8000,0.0368,0.0875,20,RACING,2,44.49,0.1200,2.280,1.800,99.000
1785589681.664,22.4653,20.7200,2.7930,1.8000,0.0336,0.0875,20,RACING,2,44.49,0.0403,2.280,1.800,99.000
1785589681.714,22.3779,20.7512,2.8024,1.8000,0.0337,0.1669,20,RACING,2,44.49,0.0699,2.280,1.800,99.000
1785589681.764,22.2971,20.7798,2.8108,1.8000,0.0317,0.1669,20,RACING,2,44.74,0.1034,2.280,1.800,99.000
1785589681.814,22.2109,20.8096,2.8198,1.8000,0.0318,0.0938,20,RACING,2,44.74,0.0257,2.280,1.800,99.000
1785589681.864,22.1275,20.8370,2.8283,1.8000,0.0320,0.0938,20,RACING,2,44.74,0.0816,2.280,1.800,99.000
1785589681.914,22.0457,20.8642,2.8366,1.8000,0.0306,0.0839,20,RACING,2,44.99,0.0882,2.276,1.800,99.000
1785589681.964,21.9597,20.8913,2.8451,1.8000,0.0308,0.0839,20,RACING,2,44.99,0.0205,2.276,1.800,99.000
1785589682.014,21.8727,20.9174,2.8536,1.8000,0.0309,0.0479,20,RACING,2,44.99,0.0969,2.276,1.800,99.000
1785589682.064,21.7902,20.9420,2.8616,1.8000,0.0301,0.0479,20,RACING,2,45.24,0.0711,2.276,1.800,99.000
1785589682.114,21.7049,20.9666,2.8699,1.8000,0.0303,0.0351,20,RACING,2,45.24,0.0253,2.276,1.800,99.000
1785589682.164,21.6176,20.9905,2.8783,1.8000,0.0304,0.0351,20,RACING,2,45.24,0.1110,2.276,1.800,99.000
1785589682.214,21.5323,21.0134,2.8864,1.8000,0.0300,0.0355,20,RACING,2,45.49,0.0535,2.272,1.800,99.000
1785589682.264,21.4451,21.0361,2.8947,1.8000,0.0300,0.0355,20,RACING,2,45.49,0.0400,2.272,1.800,99.000
1785589682.314,21.3572,21.0578,2.9029,1.8000,0.0301,0.1989,20,RACING,2,45.74,0.1219,2.272,1.800,99.000
1785589682.364,21.2676,21.0785,2.9111,1.8000,0.0302,0.1989,20,RACING,2,45.74,0.0307,2.272,1.800,99.000
1785589682.414,21.1791,21.0990,2.9194,1.8000,0.0300,0.0572,20,RACING,2,45.74,0.0617,2.272,1.800,99.000
1785589682.464,21.0921,21.1181,2.9276,1.8000,0.0306,0.0572,20,RACING,2,45.99,0.1000,2.268,1.800,99.000
1785589682.519,21.0022,21.1369,2.9360,1.8000,0.0306,0.0236,20,RACING,2,45.99,0.0091,2.268,1.800,99.000
1785589682.564,20.9145,21.1546,2.9442,1.8000,0.0305,0.0236,20,RACING,2,45.99,0.0816,2.268,1.800,99.000
1785589682.614,20.8244,21.1721,2.9528,1.8000,0.0313,0.0347,20,RACING,2,46.24,0.0768,2.263,1.800,99.000
1785589682.664,20.7369,21.1886,2.9613,1.8000,0.0313,0.0347,20,RACING,2,46.24,0.0123,2.263,1.800,99.000
1785589682.714,20.6492,21.2044,2.9699,1.8000,0.0313,0.0621,20,RACING,2,46.24,0.1014,2.263,1.800,99.000
1785589682.764,20.5597,21.2193,2.9787,1.8000,0.0323,0.0621,20,RACING,2,46.49,0.0579,2.263,1.800,99.000
1785589682.814,20.4685,21.2338,2.9877,1.8000,0.0323,0.0976,20,RACING,2,46.49,0.0344,2.263,1.800,99.000
1785589682.864,20.3782,21.2469,2.9963,1.8000,0.0323,0.0976,20,RACING,2,46.74,0.1243,2.256,1.800,99.000
1785589682.914,20.2898,21.2595,3.0055,1.8000,0.0335,0.0397,20,RACING,2,46.74,0.0351,2.256,1.800,99.000
1785589682.964,20.2048,21.2714,3.0146,1.8000,0.0334,0.0397,20,RACING,2,46.74,0.0508,2.256,1.800,99.000
1785589683.014,20.1167,21.2824,3.0240,1.8000,0.0345,0.0954,20,RACING,2,46.99,0.1104,2.256,1.800,99.000
1785589683.064,20.0282,21.2925,3.0333,1.8000,0.0345,0.0954,20,RACING,2,46.99,0.0215,2.256,1.800,99.000
1785589683.114,19.9340,21.3019,3.0428,1.8000,0.0345,0.0215,20,RACING,2,46.99,0.0735,2.256,1.800,99.000
1785589683.164,19.8435,21.3103,3.0526,1.8000,0.0357,0.0215,20,RACING,2,47.24,0.0857,2.250,1.800,99.000
1785589683.215,19.7573,21.3177,3.0622,1.8000,0.0357,0.0841,20,RACING,2,47.24,0.0041,2.250,1.800,99.000
1785589683.264,19.6656,21.3245,3.0719,1.8000,0.0356,0.0841,20,RACING,2,47.24,0.0930,2.250,1.800,99.000
1785589683.314,19.5731,21.3304,3.0820,1.8000,0.0367,0.1166,20,RACING,2,47.49,0.0645,2.250,1.800,99.000
1785589683.365,19.4816,21.3352,3.0919,1.8000,0.0368,0.1166,20,RACING,2,47.49,0.0277,2.250,1.800,99.000
1785589683.414,19.3894,21.3393,3.1023,1.8000,0.0369,0.2078,20,RACING,2,47.49,0.1197,2.250,1.800,99.000
1785589683.464,19.3011,21.3423,3.1124,1.8000,0.0380,0.2078,20,RACING,2,47.74,0.0422,2.246,1.800,99.000
1785589683.514,19.2094,21.3445,3.1230,1.8000,0.0380,0.0353,20,RACING,2,47.74,0.0501,2.246,1.800,99.000
1785589683.564,19.1230,21.3457,3.1334,1.8000,0.0389,0.0353,20,RACING,2,47.99,0.1138,2.246,1.800,99.000
1785589683.614,19.0322,21.3459,-3.1392,1.8000,0.0387,0.1046,20,RACING,2,47.99,0.0234,2.246,1.800,99.000
1785589683.664,18.9409,21.3452,-3.1285,1.8000,0.0388,0.1046,20,RACING,2,47.99,0.0687,2.246,1.800,99.000
1785589683.714,18.8550,21.3435,-3.1179,1.8000,0.0397,0.0748,20,RACING,2,48.24,0.0956,2.246,1.800,99.000
1785589683.764,18.7647,21.3409,-3.1070,1.8000,0.0396,0.0748,20,RACING,2,48.24,0.0070,2.246,1.800,99.000
1785589683.814,18.6731,21.3373,-3.0961,1.8000,0.0396,0.2503,20,RACING,2,48.24,0.0867,2.246,1.800,99.000
1785589683.864,18.5852,21.3327,-3.0853,1.8000,0.0405,0.2503,20,RACING,2,48.49,0.0754,2.245,1.800,99.000
1785589683.914,18.4947,21.3270,-3.0739,1.8000,0.0404,0.0631,20,RACING,2,48.49,0.0161,2.245,1.800,99.000
1785589683.964,18.4109,21.3206,-3.0632,1.8000,0.0402,0.0631,20,RACING,2,48.49,0.0996,2.245,1.800,99.000
1785589684.014,18.3194,21.3130,-3.0520,1.8000,0.0408,0.0216,20,RACING,2,48.74,0.0589,2.245,1.800,99.000
1785589684.065,18.2289,21.3043,-3.0407,1.8000,0.0409,0.0216,20,RACING,2,48.74,0.0327,2.245,1.800,99.000
1785589684.114,18.1425,21.2949,-3.0297,1.8000,0.0409,0.1244,20,RACING,2,48.74,0.1194,2.245,1.800,99.000
1785589684.165,18.0548,21.2844,-3.0184,1.8000,0.0416,0.1244,20,RACING,2,48.99,0.0426,2.244,1.800,99.000
1785589684.214,17.9638,21.2726,-3.0068,1.8000,0.0414,0.1214,20,RACING,2,48.99,0.0498,2.244,1.800,99.000
1785589684.264,17.8778,21.2601,-2.9954,1.8000,0.0422,0.1214,20,RACING,2,49.24,0.1136,2.244,1.800,99.000
1785589684.314,17.7923,21.2466,-2.9841,1.8000,0.0420,0.0331,20,RACING,2,49.24,0.0275,2.244,1.800,99.000
1785589684.364,17.7037,21.2319,-2.9726,1.8000,0.0417,0.0331,20,RACING,2,49.24,0.0632,2.244,1.800,99.000
1785589684.414,17.6127,21.2162,-2.9610,1.8000,0.0425,0.0734,20,RACING,2,49.49,0.0947,2.244,1.800,99.000
1785589684.464,17.5297,21.1996,-2.9494,1.8000,0.0427,0.0734,20,RACING,2,49.49,0.0116,2.244,1.800,99.000
1785589684.514,17.4419,21.1819,-2.9379,1.8000,0.0420,0.0791,20,RACING,2,49.49,0.0800,2.244,1.800,99.000
1785589684.564,17.3556,21.1631,-2.9262,1.8000,0.0429,0.0791,20,RACING,2,49.74,0.0821,2.244,1.800,99.000
1785589684.614,17.2661,21.1432,-2.9145,1.8000,0.0426,0.0812,20,RACING,2,49.74,0.0116,2.244,1.800,99.000
1785589684.664,17.1796,21.1226,-2.9029,1.8000,0.0427,0.0812,20,RACING,2,49.74,0.0991,2.244,1.800,99.000
1785589684.714,17.0903,21.1005,-2.8908,1.8000,0.0436,0.0358,20,RACING,2,49.99,0.0593,2.244,1.800,99.000
1785589684.765,17.0059,21.0782,-2.8792,1.8000,0.0437,0.0358,20,RACING,2,49.99,0.0289,2.244,1.800,99.000
1785589684.814,16.9183,21.0544,-2.8673,1.8000,0.0436,0.0867,20,RACING,2,49.99,0.1193,2.244,1.800,99.000
1785589684.864,16.8297,21.0290,-2.8549,1.8000,0.0445,0.0867,20,RACING,2,50.24,0.0389,2.244,1.800,99.000
1785589684.914,16.7454,21.0033,-2.8429,1.8000,0.0446,0.0513,20,RACING,2,50.24,0.0498,2.244,1.800,99.000
1785589684.965,16.6589,20.9764,-2.8307,1.8000,0.0450,0.0513,20,RACING,2,50.49,0.1099,2.244,1.800,99.000
1785589685.014,16.5715,20.9485,-2.8184,1.8000,0.0451,0.0555,20,RACING,2,50.49,0.0183,2.244,1.800,99.000
1785589685.064,16.4820,20.9183,-2.8055,1.8000,0.0456,0.0555,20,RACING,2,50.49,0.0766,2.244,1.800,99.000
1785589685.115,16.4000,20.8885,-2.7931,1.8000,0.0460,0.0526,20,RACING,2,50.74,0.0862,2.244,1.800,99.000
1785589685.165,16.3166,20.8580,-2.7809,1.8000,0.0458,0.0526,20,RACING,2,50.74,0.0036,2.244,1.800,99.000
1785589685.214,16.2325,20.8254,-2.7682,1.8000,0.0460,0.0307,20,RACING,2,50.74,0.0929,2.244,1.800,99.000
1785589685.264,16.1527,20.7925,-2.7558,1.8000,0.0460,0.0307,20,RACING,2,50.99,0.0709,2.244,1.800,99.000
1785589685.315,16.0706,20.7579,-2.7434,1.8000,0.0454,0.0419,20,RACING,2,50.99,0.0187,2.244,1.800,99.000
1785589685.364,15.9887,20.7223,-2.7310,1.8000,0.0451,0.0419,20,RACING,2,50.99,0.1077,2.244,1.800,99.000
1785589685.414,15.9071,20.6859,-2.7187,1.8000,0.0453,0.3231,20,RACING,2,51.24,0.0531,2.244,1.800,99.000
1785589685.464,15.8230,20.6482,-2.7063,1.8000,0.0451,0.3231,20,RACING,2,51.24,0.0394,2.244,1.800,99.000
1785589685.516,15.7418,20.6094,-2.6937,1.8000,0.0455,0.3231,20,RACING,2,51.24,0.1207,2.244,1.800,99.000
1785589685.564,15.6586,20.5706,-2.6815,1.8000,0.0456,0.1295,20,RACING,2,51.49,0.0289,2.244,1.800,99.000
1785589685.614,15.5756,20.5297,-2.6687,1.8000,0.0465,0.1097,20,RACING,2,51.49,0.0637,2.244,1.800,99.000
1785589685.664,15.4981,20.4889,-2.6561,1.8000,0.0468,0.1097,20,RACING,2,51.74,0.0987,2.244,1.800,99.000
1785589685.714,15.4204,20.4461,-2.6432,1.8000,0.0466,0.0266,20,RACING,2,51.74,0.0101,2.244,1.800,99.000
1785589685.764,15.3457,20.4030,-2.6308,1.8000,0.0460,0.0266,20,RACING,2,51.74,0.0763,2.244,1.800,99.000
1785589685.814,15.2690,20.3582,-2.6184,1.8000,0.0451,0.0428,20,RACING,2,51.99,0.0850,2.244,1.800,99.000
1785589685.864,15.1901,20.3127,-2.6062,1.8000,0.0446,0.0428,20,RACING,2,51.99,0.0071,2.244,1.800,99.000
1785589685.914,15.1138,20.2664,-2.5940,1.8000,0.0449,0.1958,20,RACING,2,51.99,0.0956,2.244,1.800,99.000
1785589685.965,15.0379,20.2189,-2.5819,1.8000,0.0443,0.1958,20,RACING,2,52.24,0.0649,2.247,1.800,99.000
1785589686.014,14.9596,20.1701,-2.5697,1.8000,0.0441,0.0692,20,RACING,2,52.24,0.0276,2.247,1.800,99.000
1785589686.064,14.8860,20.1219,-2.5578,1.8000,0.0445,0.0692,20,RACING,2,52.24,0.1155,2.247,1.800,99.000
1785589686.115,14.8138,20.0719,-2.5461,1.8000,0.0429,0.0773,20,RACING,2,52.49,0.0468,2.247,1.800,99.000
1785589686.165,14.7361,20.0209,-2.5346,1.8000,0.0422,0.0773,20,RACING,2,52.49,0.0464,2.247,1.800,99.000
1785589686.214,14.6647,19.9693,-2.5228,1.8000,0.0433,0.1068,20,RACING,2,52.74,0.1156,2.173,1.800,99.000
1785589686.264,14.5930,19.9166,-2.5118,1.8000,0.0402,0.1068,20,RACING,2,52.74,0.0267,2.173,1.800,99.000
1785589686.314,14.5221,19.8619,-2.5007,1.8000,0.0398,0.2536,20,RACING,2,52.74,0.0631,2.173,1.800,99.000
1785589686.364,14.4526,19.8085,-2.4910,1.8000,0.0361,0.2536,20,RACING,2,52.99,0.0994,2.093,1.800,99.000
1785589686.414,14.3794,19.7528,-2.4811,1.8000,0.0357,0.0934,20,RACING,2,52.99,0.0077,2.093,1.800,99.000
1785589686.464,14.3078,19.6971,-2.4713,1.8000,0.0359,0.0934,20,RACING,2,52.99,0.0834,2.093,1.800,99.000
1785589686.514,14.2404,19.6424,-2.4627,1.8000,0.0324,0.2848,20,RACING,2,53.24,0.0797,2.001,1.800,99.000
1785589686.564,14.1697,19.5856,-2.4539,1.8000,0.0321,0.2848,20,RACING,2,53.24,0.0111,2.001,1.800,99.000
1785589686.614,14.1014,19.5281,-2.4451,1.8000,0.0324,0.0279,20,RACING,2,53.24,0.1002,2.001,1.800,99.000
1785589686.664,14.0367,19.4703,-2.4376,1.8000,0.0274,0.0279,20,RACING,2,53.49,0.0631,1.871,1.800,99.000
1785589686.714,13.9676,19.4114,-2.4304,1.8000,0.0263,0.0394,20,RACING,2,53.49,0.0279,1.871,1.800,99.000
1785589686.764,13.8998,19.3528,-2.4232,1.8000,0.0264,0.0394,20,RACING,2,53.49,0.1173,1.871,1.800,99.000
1785589686.814,13.8325,19.2930,-2.4174,1.8000,0.0212,0.0637,20,RACING,2,53.74,0.0434,1.759,1.800,99.000
1785589686.864,13.7614,19.2338,-2.4118,1.7587,0.0209,0.0637,20,RACING,2,53.74,0.0509,1.759,1.800,99.000
1785589686.914,13.6972,19.1762,-2.4059,1.7587,0.0225,0.1155,20,RACING,2,53.99,0.1150,1.681,1.800,99.000
1785589686.964,13.6345,19.1187,-2.4018,1.6810,0.0157,0.1155,20,RACING,2,53.99,0.0325,1.681,1.800,99.000
1785589687.014,13.5717,19.0626,-2.3979,1.6810,0.0155,0.0368,20,RACING,2,53.99,0.0573,1.681,1.800,99.000
1785589687.065,13.5101,19.0057,-2.3979,1.6810,0.0092,0.0368,20,RACING,2,54.24,0.1128,1.620,1.800,99.000
1785589687.115,13.4518,18.9508,-2.3954,1.6196,0.0103,0.0213,20,RACING,2,54.24,0.0364,1.620,1.800,99.000
1785589687.165,13.3897,18.8957,-2.3954,1.6196,0.0099,0.0213,20,RACING,2,54.24,0.0560,1.620,1.800,99.000
1785589687.214,13.3286,18.8407,-2.3954,1.6196,0.0037,0.0782,20,RACING,2,54.49,0.1188,1.620,1.800,99.000
1785589687.264,13.2713,18.7861,-2.3954,1.6196,0.0046,0.0782,20,RACING,2,54.49,0.0448,1.620,1.800,99.000
1785589687.314,13.2123,18.7295,-2.3954,1.6196,0.0047,0.1068,20,RACING,2,54.49,0.0513,1.620,1.800,99.000
1785589687.364,13.1534,18.6759,-2.3954,1.6196,0.0047,0.1068,20,RACING,2,54.49,0.1273,1.620,1.800,99.000
1785589687.414,13.0945,18.6203,-2.3954,1.6196,-0.0051,0.0859,20,RACING,2,54.74,0.0528,1.620,1.800,99.000
1785589687.464,13.0384,18.5660,-2.3954,1.6196,-0.0061,0.0859,20,RACING,2,54.74,0.0434,1.620,1.800,99.000
1785589687.514,12.9771,18.5111,-2.3954,1.6196,-0.0077,0.0539,20,RACING,2,54.74,0.1196,1.620,1.800,99.000
1785589687.564,12.9192,18.4565,-2.4002,1.6196,-0.0194,0.0539,20,RACING,2,54.99,0.0621,1.620,1.800,99.000
1785589687.614,12.8620,18.4014,-2.4051,1.6196,-0.0198,0.0203,20,RACING,2,54.99,0.0383,1.620,1.800,99.000
1785589687.664,12.8032,18.3472,-2.4101,1.6196,-0.0206,0.0203,20,RACING,2,54.99,0.1091,1.620,1.800,99.000
1785589687.715,12.7447,18.2935,-2.4183,1.6196,-0.0334,0.0846,20,RACING,2,55.24,0.0713,1.620,1.800,99.000
1785589687.764,12.6842,18.2400,-2.4266,1.6196,-0.0338,0.0846,20,RACING,2,55.24,0.0339,1.620,1.800,99.000
1785589687.814,12.6199,18.1836,-2.4355,1.6196,-0.0339,0.0595,20,RACING,2,55.24,0.1059,1.620,1.800,99.000
1785589687.864,12.5618,18.1351,-2.4466,1.6196,-0.0486,0.0595,20,RACING,2,55.49,0.0793,1.620,1.800,99.000
1785589687.914,12.4968,18.0825,-2.4588,1.6196,-0.0485,0.0330,20,RACING,2,55.49,0.0367,1.620,1.800,99.000
1785589687.964,12.4351,18.0329,-2.4704,1.6196,-0.0482,0.0330,20,RACING,2,55.49,0.0978,1.620,1.800,99.000
1785589688.014,12.3733,17.9824,-2.4867,1.6196,-0.0656,0.0853,20,RACING,2,55.74,0.0868,1.620,1.800,2.388
1785589688.064,12.3084,17.9343,-2.5027,1.6196,-0.0660,0.0853,20,RACING,2,55.74,0.0400,1.620,1.800,2.388
1785589688.115,12.2413,17.8856,-2.5192,1.6196,-0.0658,0.0424,20,RACING,2,55.74,0.0956,1.620,1.800,99.000
1785589688.165,12.1770,17.8400,-2.5400,1.6196,-0.0862,0.0424,20,RACING,2,55.99,0.0953,1.620,1.800,99.000
1785589688.214,12.1095,17.7942,-2.5615,1.6196,-0.0863,0.1417,20,RACING,2,55.99,0.0474,1.620,1.800,99.000
1785589688.264,12.0452,17.7515,-2.5823,1.6196,-0.0864,0.1417,20,RACING,2,55.99,0.0900,1.620,1.800,99.000
1785589688.314,11.9755,17.7090,-2.6094,1.6196,-0.1088,0.2830,20,RACING,2,56.24,0.1047,1.620,1.800,2.352
1785589688.364,11.9087,17.6691,-2.6362,1.6196,-0.1089,0.2830,20,RACING,2,56.24,0.0557,1.620,1.800,2.352
1785589688.414,11.8364,17.6303,-2.6634,1.6196,-0.1089,0.1148,20,RACING,2,56.24,0.0913,1.620,1.800,2.310
1785589688.464,11.7644,17.5949,-2.6953,1.6196,-0.1314,0.1148,20,RACING,2,56.49,0.1145,1.620,1.800,2.310
1785589688.514,11.6920,17.5613,-2.7275,1.6196,-0.1314,0.0438,20,RACING,2,56.49,0.0680,1.620,1.800,2.404
1785589688.565,11.6148,17.5295,-2.7604,1.6196,-0.1314,0.0438,20,RACING,2,56.49,0.0995,1.620,1.800,2.404
1785589688.614,11.5377,17.5010,-2.7972,1.6196,-0.1500,0.0305,20,RACING,2,56.74,0.1200,1.620,1.800,2.186
1785589688.664,11.4609,17.4752,-2.8343,1.6196,-0.1502,0.0305,20,RACING,2,56.74,0.0806,1.620,1.800,2.186
1785589688.714,11.3838,17.4520,-2.8718,1.6196,-0.1501,0.0587,20,RACING,2,56.74,0.1098,1.620,1.800,2.173
1785589688.765,11.3057,17.4320,-2.9116,1.6196,-0.1613,0.0587,20,RACING,2,56.99,0.1240,1.620,1.800,2.173
1785589688.814,11.2278,17.4151,-2.9515,1.6196,-0.1613,0.0688,20,RACING,2,56.99,0.0880,1.620,1.800,2.193
1785589688.865,11.1476,17.4013,-2.9923,1.6196,-0.1611,0.0688,20,RACING,2,56.99,0.1170,1.620,1.800,2.193
1785589688.914,11.0665,17.3914,-3.0324,1.6196,-0.1640,0.2680,20,RACING,2,57.24,0.1215,1.620,1.800,2.186
1785589688.964,10.9884,17.3846,-3.0725,1.6196,-0.1642,0.2680,20,RACING,2,57.24,0.0883,1.620,1.800,2.186
1785589689.014,10.9058,17.3810,-3.1130,1.6196,-0.1638,0.0440,20,RACING,2,57.24,0.1199,1.620,1.800,2.246
1785589689.064,10.8220,17.3801,3.1299,1.6196,-0.1602,0.0440,20,RACING,2,57.49,0.1095,1.661,1.800,2.246
1785589689.115,10.7403,17.3828,3.0898,1.6608,-0.1606,0.0431,20,RACING,2,57.49,0.0767,1.661,1.800,99.000
1785589689.164,10.6593,17.3888,3.0492,1.6608,-0.1606,0.0431,20,RACING,2,57.49,0.1165,1.661,1.800,99.000
1785589689.214,10.5763,17.3981,3.0109,1.6608,-0.1502,0.1861,20,RACING,2,57.74,0.0892,1.786,1.800,99.000
1785589689.264,10.4912,17.4115,2.9700,1.7858,-0.1503,0.1861,20,RACING,2,57.74,0.0543,1.786,1.800,99.000
1785589689.314,10.4046,17.4285,2.9295,1.7860,-0.1494,0.0598,20,RACING,2,57.74,0.1165,1.786,1.800,99.000
1785589689.365,10.3164,17.4487,2.8926,1.7860,-0.1352,0.0598,20,RACING,2,57.99,0.0557,1.906,1.800,99.000
1785589689.414,10.2292,17.4726,2.8552,1.8000,-0.1356,0.0404,20,RACING,2,57.99,0.0453,1.906,1.800,99.000
1785589689.464,10.1444,17.4996,2.8182,1.8000,-0.1356,0.0404,20,RACING,2,58.24,0.1191,2.020,1.800,99.000
1785589689.515,10.0616,17.5299,2.7854,1.8000,-0.1183,0.0286,20,RACING,2,58.24,0.0315,2.020,1.800,99.000
1785589689.564,9.9780,17.5625,2.7534,1.8000,-0.1175,0.0286,20,RACING,2,58.24,0.0592,2.020,1.800,99.000
1785589689.614,9.8956,17.5974,2.7258,1.8000,-0.1014,0.0447,20,RACING,2,58.49,0.1062,2.148,1.800,99.000
1785589689.664,9.8150,17.6350,2.6978,1.8000,-0.1014,0.0447,20,RACING,2,58.49,0.0334,2.148,1.800,99.000
1785589689.714,9.7352,17.6745,2.6703,1.8000,-0.1009,0.0447,20,RACING,2,58.49,0.0817,2.148,1.800,99.000
1785589689.764,9.6554,17.7160,2.6476,1.8000,-0.0838,0.0207,20,RACING,2,58.74,0.0992,2.104,1.800,99.000
1785589689.814,9.5792,17.7595,2.6246,1.8000,-0.0840,0.0620,20,RACING,2,58.74,0.0493,2.104,1.800,99.000
1785589689.864,9.4990,17.8051,2.6018,1.8000,-0.0833,0.0620,20,RACING,2,58.74,0.1061,2.104,1.800,99.000
1785589689.914,9.4171,17.8546,2.5826,1.8000,-0.0669,0.1125,20,RACING,2,58.99,0.0897,2.020,1.800,99.000
1785589689.965,9.3472,17.9008,2.5651,1.8000,-0.0672,0.1125,20,RACING,2,58.99,0.0660,2.020,1.800,99.000
1785589690.014,9.2725,17.9514,2.5466,1.8000,-0.0664,0.0496,20,RACING,2,58.99,0.1264,2.020,1.800,99.000
1785589690.064,9.2009,18.0017,2.5332,1.8000,-0.0494,0.0496,20,RACING,2,59.24,0.0872,1.897,1.800,99.000
1785589690.114,9.1282,18.0529,2.5201,1.8000,-0.0489,0.0241,20,RACING,2,59.24,0.0767,1.897,1.800,99.000
1785589690.164,9.0504,18.1062,2.5066,1.8000,-0.0490,0.0241,20,RACING,2,59.49,0.1434,1.837,1.800,99.000
1785589690.217,8.9787,18.1600,2.4971,1.8000,-0.0346,0.0241,20,RACING,2,59.49,0.0808,1.837,1.800,99.000
1785589690.264,8.8972,18.2199,2.4868,1.8000,-0.0345,0.0491,20,RACING,2,59.49,0.1007,1.837,1.800,99.000
1785589690.314,8.8337,18.2692,2.4815,1.8000,-0.0216,0.1309,20,RACING,2,59.74,0.1273,1.829,1.800,99.000
1785589690.364,8.7637,18.3243,2.4756,1.8000,-0.0215,0.1309,20,RACING,2,59.74,0.0754,1.829,1.800,99.000
1785589690.414,8.6936,18.3803,2.4698,1.8000,-0.0214,0.0710,20,RACING,2,59.74,0.1049,1.829,1.800,99.000
1785589690.464,8.6215,18.4360,2.4698,1.8000,-0.0084,0.0710,20,RACING,2,59.99,0.1108,1.821,1.800,99.000
1785589690.514,8.5472,18.4933,2.4670,1.8000,-0.0101,0.1630,20,RACING,2,59.99,0.0742,1.821,1.800,99.000
1785589690.564,8.4800,18.5490,2.4640,1.8000,-0.0108,0.1630,20,RACING,2,59.99,0.1207,1.821,1.800,99.000
1785589690.614,8.4094,18.6049,2.4640,1.8000,0.0028,0.0436,20,RACING,2,60.24,0.0935,1.815,1.800,99.000
1785589690.664,8.3368,18.6614,2.4640,1.8000,0.0029,0.0436,20,RACING,2,60.24,0.0759,1.815,1.800,99.000
1785589690.714,8.2620,18.7184,2.4640,1.8000,0.0026,0.0336,20,RACING,2,60.24,0.1426,1.815,1.800,99.000
1785589690.764,8.1921,18.7748,2.4681,1.8000,0.0150,0.0336,20,RACING,2,60.49,0.0766,1.815,1.800,99.000
1785589690.814,8.1212,18.8313,2.4723,1.8000,0.0151,0.0425,20,RACING,2,60.49,0.0857,1.815,1.800,99.000
1785589690.864,8.0511,18.8854,2.4795,1.8000,0.0270,0.0425,20,RACING,2,60.74,0.1238,1.815,1.800,99.000
1785589690.914,7.9803,18.9409,2.4868,1.8000,0.0268,0.0872,20,RACING,2,60.74,0.0640,1.815,1.800,99.000
1785589690.964,7.9092,18.9958,2.4942,1.8000,0.0270,0.0872,20,RACING,2,60.74,0.0955,1.815,1.800,99.000
1785589691.014,7.8372,19.0501,2.5052,1.8000,0.0399,0.1479,20,RACING,2,60.99,0.1024,1.815,1.800,99.000
1785589691.064,7.7646,19.1024,2.5159,1.8000,0.0400,0.1479,20,RACING,2,60.99,0.0574,1.815,1.800,99.000
1785589691.114,7.6933,19.1545,2.5268,1.8000,0.0398,0.1993,20,RACING,2,60.99,0.1087,1.815,1.800,99.000
1785589691.168,7.6171,19.2066,2.5419,1.8000,0.0546,0.1993,20,RACING,2,61.24,0.0833,1.815,1.800,99.000
1785589691.214,7.5454,19.2568,2.5567,1.8000,0.0544,0.0830,20,RACING,2,61.24,0.0581,1.815,1.800,99.000
1785589691.264,7.4672,19.3061,2.5718,1.8000,0.0549,0.0830,20,RACING,2,61.24,0.1293,1.815,1.800,1.717
1785589691.314,7.3935,19.3519,2.6045,1.7171,0.1234,0.0994,20,RACING,2,61.49,0.0694,1.815,1.800,99.000
1785589691.364,7.3152,19.3963,2.6215,1.8000,0.0634,0.0994,20,RACING,2,61.49,0.0728,1.815,1.800,99.000
1785589691.414,7.2350,19.4402,2.6433,1.8000,0.0798,0.0304,20,RACING,2,61.74,0.1247,1.815,1.800,99.000
1785589691.464,7.1579,19.4824,2.6650,1.8000,0.0797,0.0304,20,RACING,2,61.74,0.0629,1.815,1.800,99.000
1785589691.514,7.0777,19.5228,2.6869,1.8000,0.0799,0.0248,20,RACING,2,61.74,0.0917,1.815,1.800,99.000
1785589691.564,6.9978,19.5612,2.7133,1.8000,0.0966,0.0248,20,RACING,2,61.99,0.1092,1.815,1.800,99.000
1785589691.614,6.9158,19.5972,2.7396,1.8000,0.0966,0.0413,20,RACING,2,61.99,0.0644,1.815,1.800,2.485
1785589691.664,6.8308,19.6313,2.7659,1.8000,0.0966,0.0413,20,RACING,2,61.99,0.1147,1.815,1.800,2.485
1785589691.714,6.7451,19.6629,2.7967,1.8000,0.1122,0.1055,20,RACING,2,62.24,0.0930,1.815,1.800,2.433
1785589691.765,6.6596,19.6922,2.8277,1.8000,0.1122,0.1055,20,RACING,2,62.24,0.0772,1.815,1.800,2.433
1785589691.814,6.5755,19.7188,2.8621,1.8000,0.1242,0.2071,20,RACING,2,62.24,0.1392,1.815,1.800,2.277
1785589691.864,6.4895,19.7420,2.8957,1.8000,0.1239,0.2071,20,RACING,2,62.49,0.0807,1.815,1.800,2.277
1785589691.914,6.4018,19.7622,2.9295,1.8000,0.1239,0.0594,20,RACING,2,62.49,0.0913,1.815,1.800,2.377
1785589691.964,6.3125,19.7797,2.9665,1.8000,0.1334,0.0594,20,RACING,2,62.74,0.1215,1.815,1.800,2.377
1785589692.014,6.2232,19.7937,3.0029,1.8000,0.1334,0.0735,20,RACING,2,62.74,0.0713,1.815,1.800,2.359
1785589692.064,6.1353,19.8043,3.0392,1.8000,0.1336,0.0735,20,RACING,2,62.74,0.1090,1.815,1.800,2.359
1785589692.114,6.0462,19.8116,3.0777,1.8000,0.1398,0.0627,20,RACING,2,62.99,0.0977,1.815,1.800,2.350
1785589692.164,5.9527,19.8154,3.1164,1.8000,0.1396,0.0627,20,RACING,2,62.99,0.0690,1.815,1.800,2.350
1785589692.214,5.8649,19.8159,-3.1279,1.8000,0.1427,0.1035,20,RACING,2,62.99,0.1288,1.815,1.800,2.360
1785589692.264,5.7715,19.8128,-3.0883,1.8000,0.1424,0.1035,20,RACING,2,63.24,0.0691,1.815,1.800,2.360
1785589692.314,5.6836,19.8061,-3.0489,1.8000,0.1429,0.0264,20,RACING,2,63.24,0.0738,1.815,1.800,2.246
1785589692.364,5.5952,19.7960,-3.0103,1.8000,0.1421,0.0264,20,RACING,2,63.49,0.1172,1.829,1.800,2.246
1785589692.414,5.5030,19.7826,-2.9710,1.8000,0.1421,0.0463,20,RACING,2,63.49,0.0455,1.829,1.800,2.246
1785589692.465,5.4153,19.7660,-2.9323,1.8000,0.1429,0.0463,20,RACING,2,63.49,0.0867,1.829,1.800,2.367
1785589692.514,5.3313,19.7450,-2.8931,1.8000,0.1400,0.0227,20,RACING,2,63.74,0.0902,1.861,1.800,99.000
1785589692.564,5.2461,19.7217,-2.8557,1.8000,0.1385,0.0227,20,RACING,2,63.74,0.0307,1.861,1.800,99.000
1785589692.614,5.1577,19.6945,-2.8179,1.8000,0.1385,0.0288,20,RACING,2,63.74,0.1015,1.861,1.800,99.000
1785589692.664,5.0692,19.6641,-2.7808,1.8000,0.1343,0.0288,20,RACING,2,63.98,0.0594,1.900,1.800,99.000
1785589692.714,4.9861,19.6310,-2.7439,1.8000,0.1352,0.1916,20,RACING,2,63.98,0.0353,1.900,1.800,2.479
1785589692.765,4.9046,19.5947,-2.7067,1.8000,0.1352,0.1916,20,RACING,2,63.98,0.1226,1.900,1.800,2.479
1785589692.814,4.8228,19.5550,-2.6712,1.8000,0.1278,0.1646,20,RACING,2,64.23,0.0366,1.945,1.800,99.000
1785589692.864,4.7390,19.5112,-2.6348,1.8000,0.1278,0.1646,20,RACING,2,64.23,0.0579,1.945,1.800,99.000
1785589692.914,4.6634,19.4688,-2.6033,1.8000,0.1209,0.2327,20,RACING,2,64.48,0.1060,1.984,1.800,99.000
1785589692.964,4.5864,19.4217,-2.5702,1.8000,0.1214,0.2327,20,RACING,2,64.48,0.0199,1.984,1.800,99.000
1785589693.014,4.5121,19.3717,-2.5368,1.8000,0.1218,0.1053,20,RACING,2,64.48,0.0750,1.984,1.800,99.000
1785589693.064,4.4370,19.3193,-2.5058,1.8000,0.1133,0.1053,20,RACING,2,64.73,0.0883,2.020,1.800,99.000
1785589693.114,4.3672,19.2648,-2.4747,1.8000,0.1139,0.0583,20,RACING,2,64.73,0.0220,2.020,1.800,99.000
1785589693.164,4.2969,19.2074,-2.4433,1.8000,0.1132,0.0583,20,RACING,2,64.73,0.0958,2.020,1.800,99.000
1785589693.214,4.2261,19.1492,-2.4150,1.8000,0.1048,0.0481,20,RACING,2,64.98,0.0734,2.058,1.800,99.000
1785589693.264,4.1588,19.0883,-2.3859,1.8000,0.1060,0.0481,20,RACING,2,64.98,0.0395,2.058,1.800,99.000
1785589693.314,4.0950,19.0255,-2.3568,1.8000,0.1063,0.0427,20,RACING,2,64.98,0.1171,2.058,1.800,99.000
1785589693.364,4.0325,18.9612,-2.3301,1.8000,0.0975,0.0427,20,RACING,2,65.23,0.0604,2.089,1.800,99.000
1785589693.414,3.9703,18.8935,-2.3029,1.8000,0.0974,0.0898,20,RACING,2,65.23,0.0549,2.089,1.800,99.000
1785589693.464,3.9114,18.8267,-2.2766,1.8000,0.0973,0.0898,20,RACING,2,65.48,0.1259,2.107,1.800,99.000
1785589693.514,3.8551,18.7580,-2.2523,1.8000,0.0896,0.0250,20,RACING,2,65.48,0.0485,2.107,1.800,99.000
1785589693.564,3.7973,18.6858,-2.2274,1.8000,0.0894,0.0250,20,RACING,2,65.48,0.0706,2.107,1.800,99.000
1785589693.614,3.7407,18.6151,-2.2049,1.8000,0.0835,0.0276,20,RACING,2,65.73,0.1085,2.091,1.800,99.000
1785589693.664,3.6886,18.5424,-2.1819,1.8000,0.0846,0.0276,20,RACING,2,65.73,0.0413,2.091,1.800,99.000
1785589693.714,3.6386,18.4675,-2.1587,1.8000,0.0846,0.0974,20,RACING,2,65.73,0.0865,2.091,1.800,99.000
1785589693.764,3.5879,18.3897,-2.1365,1.8000,0.0785,0.0974,20,RACING,2,65.98,0.0891,2.074,1.800,99.000
1785589693.814,3.5414,18.3148,-2.1155,1.8000,0.0785,0.1665,20,RACING,2,65.98,0.0374,2.074,1.800,99.000
1785589693.864,3.4934,18.2386,-2.0943,1.8000,0.0786,0.1665,20,RACING,2,65.98,0.1039,2.074,1.800,99.000
1785589693.914,3.4508,18.1590,-2.0736,1.8000,0.0747,0.0283,20,RACING,2,66.23,0.0734,2.074,1.800,99.000
1785589693.964,3.4077,18.0804,-2.0536,1.8000,0.0739,0.0283,20,RACING,2,66.23,0.0427,2.074,1.800,99.000
1785589694.014,3.3660,18.0001,-2.0333,1.8000,0.0743,0.0736,20,RACING,2,66.23,0.1199,2.074,1.800,99.000
1785589694.064,3.3265,17.9183,-2.0138,1.8000,0.0706,0.0736,20,RACING,2,66.48,0.0557,2.043,1.800,99.000
1785589694.114,3.2903,17.8382,-1.9949,1.8000,0.0704,0.0811,20,RACING,2,66.48,0.0518,2.043,1.800,99.000
1785589694.164,3.2517,17.7552,-1.9756,1.8000,0.0700,0.0811,20,RACING,2,66.73,0.1212,2.023,1.800,99.000
1785589694.214,3.2164,17.6724,-1.9571,1.8000,0.0680,0.0855,20,RACING,2,66.73,0.0402,2.023,1.800,99.000
1785589694.264,3.1825,17.5894,-1.9386,1.8000,0.0683,0.0855,20,RACING,2,66.73,0.0681,2.023,1.800,99.000
1785589694.314,3.1493,17.5052,-1.9204,1.8000,0.0667,0.1490,20,RACING,2,66.98,0.1026,2.023,1.800,99.000
1785589694.364,3.1166,17.4193,-1.9018,1.8000,0.0673,0.1490,20,RACING,2,66.98,0.0294,2.023,1.800,99.000
1785589694.414,3.0896,17.3342,-1.8832,1.8000,0.0682,0.0830,20,RACING,2,66.98,0.0859,2.023,1.800,99.000
1785589694.464,3.0646,17.2491,-1.8654,1.8000,0.0662,0.0830,20,RACING,2,67.23,0.0832,2.002,1.800,99.000
1785589694.514,3.0403,17.1614,-1.8471,1.8000,0.0656,0.1536,20,RACING,2,67.23,0.0217,2.002,1.800,99.000
1785589694.564,3.0207,17.0749,-1.8295,1.8000,0.0650,0.1536,20,RACING,2,67.23,0.0998,2.002,1.800,99.000
1785589694.614,3.0000,16.9882,-1.8122,1.8000,0.0636,0.1108,20,RACING,2,67.48,0.0631,1.986,1.800,99.000
1785589694.664,2.9810,16.9009,-1.7951,1.8000,0.0630,0.1108,20,RACING,2,67.48,0.0276,1.986,1.800,99.000
1785589694.714,2.9592,16.8113,-1.7777,1.8000,0.0623,0.2441,20,RACING,2,67.48,0.1192,1.986,1.800,99.000
1785589694.765,2.9423,16.7236,-1.7601,1.8000,0.0649,0.2441,20,RACING,2,67.73,0.0422,1.986,1.800,99.000
1785589694.814,2.9284,16.6360,-1.7426,1.8000,0.0646,0.0248,20,RACING,2,67.73,0.0467,1.986,1.800,99.000
1785589694.864,2.9142,16.5471,-1.7246,1.8000,0.0660,0.0248,20,RACING,2,67.98,0.1134,1.984,1.800,99.000
1785589694.914,2.9027,16.4558,-1.7062,1.8000,0.0659,0.1087,20,RACING,2,67.98,0.0217,1.984,1.800,99.000
1785589694.964,2.8909,16.3692,-1.6889,1.8000,0.0651,0.1087,20,RACING,2,67.98,0.0663,1.984,1.800,99.000
1785589695.014,2.8816,16.2779,-1.6698,1.8000,0.0685,0.1190,20,RACING,2,68.23,0.0921,1.984,1.800,99.000
1785589695.064,2.8725,16.1900,-1.6516,1.8000,0.0682,0.1190,20,RACING,2,68.23,0.0069,1.984,1.800,99.000
1785589695.114,2.8655,16.0998,-1.6327,1.8000,0.0688,0.0753,20,RACING,2,68.23,0.0873,1.984,1.800,99.000
1785589695.164,2.8619,16.0097,-1.6130,1.8000,0.0722,0.0753,20,RACING,2,68.48,0.0730,1.984,1.800,99.000
1785589695.214,2.8571,15.9193,-1.5933,1.8000,0.0718,0.1156,20,RACING,2,68.48,0.0195,1.984,1.800,99.000
1785589695.264,2.8552,15.8295,-1.5734,1.8000,0.0726,0.1156,20,RACING,2,68.48,0.1082,1.984,1.800,99.000
1785589695.314,2.8565,15.7378,-1.5522,1.8000,0.0764,0.0321,20,RACING,2,68.73,0.0507,1.984,1.800,99.000
1785589695.364,2.8621,15.6496,-1.5317,1.8000,0.0762,0.0321,20,RACING,2,68.73,0.0404,1.984,1.800,99.000
1785589695.414,2.8630,15.5594,-1.5112,1.8000,0.0749,0.0350,20,RACING,2,68.98,0.1213,1.984,1.800,99.000
1785589695.464,2.8669,15.4702,-1.4894,1.8000,0.0804,0.0350,20,RACING,2,68.98,0.0326,1.984,1.800,99.000
1785589695.514,2.8756,15.3793,-1.4669,1.8000,0.0813,0.0390,20,RACING,2,68.98,0.0604,1.984,1.800,99.000
1785589695.564,2.8843,15.2906,-1.4440,1.8000,0.0842,0.0390,20,RACING,2,69.23,0.1010,1.984,1.800,99.000
1785589695.614,2.8964,15.2021,-1.4210,1.8000,0.0847,0.0313,20,RACING,2,69.23,0.0139,1.984,1.800,99.000
1785589695.664,2.9099,15.1126,-1.3976,1.8000,0.0848,0.0313,20,RACING,2,69.23,0.0796,1.984,1.800,99.000
1785589695.714,2.9251,15.0249,-1.3736,1.8000,0.0883,0.0588,20,RACING,2,69.48,0.0817,1.984,1.800,99.000
1785589695.764,2.9435,14.9367,-1.3493,1.8000,0.0887,0.0588,20,RACING,2,69.48,0.0114,1.984,1.800,99.000
1785589695.814,2.9630,14.8491,-1.3250,1.8000,0.0888,0.0269,20,RACING,2,69.48,0.0988,1.984,1.800,99.000
1785589695.864,2.9845,14.7628,-1.3000,1.8000,0.0920,0.0269,20,RACING,2,69.73,0.0624,1.984,1.800,99.000
1785589695.914,3.0078,14.6761,-1.2747,1.8000,0.0925,0.0827,20,RACING,2,69.73,0.0281,1.984,1.800,99.000
1785589695.964,3.0364,14.5902,-1.2492,1.8000,0.0931,0.0827,20,RACING,2,69.73,0.1184,1.984,1.800,99.000
1785589696.014,3.0664,14.5051,-1.2232,1.8000,0.0950,0.0956,20,RACING,2,69.98,0.0418,1.984,1.800,99.000
1785589696.064,3.0983,14.4210,-1.1972,1.8000,0.0949,0.0956,20,RACING,2,69.98,0.0496,1.984,1.800,99.000
1785589696.114,3.1316,14.3381,-1.1708,1.8000,0.0969,0.1327,20,RACING,2,70.23,0.1116,1.984,1.800,99.000
1785589696.164,3.1691,14.2549,-1.1441,1.8000,0.0970,0.1327,20,RACING,2,70.23,0.0221,1.984,1.800,99.000
1785589696.242,3.1691,14.2549,-1.1441,1.8000,0.0967,0.1327,20,RACING,2,70.23,0.0221,1.984,1.800,99.000
1785589696.594,3.1691,14.2549,-1.1441,1.8000,0.0967,0.1327,20,RACING,2,70.23,0.0221,1.984,1.800,99.000
1785589696.645,3.1691,14.2549,-1.1441,1.8000,0.0967,0.1327,20,RACING,2,70.23,0.0221,1.984,1.800,99.000
1785589696.694,3.1691,14.2549,-1.1441,1.8000,0.0967,0.1327,20,RACING,2,70.23,0.0221,1.984,1.800,99.000
1785589696.744,3.1691,14.2549,-1.1441,1.8000,0.0967,0.0881,20,RACING,2,70.23,0.0221,1.984,1.800,99.000
1785589696.793,3.7274,13.3982,-0.8423,1.8000,0.0933,0.1844,20,RACING,2,71.23,0.0103,2.006,1.800,2.328
1785589696.843,3.8576,13.2631,-0.7883,1.8000,0.0849,0.0483,20,RACING,2,71.48,0.0528,2.030,1.800,99.000
1785589696.893,3.9205,13.2038,-0.7664,1.8000,0.0844,0.0483,20,RACING,2,71.48,0.0339,2.030,1.800,99.000
1785589696.944,3.9845,13.1418,-0.7433,1.8000,0.0774,0.2306,20,RACING,2,71.48,0.1227,2.030,1.800,99.000
1785589696.993,4.0538,13.0782,-0.7209,1.8000,0.0776,0.2306,20,RACING,2,71.73,0.0335,2.069,1.800,99.000
1785589697.043,4.1169,13.0228,-0.7009,1.8000,0.0698,0.0650,20,RACING,2,71.73,0.0511,2.069,1.800,99.000
1785589697.094,4.1837,12.9660,-0.6820,1.8000,0.0701,0.0650,20,RACING,2,71.98,0.1129,1.949,1.800,99.000
1785589697.144,4.2537,12.9101,-0.6629,1.8000,0.0701,0.0328,20,RACING,2,71.98,0.0273,1.949,1.800,99.000
1785589697.193,4.3283,12.8553,-0.6437,1.8000,0.0605,0.0328,20,RACING,2,71.98,0.0714,1.949,1.800,99.000
1785589697.243,4.4017,12.8017,-0.6271,1.7909,0.0605,0.0837,20,RACING,2,72.23,0.0921,1.791,1.800,99.000
1785589697.294,4.4766,12.7492,-0.6106,1.7909,0.0603,0.0837,20,RACING,2,72.23,0.0212,1.791,1.800,99.000
1785589697.344,4.5491,12.6988,-0.5943,1.7909,0.0506,0.1231,20,RACING,2,72.23,0.0925,1.791,1.800,99.000
1785589697.394,4.6292,12.6486,-0.5804,1.6409,0.0499,0.1231,20,RACING,2,72.48,0.0710,1.534,1.800,99.000
1785589697.443,4.6991,12.6031,-0.5677,1.5343,0.0500,0.0713,20,RACING,2,72.48,0.0315,1.534,1.800,99.000
1785589697.493,4.7601,12.5635,-0.5564,1.5343,0.0403,0.0713,20,RACING,2,72.48,0.0938,1.534,1.800,99.000
1785589697.543,4.8246,12.5233,-0.5470,1.3843,0.0404,0.0317,20,RACING,2,72.73,0.0914,1.373,1.800,99.000
1785589697.593,4.8891,12.4859,-0.5382,1.3729,0.0401,0.0317,20,RACING,2,72.73,0.0341,1.373,1.800,99.000
1785589697.643,4.9484,12.4521,-0.5301,1.3729,0.0300,0.1781,20,RACING,2,72.73,0.0656,1.373,1.800,99.000
1785589697.693,5.0090,12.4174,-0.5238,1.3729,0.0299,0.1781,20,RACING,2,72.98,0.1280,1.373,1.800,99.000
1785589697.744,5.0682,12.3835,-0.5176,1.3729,0.0299,0.0733,20,RACING,2,72.98,0.0653,1.373,1.800,99.000
1785589697.793,5.1307,12.3488,-0.5112,1.3729,0.0297,0.0733,20,RACING,2,72.98,0.0386,1.373,1.800,99.000
1785589697.843,5.1922,12.3160,-0.5052,1.3729,0.0189,0.1650,20,RACING,2,72.98,0.0924,1.373,1.800,99.000
1785589697.893,5.2522,12.2832,-0.5013,1.3729,0.0188,0.1650,20,RACING,2,73.23,0.1028,1.373,1.800,99.000
1785589697.943,5.3127,12.2504,-0.4974,1.3729,0.0188,0.0577,20,RACING,2,73.23,0.0456,1.373,1.800,99.000
1785589697.994,5.3719,12.2173,-0.4934,1.3729,0.0191,0.0577,20,RACING,2,73.23,0.0554,1.373,1.800,99.000
1785589698.043,5.4339,12.1848,-0.4894,1.3729,0.0074,0.0293,20,RACING,2,73.23,0.1165,1.373,1.800,99.000
1785589698.093,5.4964,12.1526,-0.4894,1.3729,0.0079,0.0293,20,RACING,2,73.48,0.0795,1.373,1.800,99.000
1785589698.143,5.5547,12.1208,-0.4894,1.3729,0.0090,0.1307,20,RACING,2,73.48,0.0396,1.373,1.800,99.000
1785589698.193,5.6163,12.0879,-0.4894,1.3729,-0.0024,0.1307,20,RACING,2,73.48,0.0778,1.373,1.800,99.000
1785589698.243,5.6762,12.0562,-0.4894,1.3729,-0.0027,0.0969,20,RACING,2,73.73,0.1229,1.373,1.800,99.000
1785589698.293,5.7387,12.0238,-0.4894,1.3729,-0.0033,0.0969,20,RACING,2,73.73,0.0613,1.373,1.800,99.000
1785589698.343,5.7988,11.9917,-0.4894,1.3729,-0.0036,0.0404,20,RACING,2,73.73,0.0479,1.373,1.800,99.000
1785589698.394,5.8605,11.9592,-0.4894,1.3729,-0.0193,0.0404,20,RACING,2,73.73,0.1018,1.373,1.800,99.000
1785589698.443,5.9218,11.9269,-0.4934,1.3729,-0.0195,0.2162,20,RACING,2,73.98,0.0978,1.373,1.800,99.000
1785589698.493,5.9839,11.8942,-0.4975,1.3729,-0.0198,0.2162,20,RACING,2,73.98,0.0463,1.373,1.800,99.000
1785589698.544,6.0430,11.8615,-0.5016,1.3729,-0.0378,0.0362,20,RACING,2,73.98,0.0666,1.373,1.800,99.000
1785589698.593,6.1017,11.8281,-0.5095,1.3729,-0.0375,0.0362,20,RACING,2,73.98,0.1262,1.373,1.800,99.000
1785589698.643,6.1607,11.7945,-0.5173,1.3729,-0.0373,0.0540,20,RACING,2,74.23,0.0797,1.373,1.800,99.000
1785589698.694,6.2223,11.7602,-0.5251,1.3729,-0.0378,0.0540,20,RACING,2,74.23,0.0484,1.373,1.800,99.000
1785589698.744,6.2826,11.7256,-0.5329,1.3729,-0.0640,0.1054,20,RACING,2,74.23,0.0906,1.373,1.800,99.000
1785589698.793,6.3415,11.6902,-0.5463,1.3729,-0.0640,0.1054,20,RACING,2,74.48,0.1158,1.373,1.800,99.000
1785589698.843,6.3993,11.6536,-0.5598,1.3729,-0.0635,0.0248,20,RACING,2,74.48,0.0644,1.373,1.800,99.000
1785589698.893,6.4577,11.6175,-0.5727,1.3729,-0.0978,0.0248,20,RACING,2,74.48,0.0644,1.373,1.800,99.000
1785589698.944,6.5139,11.5797,-0.5932,1.3729,-0.1010,0.0576,20,RACING,2,74.48,0.1169,1.373,1.800,2.103
1785589698.993,6.5739,11.5398,-0.6148,1.3729,-0.1013,0.0576,20,RACING,2,74.73,0.0967,1.373,1.800,2.103
1785589699.043,6.6277,11.5006,-0.6354,1.3729,-0.0972,0.0335,20,RACING,2,74.73,0.0657,1.373,1.800,2.439
1785589699.093,6.6805,11.4591,-0.6558,1.3729,-0.1376,0.0335,20,RACING,2,74.73,0.0924,1.373,1.800,2.439
1785589699.143,6.7341,11.4165,-0.6844,1.3729,-0.1376,0.0276,20,RACING,2,74.98,0.1417,1.373,1.800,2.393
1785589699.193,6.7852,11.3717,-0.7137,1.3729,-0.1367,0.0276,20,RACING,2,74.98,0.0977,1.373,1.800,2.393
1785589699.243,6.8383,11.3262,-0.7420,1.3729,-0.1754,0.0558,20,RACING,2,74.98,0.0906,1.373,1.800,2.165
1785589699.293,6.8872,11.2786,-0.7790,1.3729,-0.1751,0.0558,20,RACING,2,74.98,0.1307,1.373,1.800,2.165
1785589699.343,6.9366,11.2292,-0.8158,1.3729,-0.1760,0.1008,20,RACING,2,75.23,0.1341,1.373,1.800,2.130
1785589699.394,6.9821,11.1783,-0.8527,1.3729,-0.2036,0.1008,20,RACING,2,75.23,0.1129,1.373,1.800,2.130
1785589699.443,7.0251,11.1261,-0.8955,1.3729,-0.2081,0.0761,20,RACING,2,75.23,0.1319,1.373,1.800,2.053
1785589699.494,7.0673,11.0709,-0.9401,1.3729,-0.2075,0.0761,20,RACING,2,75.48,0.1739,1.373,1.800,2.053
1785589699.544,7.1045,11.0151,-0.9832,1.3729,-0.2230,0.0568,20,RACING,2,75.48,0.1472,1.373,1.800,2.033
1785589699.593,7.1435,10.9564,-1.0307,1.3729,-0.2232,0.0568,20,RACING,2,75.48,0.1496,1.373,1.800,2.033
1785589699.643,7.1766,10.8961,-1.0784,1.3729,-0.2245,0.1083,20,RACING,2,75.48,0.1852,1.373,1.800,1.994
1785589699.693,7.2086,10.8352,-1.1257,1.3729,-0.2280,0.1083,20,RACING,2,75.73,0.1704,1.373,1.800,1.994
1785589699.743,7.2345,10.7729,-1.1734,1.3729,-0.2258,0.0255,20,RACING,2,75.73,0.1674,1.373,1.800,2.012
1785589699.797,7.2578,10.7087,-1.2215,1.3729,-0.2246,0.0255,20,RACING,2,75.73,0.1931,1.373,1.800,2.012
1785589699.843,7.2792,10.6430,-1.2695,1.4002,-0.2165,0.1239,20,RACING,2,75.98,0.1768,1.400,1.800,2.172
1785589699.893,7.2972,10.5767,-1.3155,1.4002,-0.2114,0.1239,20,RACING,2,75.98,0.1648,1.400,1.800,2.172
1785589699.943,7.3125,10.5089,-1.3609,1.4002,-0.2188,0.0560,20,RACING,2,75.98,0.1831,1.400,1.800,2.008
1785589699.993,7.3270,10.4392,-1.4086,1.5123,-0.2184,0.0560,30,RACING,2,76.23,0.1572,1.512,2.500,2.008
1785589700.043,7.3405,10.3636,-1.4600,1.5123,-0.2100,0.1341,30,RACING,2,76.23,0.1305,1.512,2.500,1.963
1785589700.093,7.3448,10.2891,-1.5083,1.5123,-0.2085,0.1341,30,RACING,2,76.23,0.1522,1.512,2.500,1.963
1785589700.143,7.3488,10.2137,-1.5567,1.6373,-0.2004,0.0298,30,RACING,2,76.48,0.1207,1.671,2.500,2.070
1785589700.193,7.3481,10.1327,-1.6065,1.6709,-0.1999,0.0298,30,RACING,2,76.48,0.0858,1.671,2.500,2.070
1785589700.244,7.3432,10.0490,-1.6579,1.6709,-0.1999,0.0344,30,RACING,2,76.48,0.1202,1.671,2.500,1.879
1785589700.294,7.3321,9.9660,-1.7093,1.7959,-0.1936,0.0344,30,RACING,2,76.73,0.0814,1.851,2.500,1.879
1785589700.344,7.3159,9.8777,-1.7626,1.6879,-0.2058,0.0258,30,RACING,2,76.73,0.0456,1.851,2.500,1.688
1785589700.393,7.2982,9.7954,-1.8160,1.6879,-0.1871,0.0258,30,RACING,2,76.73,0.1124,1.851,2.500,1.688
1785589700.443,7.2741,9.7132,-1.8649,1.8129,-0.1411,0.1048,30,RACING,2,76.98,0.0546,2.009,2.500,99.000
1785589700.493,7.2435,9.6277,-1.9036,1.9379,-0.1403,0.1048,30,RACING,2,76.98,0.0366,2.009,2.500,99.000
1785589700.543,7.2127,9.5364,-1.9451,2.0629,-0.1221,0.1254,30,RACING,2,77.23,0.1197,2.102,2.500,99.000
1785589700.594,7.1729,9.4412,-1.9835,2.1018,-0.1220,0.1254,30,RACING,2,77.23,0.0314,2.102,2.500,99.000
1785589700.643,7.1292,9.3450,-2.0229,2.1018,-0.1040,0.1482,30,RACING,2,77.23,0.0961,2.102,2.500,99.000
1785589700.694,7.0838,9.2518,-2.0559,2.1724,-0.1044,0.1482,30,RACING,2,77.48,0.0777,2.172,2.500,99.000
1785589700.744,7.0320,9.1573,-2.0901,2.1724,-0.1045,0.0421,30,RACING,2,77.48,0.0738,2.172,2.500,99.000
1785589700.794,6.9763,9.0639,-2.1247,2.2336,-0.0849,0.0421,30,RACING,2,77.73,0.1157,2.234,2.500,99.000
1785589700.843,6.9154,8.9700,-2.1535,2.2336,-0.0846,0.0243,30,RACING,2,77.73,0.0697,2.234,2.500,99.000
1785589700.894,6.8539,8.8777,-2.1822,2.2336,-0.0682,0.0243,30,RACING,2,77.73,0.1447,2.234,2.500,99.000
1785589700.944,6.7856,8.7864,-2.2055,2.2869,-0.0675,0.0523,30,RACING,2,77.98,0.0744,2.287,2.500,99.000
1785589700.994,6.7208,8.6950,-2.2289,2.2869,-0.0541,0.0523,30,RACING,2,77.98,0.1258,2.287,2.500,99.000
1785589701.043,6.6477,8.6043,-2.2478,2.3393,-0.0537,0.1122,30,RACING,2,78.23,0.0855,2.339,2.500,99.000
1785589701.094,6.5735,8.5142,-2.2669,2.3393,-0.0415,0.1122,30,RACING,2,78.23,0.1108,2.339,2.500,99.000
1785589701.144,6.5011,8.4263,-2.2813,2.3517,-0.0420,0.0623,30,RACING,2,78.48,0.0961,2.352,2.500,99.000
1785589701.193,6.4222,8.3378,-2.2963,2.3517,-0.0314,0.0623,30,RACING,2,78.48,0.0959,2.352,2.500,99.000
1785589701.243,6.3445,8.2502,-2.3075,2.3714,-0.0316,0.0414,30,RACING,2,78.73,0.1028,2.371,2.500,99.000
1785589701.293,6.2609,8.1619,-2.3190,2.3714,-0.0308,0.0414,30,RACING,2,78.73,0.0831,2.371,2.500,99.000
1785589701.343,6.1796,8.0762,-2.3300,2.3533,-0.0209,0.1392,30,RACING,2,78.98,0.1057,2.353,2.500,99.000
1785589701.393,6.0986,7.9902,-2.3375,2.3533,-0.0212,0.1392,30,RACING,2,78.98,0.0696,2.353,2.500,99.000
1785589701.443,6.0174,7.9057,-2.3451,2.3151,-0.0137,0.0649,30,RACING,2,79.23,0.1153,2.315,2.500,99.000
1785589701.493,5.9376,7.8236,-2.3498,2.3151,-0.0140,0.0649,30,RACING,2,79.23,0.0565,2.315,2.500,99.000
1785589701.544,5.8569,7.7418,-2.3547,2.2530,-0.0080,0.1377,30,RACING,2,79.48,0.1313,2.253,2.500,99.000
1785589701.593,5.7757,7.6626,-2.3547,2.2530,-0.0089,0.1377,30,RACING,2,79.48,0.0466,2.253,2.500,99.000
1785589701.643,5.6959,7.5815,-2.3547,2.2530,-0.0059,0.0865,30,RACING,2,79.48,0.1144,2.253,2.500,99.000
1785589701.693,5.6167,7.5030,-2.3547,2.1668,-0.0067,0.0865,30,RACING,2,79.73,0.0517,2.167,2.500,99.000
1785589701.744,5.5374,7.4255,-2.3547,2.1668,-0.0031,0.0237,30,RACING,2,79.73,0.0858,2.167,2.500,99.000
1785589701.794,5.4608,7.3469,-2.3547,2.0655,-0.0040,0.0237,30,RACING,2,79.98,0.0715,2.066,2.500,99.000
1785589701.843,5.3902,7.2763,-2.3547,2.0655,-0.0047,0.0837,30,RACING,2,79.98,0.0497,2.066,2.500,99.000
1785589701.893,5.3165,7.2030,-2.3547,1.9175,-0.0008,0.0837,30,RACING,2,80.23,0.1130,1.917,2.500,99.000
1785589701.944,5.2498,7.1347,-2.3547,1.9175,-0.0014,0.1458,30,RACING,2,80.23,0.0328,1.917,2.500,99.000
1785589701.993,5.1788,7.0639,-2.3547,1.9175,0.0024,0.1458,30,RACING,2,80.23,0.0914,1.917,2.500,99.000
1785589702.043,5.1114,6.9974,-2.3547,1.7675,0.0030,0.0909,30,RACING,2,80.48,0.0731,1.669,2.500,99.000
1785589702.093,5.0514,6.9348,-2.3547,1.6687,0.0027,0.0909,30,RACING,2,80.48,0.0319,1.669,2.500,99.000
1785589702.143,4.9948,6.8765,-2.3547,1.6687,0.0064,0.0467,30,RACING,2,80.48,0.1028,1.669,2.500,99.000
1785589702.194,4.9349,6.8173,-2.3547,1.5187,0.0075,0.0467,30,RACING,2,80.73,0.0704,1.337,2.500,99.000
1785589702.244,4.8720,6.7529,-2.3547,1.3687,0.0075,0.2022,30,RACING,2,80.73,0.0333,1.337,2.500,99.000
1785589702.617,4.8720,6.7529,-2.3547,1.3687,0.0075,0.2022,30,RACING,2,80.73,0.0333,1.337,2.500,99.000
1785589702.628,4.8720,6.7529,-2.3547,1.3687,0.0075,0.2022,30,RACING,2,80.73,0.0333,1.337,2.500,99.000
1785589702.673,4.5015,6.3814,-2.3547,1.1872,0.0280,0.0602,30,RACING,2,81.23,0.0499,1.091,2.500,99.000
1785589702.724,4.4104,6.2923,-2.3496,1.0914,0.0332,0.0602,30,RACING,2,81.48,0.0743,1.091,2.500,99.000
1785589702.773,4.3732,6.2535,-2.3441,1.0914,0.0329,0.0684,30,RACING,2,81.48,0.0211,1.091,2.500,99.000
1785589702.823,4.3338,6.2132,-2.3385,1.0914,0.0330,0.0684,30,RACING,2,81.48,0.0362,1.091,2.500,99.000
1785589702.874,4.2961,6.1749,-2.3332,1.0914,0.0352,0.0633,30,RACING,2,81.48,0.0897,1.091,2.500,99.000
1785589702.923,4.2590,6.1351,-2.3274,1.0914,0.0350,0.0633,30,RACING,2,81.73,0.1059,1.091,2.500,99.000
1785589702.973,4.2209,6.0950,-2.3215,1.0914,0.0351,0.0963,30,RACING,2,81.73,0.0506,1.091,2.500,99.000
1785589703.024,4.1834,6.0554,-2.3158,1.0914,0.0354,0.0963,30,RACING,2,81.73,0.0040,1.091,2.500,99.000
1785589703.074,4.1458,6.0146,-2.3098,1.0914,0.0393,0.1922,30,RACING,2,81.73,0.0594,1.091,2.500,99.000
1785589703.123,4.1099,5.9748,-2.3034,1.0914,0.0393,0.1922,30,RACING,2,81.73,0.1130,1.091,2.500,99.000
1785589703.173,4.0719,5.9335,-2.2968,1.0914,0.0396,0.0537,30,RACING,2,81.98,0.0809,1.091,2.500,99.000
1785589703.231,4.0719,5.9335,-2.2968,1.0914,0.0395,0.0537,30,RACING,2,81.98,0.0809,1.091,2.500,99.000
1785589703.275,4.0359,5.8921,-2.2902,1.0914,0.0395,0.0537,30,RACING,2,81.98,0.0261,1.091,2.500,99.000
1785589703.324,3.9578,5.8006,-2.2757,1.0914,0.0471,0.0853,30,RACING,2,81.98,0.0943,1.091,2.500,99.000
1785589703.373,3.9310,5.7684,-2.2697,1.0914,0.0472,0.0499,30,RACING,2,82.23,0.1138,1.091,2.500,99.000
1785589703.423,3.8979,5.7261,-2.2618,1.0914,0.0464,0.0499,30,RACING,2,82.23,0.0602,1.091,2.500,99.000
1785589703.473,3.8632,5.6836,-2.2541,1.0914,0.0464,0.0258,30,RACING,2,82.23,0.0067,1.091,2.500,99.000
1785589703.523,3.8298,5.6419,-2.2465,1.0914,0.0605,0.0258,30,RACING,2,82.23,0.0484,1.091,2.500,99.000
1785589703.573,3.7967,5.5996,-2.2366,1.0914,0.0604,0.0278,30,RACING,2,82.23,0.1020,1.091,2.500,99.000
1785589703.623,3.7625,5.5559,-2.2265,1.0914,0.0605,0.0278,30,RACING,2,82.48,0.0929,1.091,2.500,99.000
1785589703.673,3.7307,5.5130,-2.2166,1.0914,0.0601,0.0684,30,RACING,2,82.48,0.0405,1.091,2.500,99.000
1785589703.723,3.6981,5.4692,-2.2067,1.0914,0.0601,0.0684,30,RACING,2,82.48,0.0198,1.091,2.500,99.000
1785589703.773,3.6654,5.4248,-2.1966,1.0914,0.0874,0.1443,30,RACING,2,82.48,0.0720,1.091,2.500,2.472
1785589703.823,3.6335,5.3803,-2.1821,1.0914,0.0875,0.1443,30,RACING,2,82.73,0.1254,1.091,2.500,2.472
1785589703.873,3.6050,5.3355,-2.1677,1.0914,0.0866,0.0880,30,RACING,2,82.73,0.0742,1.091,2.500,2.359
1785589703.923,3.5734,5.2905,-2.1534,1.0914,0.0872,0.0880,30,RACING,2,82.73,0.0277,1.091,2.500,2.359
1785589703.973,3.5438,5.2443,-2.1388,1.0914,0.1090,0.1730,30,RACING,2,82.73,0.0464,1.091,2.500,2.421
1785589704.025,3.5152,5.1985,-2.1209,1.0914,0.1089,0.1730,30,RACING,2,82.73,0.0972,1.091,2.500,2.421
1785589704.073,3.4869,5.1516,-2.1027,1.0914,0.1611,0.0236,30,RACING,2,82.98,0.1070,1.091,2.500,2.181
1785589704.123,3.4589,5.1041,-2.0759,1.0914,0.1615,0.0236,30,RACING,2,82.98,0.0594,1.091,2.500,2.181
1785589704.173,3.4321,5.0553,-2.0484,1.0914,0.1617,0.1708,30,RACING,2,82.98,0.0426,1.091,2.500,2.163
1785589704.223,3.4071,5.0064,-2.0214,1.0914,0.2144,0.1708,30,RACING,2,82.98,0.0797,1.091,2.500,2.163
1785589704.273,3.3830,4.9568,-1.9854,1.0914,0.2148,0.1184,30,RACING,2,82.98,0.1306,1.091,2.500,2.140
1785589704.323,3.3647,4.9076,-1.9502,1.0914,0.2139,0.1184,30,RACING,2,83.23,0.0990,1.091,2.500,2.140
1785589704.373,3.3449,4.8563,-1.9140,1.0914,0.2594,0.1314,30,RACING,2,83.23,0.0747,1.091,2.500,2.028
1785589704.423,3.3264,4.8034,-1.8693,1.0914,0.2594,0.1314,30,RACING,2,83.23,0.0881,1.091,2.500,2.028
1785589704.473,3.3126,4.7520,-1.8264,1.0914,0.2627,0.1603,30,RACING,2,83.23,0.1273,1.091,2.500,1.933
1785589704.524,3.3007,4.6990,-1.7821,1.0914,0.2619,0.1603,30,RACING,2,83.48,0.1476,1.091,2.500,1.933
1785589704.573,3.2886,4.6442,-1.7366,1.0914,0.2859,0.0404,30,RACING,2,83.48,0.1266,1.091,2.500,1.897
1785589704.623,3.2800,4.5914,-1.6885,1.0914,0.2855,0.0404,30,RACING,2,83.48,0.1309,1.091,2.500,1.897
1785589704.673,3.2754,4.5379,-1.6406,1.0914,0.2856,0.0524,30,RACING,2,83.48,0.1582,1.091,2.500,1.874
1785589704.723,3.2723,4.4835,-1.5921,1.0914,0.2913,0.0524,30,RACING,2,83.48,0.1983,1.091,2.500,1.874
1785589704.773,3.2709,4.4284,-1.5422,1.0914,0.2920,0.1165,30,RACING,2,83.73,0.1856,1.091,2.500,1.839
1785589704.824,3.2740,4.3739,-1.4929,1.0914,0.2917,0.1165,30,RACING,2,83.73,0.1914,1.091,2.500,1.839
1785589704.873,3.2794,4.3194,-1.4431,1.0914,0.2933,0.0466,30,RACING,2,83.73,0.2137,1.091,2.500,1.763
1785589704.923,3.2868,4.2655,-1.3934,1.0914,0.2928,0.0466,30,RACING,2,83.98,0.2387,1.091,2.500,1.763
1785589704.973,3.2986,4.2116,-1.3431,1.0914,0.2861,0.0339,30,RACING,2,83.98,0.2322,1.091,2.500,1.759
1785589705.023,3.3114,4.1574,-1.2932,1.0914,0.2855,0.0339,30,RACING,2,83.98,0.2397,1.091,2.500,1.759
1785589705.073,3.3253,4.1069,-1.2460,1.0914,0.2731,0.1020,30,RACING,3,0.00,0.2363,1.091,2.500,99.000
1785589705.124,3.3432,4.0558,-1.1998,1.0914,0.2731,0.1020,30,RACING,3,0.00,0.2447,1.091,2.500,99.000
1785589705.173,3.3633,4.0045,-1.1527,1.2164,0.2780,0.1377,30,RACING,3,0.25,0.2237,1.254,2.500,1.980
1785589705.223,3.3879,3.9508,-1.1012,1.2544,0.2602,0.1377,30,RACING,3,0.25,0.2026,1.254,2.500,1.980
1785589705.273,3.4165,3.8955,-1.0504,1.2544,0.2690,0.0443,30,RACING,3,0.25,0.2008,1.254,2.500,1.750
1785589705.323,3.4467,3.8419,-0.9978,1.3794,0.2678,0.0443,30,RACING,3,0.50,0.1798,1.563,2.500,1.750
1785589705.373,3.4833,3.7851,-0.9406,1.5044,0.2740,0.0260,30,RACING,3,0.50,0.1373,1.563,2.500,1.570
1785589705.424,3.5302,3.7261,-0.8769,1.5634,0.2539,0.0260,30,RACING,3,0.50,0.1282,1.563,2.500,1.570
1785589705.474,3.5799,3.6685,-0.8165,1.6884,0.2343,0.0900,30,RACING,3,0.75,0.1380,1.822,2.500,1.875
1785589705.524,3.6392,3.6096,-0.7563,1.8134,0.2328,0.0900,30,RACING,3,0.75,0.0675,1.822,2.500,1.875
1785589705.573,3.7084,3.5490,-0.6904,1.8220,0.1960,0.0218,30,RACING,3,0.75,0.0731,1.822,2.500,2.040
1785589705.624,3.7781,3.4939,-0.6363,1.9470,0.1950,0.0218,30,RACING,3,1.00,0.1001,1.989,2.500,2.040
1785589705.673,3.8521,3.4388,-0.5782,1.9886,0.1868,0.0805,30,RACING,3,1.00,0.0166,1.989,2.500,2.242
1785589705.723,3.9397,3.3869,-0.5215,1.9886,0.1591,0.0805,30,RACING,3,1.00,0.0947,1.989,2.500,2.242
1785589705.773,4.0270,3.3395,-0.4732,2.1127,0.1591,0.1598,30,RACING,3,1.25,0.0837,2.113,2.500,2.381
1785589705.824,4.1214,3.2942,-0.4221,2.1127,0.1590,0.1598,30,RACING,3,1.25,0.0784,2.113,2.500,2.381
1785589705.873,4.2209,3.2530,-0.3707,2.1837,0.1300,0.0788,30,RACING,3,1.50,0.1374,2.184,2.500,99.000
1785589705.923,4.3246,3.2157,-0.3275,2.1837,0.1300,0.0788,30,RACING,3,1.50,0.0953,2.184,2.500,99.000
1785589705.973,4.4248,3.1831,-0.2843,2.1837,0.1041,0.0604,30,RACING,3,1.50,0.1477,2.184,2.500,99.000
1785589706.023,4.5295,3.1541,-0.2495,2.2550,0.1041,0.0604,30,RACING,3,1.75,0.1198,2.255,2.500,99.000
1785589706.073,4.6348,3.1282,-0.2138,2.2550,0.0822,0.0206,30,RACING,3,1.75,0.1358,2.255,2.500,99.000
1785589706.123,4.7423,3.1059,-0.1858,2.3058,0.0821,0.0206,30,RACING,3,2.00,0.1438,2.306,2.500,99.000
1785589706.173,4.8556,3.0862,-0.1568,2.3058,0.0820,0.3494,30,RACING,3,2.00,0.1288,2.306,2.500,99.000
1785589706.223,4.9738,3.0697,-0.1279,2.3195,0.0609,0.3494,30,RACING,3,2.25,0.1547,2.320,2.500,99.000
1785589706.274,5.0880,3.0563,-0.1065,2.3195,0.0609,0.1651,30,RACING,3,2.25,0.1211,2.320,2.500,99.000
1785589706.323,5.2023,3.0452,-0.0851,2.3524,0.0440,0.1651,30,RACING,3,2.50,0.1655,2.352,2.500,99.000
1785589706.373,5.3199,3.0360,-0.0693,2.3524,0.0440,0.0972,30,RACING,3,2.50,0.1116,2.352,2.500,99.000
1785589706.423,5.4391,3.0288,-0.0537,2.3524,0.0310,0.0972,30,RACING,3,2.50,0.1587,2.352,2.500,99.000
1785589706.473,5.5564,3.0231,-0.0425,2.3872,0.0309,0.1948,30,RACING,3,2.75,0.1013,2.387,2.500,99.000
1785589706.523,5.6715,3.0188,-0.0316,2.3872,0.0210,0.1948,30,RACING,3,2.75,0.1363,2.387,2.500,99.000
1785589706.573,5.7959,3.0154,-0.0239,2.3963,0.0211,0.0792,30,RACING,3,3.00,0.0911,2.396,2.500,99.000
1785589706.623,5.9114,3.0130,-0.0164,2.3963,0.0138,0.0792,30,RACING,3,3.00,0.1184,2.396,2.500,99.000
1785589706.673,6.0299,3.0113,-0.0113,2.4006,0.0138,0.2576,30,RACING,3,3.25,0.0863,2.401,2.500,99.000
1785589706.723,6.1500,3.0103,-0.0063,2.4006,0.0086,0.2576,30,RACING,3,3.25,0.0999,2.401,2.500,99.000
1785589706.773,6.2771,3.0095,-0.0063,2.4084,0.0104,0.0363,30,RACING,3,3.50,0.0777,2.408,2.500,99.000
1785589706.823,6.3978,3.0090,-0.0028,2.4084,0.0066,0.0363,30,RACING,3,3.50,0.0894,2.408,2.500,99.000
1785589706.874,6.5183,3.0086,-0.0028,2.4212,0.0079,0.1298,30,RACING,3,3.75,0.0763,2.421,2.500,99.000
1785589706.923,6.6400,3.0083,-0.0028,2.4212,0.0064,0.1298,30,RACING,3,3.75,0.0764,2.421,2.500,99.000
1785589706.973,6.7639,3.0080,-0.0028,2.4350,0.0076,0.0676,30,RACING,3,4.00,0.0750,2.435,2.500,99.000
1785589707.023,6.8873,3.0076,-0.0028,2.4350,0.0065,0.0676,30,RACING,3,4.00,0.0691,2.435,2.500,99.000
1785589707.073,7.0087,3.0073,-0.0028,2.4453,0.0078,0.1034,30,RACING,3,4.25,0.0764,2.445,2.500,99.000
1785589707.123,7.1303,3.0070,-0.0028,2.4453,0.0070,0.1034,30,RACING,3,4.25,0.0596,2.445,2.500,99.000
1785589707.173,7.2553,3.0066,-0.0028,2.4516,0.0084,0.0491,30,RACING,3,4.50,0.0778,2.452,2.500,99.000
1785589707.224,7.3756,3.0063,-0.0028,2.4516,0.0102,0.0491,30,RACING,3,4.50,0.0532,2.452,2.500,99.000
1785589707.274,7.5011,3.0062,0.0010,2.4541,0.0074,0.0369,30,RACING,3,4.75,0.0807,2.454,2.500,99.000
1785589707.323,7.6265,3.0063,0.0010,2.4541,0.0091,0.0369,30,RACING,3,4.75,0.0523,2.454,2.500,99.000
1785589707.373,7.7475,3.0064,0.0010,2.4560,0.0085,0.2598,30,RACING,3,5.00,0.0836,2.456,2.500,99.000
1785589707.423,7.8667,3.0065,0.0010,2.4560,0.0102,0.2598,30,RACING,3,5.00,0.0423,2.456,2.500,99.000
1785589707.474,7.9885,3.0069,0.0048,2.4643,0.0078,0.0803,30,RACING,3,5.25,0.0920,2.464,2.500,99.000
1785589707.523,8.1125,3.0075,0.0048,2.4643,0.0095,0.0803,30,RACING,3,5.25,0.0375,2.464,2.500,99.000
1785589707.573,8.2332,3.0081,0.0048,2.4651,0.0092,0.1048,30,RACING,3,5.50,0.0970,2.465,2.500,99.000
1785589707.623,8.3590,3.0087,0.0048,2.4651,0.0112,0.1048,30,RACING,3,5.50,0.0339,2.465,2.500,99.000
1785589707.673,8.4879,3.0096,0.0091,2.4651,0.0088,0.0447,30,RACING,3,5.75,0.0923,2.465,2.500,99.000
1785589707.723,8.6083,3.0106,0.0091,2.4651,0.0106,0.0447,30,RACING,3,5.75,0.0329,2.465,2.500,99.000
1785589707.773,8.7380,3.0121,0.0132,2.4673,0.0083,0.0617,30,RACING,3,6.00,0.0921,2.467,2.500,99.000
1785589707.823,8.8568,3.0137,0.0132,2.4673,0.0099,0.0617,30,RACING,3,6.00,0.0311,2.467,2.500,99.000
1785589707.873,8.9840,3.0153,0.0132,2.4633,0.0097,0.3347,30,RACING,3,6.25,0.0960,2.463,2.500,99.000
1785589707.923,9.1051,3.0169,0.0132,2.4633,0.0117,0.3347,30,RACING,3,6.25,0.0296,2.463,2.500,99.000
1785589707.973,9.2280,3.0188,0.0176,2.4569,0.0089,0.1435,30,RACING,3,6.50,0.1020,2.457,2.500,99.000
1785589708.024,9.3541,3.0210,0.0176,2.4569,0.0109,0.1435,30,RACING,3,6.50,0.0288,2.457,2.500,99.000
1785589708.074,9.4804,3.0233,0.0216,2.4515,0.0082,0.0498,30,RACING,3,6.75,0.0997,2.451,2.500,99.000
1785589708.123,9.6059,3.0260,0.0216,2.4515,0.0100,0.0498,30,RACING,3,6.75,0.0304,2.451,2.500,99.000
1785589708.173,9.7276,3.0289,0.0253,2.4472,0.0072,0.1301,30,RACING,3,7.00,0.1025,2.447,2.500,99.000
1785589708.224,9.8532,3.0320,0.0253,2.4472,0.0088,0.1301,30,RACING,3,7.00,0.0281,2.447,2.500,99.000
1785589708.273,9.9807,3.0352,0.0253,2.4441,0.0078,0.0436,30,RACING,3,7.25,0.0994,2.444,2.500,99.000
1785589708.323,10.1008,3.0382,0.0253,2.4441,0.0094,0.0436,30,RACING,3,7.25,0.0263,2.444,2.500,99.000
1785589708.373,10.2234,3.0413,0.0253,2.4423,0.0081,0.0248,30,RACING,3,7.50,0.1067,2.442,2.500,99.000
1785589708.423,10.3497,3.0444,0.0253,2.4423,0.0099,0.0248,30,RACING,3,7.50,0.0261,2.442,2.500,99.000
1785589708.473,10.4762,3.0475,0.0253,2.4420,0.0083,0.0397,30,RACING,3,7.75,0.1041,2.442,2.500,99.000
1785589708.523,10.5949,3.0506,0.0253,2.4420,0.0100,0.0397,30,RACING,3,7.75,0.0234,2.442,2.500,99.000
1785589708.573,10.7157,3.0537,0.0253,2.4418,0.0080,0.0211,30,RACING,3,8.00,0.1146,2.442,2.500,99.000
1785589708.623,10.8434,3.0568,0.0253,2.4418,0.0097,0.0211,30,RACING,3,8.00,0.0237,2.442,2.500,99.000
1785589708.673,10.9612,3.0599,0.0253,2.4418,0.0073,0.0467,30,RACING,3,8.25,0.1192,2.442,2.500,99.000
1785589708.723,11.0810,3.0629,0.0253,2.4418,0.0088,0.0467,30,RACING,3,8.25,0.0203,2.442,2.500,99.000
1785589708.773,11.2036,3.0661,0.0253,2.4418,0.0062,0.1978,30,RACING,3,8.25,0.1266,2.442,2.500,99.000
1785589708.823,11.3272,3.0692,0.0253,2.4418,0.0075,0.1978,30,RACING,3,8.50,0.0217,2.442,2.500,99.000
1785589708.874,11.4492,3.0722,0.0253,2.4418,0.0046,0.0741,30,RACING,3,8.50,0.1226,2.442,2.500,99.000
1785589708.923,11.5724,3.0753,0.0253,2.4418,0.0055,0.0741,30,RACING,3,8.75,0.0234,2.442,2.500,99.000
1785589708.973,11.6986,3.0785,0.0253,2.4418,0.0025,0.1426,30,RACING,3,8.75,0.1223,2.442,2.500,99.000
1785589709.023,11.8155,3.0815,0.0253,2.4418,0.0029,0.1426,30,RACING,3,9.00,0.0263,2.442,2.500,99.000
1785589709.073,11.9374,3.0846,0.0253,2.4418,-0.0003,0.0455,30,RACING,3,9.00,0.1115,2.442,2.500,99.000
1785589709.123,12.0596,3.0877,0.0253,2.4418,-0.0004,0.0455,30,RACING,3,9.25,0.0293,2.442,2.500,99.000
1785589709.173,12.1850,3.0908,0.0253,2.4418,-0.0037,0.0544,30,RACING,3,9.25,0.1091,2.442,2.500,99.000
1785589709.223,12.3126,3.0939,0.0253,2.4418,-0.0044,0.0544,30,RACING,3,9.50,0.0261,2.442,2.500,99.000
1785589709.273,12.4307,3.0970,0.0253,2.4418,-0.0077,0.0711,30,RACING,3,9.50,0.1047,2.442,2.500,99.000
1785589709.323,12.5589,3.1002,0.0253,2.4418,-0.0093,0.0711,30,RACING,3,9.75,0.0263,2.442,2.500,99.000
1785589709.373,12.6765,3.1031,0.0253,2.4418,-0.0122,0.0824,30,RACING,3,9.75,0.1001,2.442,2.500,99.000
1785589709.423,12.8006,3.1060,0.0208,2.4418,-0.0122,0.0824,30,RACING,3,10.00,0.0307,2.442,2.500,99.000
1785589709.474,12.9203,3.1082,0.0162,2.4418,-0.0126,0.0894,30,RACING,3,10.00,0.0935,2.442,2.500,99.000
1785589709.523,13.0393,3.1099,0.0117,2.4418,-0.0126,0.0894,30,RACING,3,10.25,0.0398,2.442,2.500,99.000
1785589709.573,13.1629,3.1111,0.0069,2.4418,-0.0125,0.0750,30,RACING,3,10.25,0.0858,2.442,2.500,99.000
1785589709.623,13.2869,3.1117,0.0023,2.4418,-0.0126,0.0750,30,RACING,3,10.50,0.0413,2.442,2.500,99.000
1785589709.673,13.4064,3.1117,-0.0023,2.4418,-0.0120,0.1784,30,RACING,3,10.50,0.0791,2.442,2.500,99.000
1785589709.723,13.5294,3.1111,-0.0067,2.4418,-0.0120,0.1784,30,RACING,3,10.75,0.0484,2.442,2.500,99.000
1785589709.773,13.6556,3.1100,-0.0112,2.4418,-0.0113,0.0253,30,RACING,3,10.75,0.0782,2.442,2.500,99.000
1785589709.824,13.7760,3.1084,-0.0154,2.4418,-0.0112,0.0253,30,RACING,3,11.00,0.0515,2.442,2.500,99.000
1785589709.873,13.9004,3.1062,-0.0196,2.4418,-0.0102,0.0487,30,RACING,3,11.00,0.0729,2.442,2.500,99.000
1785589709.923,14.0285,3.1036,-0.0233,2.4480,-0.0104,0.0487,30,RACING,3,11.25,0.0490,2.448,2.500,99.000
1785589709.973,14.1528,3.1005,-0.0272,2.4480,-0.0092,0.0365,30,RACING,3,11.25,0.0753,2.448,2.500,99.000
1785589710.023,14.2759,3.0971,-0.0272,2.4616,-0.0110,0.0365,30,RACING,3,11.50,0.0515,2.462,2.500,99.000
1785589710.073,14.3965,3.0936,-0.0311,2.4616,-0.0093,0.0438,30,RACING,3,11.50,0.0692,2.462,2.500,99.000
1785589710.123,14.5176,3.0898,-0.0311,2.4684,-0.0111,0.0438,30,RACING,3,11.75,0.0599,2.468,2.500,99.000
1785589710.173,14.6406,3.0857,-0.0353,2.4684,-0.0090,0.0283,30,RACING,3,11.75,0.0636,2.468,2.500,99.000
1785589710.223,14.7666,3.0813,-0.0353,2.4630,-0.0108,0.0283,30,RACING,3,12.00,0.0610,2.463,2.500,99.000
1785589710.273,14.9023,3.0763,-0.0396,2.4630,-0.0085,0.0222,30,RACING,3,12.00,0.0757,2.463,2.500,99.000
1785589710.324,15.0162,3.0719,-0.0396,2.4597,-0.0101,0.0222,30,RACING,3,12.25,0.0616,2.460,2.500,99.000
1785589710.373,15.1383,3.0668,-0.0434,2.4597,-0.0076,0.0520,30,RACING,3,12.25,0.0622,2.460,2.500,99.000
1785589710.423,15.2630,3.0614,-0.0434,2.4581,-0.0091,0.0520,30,RACING,3,12.50,0.0649,2.458,2.500,99.000
1785589710.474,15.3849,3.0561,-0.0434,2.4581,-0.0081,0.1371,30,RACING,3,12.50,0.0595,2.458,2.500,99.000
1785589710.524,15.5036,3.0508,-0.0434,2.4485,-0.0096,0.1371,30,RACING,3,12.75,0.0742,2.449,2.500,99.000
1785589710.573,15.6216,3.0454,-0.0434,2.4485,-0.0115,0.0399,30,RACING,3,12.75,0.0472,2.449,2.500,99.000
1785589710.623,15.7450,3.0399,-0.0477,2.4485,-0.0077,0.0399,30,RACING,3,13.00,0.0829,2.449,2.500,99.000
1785589710.673,15.8682,3.0340,-0.0477,2.4485,-0.0093,0.0525,30,RACING,3,13.00,0.0449,2.449,2.500,99.000
1785589710.723,15.9934,3.0282,-0.0477,2.4420,-0.0076,0.0525,30,RACING,3,13.25,0.0844,2.442,2.500,99.000
1785589710.773,16.1158,3.0222,-0.0477,2.4420,-0.0091,0.2184,30,RACING,3,13.25,0.0435,2.442,2.500,99.000
1785589710.823,16.2327,3.0165,-0.0477,2.4337,-0.0069,0.2184,30,RACING,3,13.50,0.0949,2.434,2.500,99.000
1785589710.873,16.3564,3.0107,-0.0477,2.4337,-0.0084,0.0816,30,RACING,3,13.50,0.0359,2.434,2.500,99.000
1785589710.923,16.4788,3.0049,-0.0477,2.4337,-0.0060,0.0816,30,RACING,3,13.75,0.0987,2.434,2.500,99.000
1785589710.973,16.5968,2.9992,-0.0477,2.4337,-0.0072,0.1675,30,RACING,3,13.75,0.0291,2.434,2.500,99.000
1785589711.023,16.7156,2.9932,-0.0477,2.4222,-0.0046,0.1675,30,RACING,3,14.00,0.1115,2.422,2.500,99.000
1785589711.073,16.8363,2.9875,-0.0477,2.4222,-0.0055,0.0508,30,RACING,3,14.00,0.0232,2.422,2.500,99.000
1785589711.124,16.9551,2.9818,-0.0477,2.4211,-0.0028,0.0508,30,RACING,3,14.25,0.1216,2.421,2.500,99.000
1785589711.173,17.0781,2.9759,-0.0477,2.4211,-0.0034,0.1321,30,RACING,3,14.25,0.0206,2.421,2.500,99.000
1785589711.223,17.1960,2.9702,-0.0477,2.4211,-0.0007,0.1321,30,RACING,3,14.25,0.1230,2.421,2.500,99.000
1785589711.273,17.3208,2.9644,-0.0477,2.4141,-0.0009,0.0358,30,RACING,3,14.50,0.0202,2.414,2.500,99.000
1785589711.323,17.4421,2.9586,-0.0477,2.4141,0.0019,0.0358,30,RACING,3,14.50,0.1194,2.414,2.500,99.000
1785589711.373,17.5600,2.9529,-0.0477,2.4047,0.0023,0.0323,30,RACING,3,14.75,0.0233,2.405,2.500,99.000
1785589711.423,17.6790,2.9472,-0.0477,2.4047,0.0050,0.0323,30,RACING,3,14.75,0.1065,2.405,2.500,99.000
1785589711.474,17.7997,2.9415,-0.0477,2.4012,0.0061,0.0376,30,RACING,3,15.00,0.0291,2.401,2.500,99.000
1785589711.549,17.7997,2.9415,-0.0477,2.4012,0.0061,0.0376,30,RACING,3,15.00,0.0291,2.401,2.500,99.000
1785589711.576,17.7997,2.9415,-0.0477,2.4012,0.0061,0.0376,30,RACING,3,15.00,0.0291,2.401,2.500,99.000
1785589711.623,18.1591,2.9243,-0.0477,2.3909,0.0129,0.0230,30,RACING,3,15.25,0.0866,2.391,2.500,99.000
1785589711.673,18.2775,2.9189,-0.0430,2.3840,0.0129,0.0374,30,RACING,3,15.50,0.0466,2.384,2.500,99.000
1785589711.724,18.3959,2.9140,-0.0383,2.3840,0.0130,0.0374,30,RACING,3,15.50,0.0732,2.384,2.500,99.000
1785589711.773,18.5143,2.9098,-0.0336,2.3757,0.0130,0.2112,30,RACING,3,15.75,0.0590,2.376,2.500,99.000
1785589711.823,18.6356,2.9061,-0.0289,2.3757,0.0130,0.2112,30,RACING,3,15.75,0.0628,2.376,2.500,99.000
1785589711.873,18.7593,2.9029,-0.0242,2.3635,0.0131,0.1961,30,RACING,3,16.00,0.0637,2.364,2.500,99.000
1785589711.924,18.8776,2.9003,-0.0196,2.3635,0.0132,0.1961,30,RACING,3,16.00,0.0549,2.364,2.500,99.000
1785589711.973,18.9989,2.8983,-0.0148,2.3590,0.0132,0.0662,30,RACING,3,16.25,0.0739,2.359,2.500,99.000
1785589712.023,19.1158,2.8968,-0.0101,2.3590,0.0132,0.0662,30,RACING,3,16.25,0.0431,2.359,2.500,99.000
1785589712.074,19.2308,2.8959,-0.0054,2.3403,0.0133,0.0398,30,RACING,3,16.50,0.0920,2.340,2.500,99.000
1785589712.123,19.3514,2.8955,-0.0006,2.3403,0.0133,0.0398,30,RACING,3,16.50,0.0286,2.340,2.500,99.000
1785589712.173,19.4651,2.8957,0.0040,2.3296,0.0136,0.1316,30,RACING,3,16.75,0.1077,2.330,2.500,99.000
1785589712.223,19.5840,2.8965,0.0088,2.3296,0.0136,0.1316,30,RACING,3,16.75,0.0112,2.330,2.500,99.000
1785589712.273,19.7006,2.8978,0.0136,2.3288,0.0140,0.0678,30,RACING,3,17.00,0.1221,2.329,2.500,99.000
1785589712.323,19.8206,2.8997,0.0186,2.3288,0.0141,0.0678,30,RACING,3,17.00,0.0022,2.329,2.500,99.000
1785589712.373,19.9389,2.9022,0.0237,2.3288,0.0147,0.0270,30,RACING,3,17.00,0.1161,2.329,2.500,99.000
1785589712.423,20.0549,2.9051,0.0287,2.2958,0.0148,0.0270,30,RACING,3,17.25,0.0178,2.296,2.500,99.000
1785589712.473,20.1731,2.9088,0.0339,2.2958,0.0155,0.1012,30,RACING,3,17.25,0.1005,2.296,2.500,99.000
1785589712.523,20.2893,2.9130,0.0393,2.2869,0.0155,0.1012,30,RACING,3,17.50,0.0333,2.287,2.500,99.000
1785589712.573,20.4020,2.9177,0.0446,2.2869,0.0163,0.0271,30,RACING,3,17.50,0.0795,2.287,2.500,99.000
1785589712.623,20.5179,2.9233,0.0504,2.2869,0.0163,0.0271,30,RACING,3,17.75,0.0545,2.287,2.500,99.000
1785589712.673,20.6315,2.9293,0.0560,2.2869,0.0172,0.1263,30,RACING,3,17.75,0.0593,2.287,2.500,99.000
1785589712.723,20.7422,2.9359,0.0618,2.2630,0.0172,0.1263,30,RACING,3,18.00,0.0798,2.263,2.500,99.000
1785589712.773,20.8578,2.9433,0.0678,2.2630,0.0172,0.0726,30,RACING,3,18.00,0.0361,2.263,2.500,99.000
1785589712.823,20.9688,2.9513,0.0737,2.2316,0.0184,0.0726,30,RACING,3,18.25,0.1026,2.232,2.500,99.000
1785589712.873,21.0788,2.9598,0.0799,2.2316,0.0184,0.0970,30,RACING,3,18.25,0.0082,2.232,2.500,99.000
1785589712.924,21.1876,2.9691,0.0861,2.2316,0.0196,0.0970,30,RACING,3,18.25,0.1170,2.232,2.500,99.000
1785589712.973,21.3002,2.9791,0.0928,2.2088,0.0197,0.2879,30,RACING,3,18.50,0.0203,2.209,2.500,99.000
1785589713.024,21.4112,2.9895,0.0993,2.2088,0.0214,0.2879,30,RACING,3,18.50,0.0916,2.209,2.500,99.000
1785589713.073,21.5249,3.0010,0.1066,2.1919,0.0216,0.1904,30,RACING,3,18.75,0.0443,2.192,2.500,99.000
1785589713.124,21.6330,3.0130,0.1137,2.1919,0.0231,0.1904,30,RACING,3,18.75,0.0647,2.192,2.500,99.000
1785589713.174,21.7414,3.0258,0.1214,2.1777,0.0231,0.0588,30,RACING,3,19.00,0.0763,2.178,2.500,99.000
1785589713.223,21.8504,3.0393,0.1290,2.1777,0.0233,0.0588,30,RACING,3,19.00,0.0339,2.178,2.500,99.000
1785589713.273,21.9644,3.0538,0.1367,2.1604,0.0256,0.0341,30,RACING,3,19.25,0.1015,2.160,2.500,99.000
1785589713.323,22.0698,3.0690,0.1451,2.1604,0.0255,0.0341,30,RACING,3,19.25,0.0068,2.160,2.500,99.000
1785589713.373,22.1831,3.0854,0.1537,2.1604,0.0278,0.1554,30,RACING,3,19.25,0.1197,2.160,2.500,99.000
1785589713.423,22.2852,3.1020,0.1625,2.1387,0.0276,0.1554,30,RACING,3,19.50,0.0272,2.139,2.500,99.000
1785589713.473,22.3952,3.1202,0.1717,2.1387,0.0298,0.0636,30,RACING,3,19.50,0.0848,2.139,2.500,99.000
1785589713.523,22.5019,3.1390,0.1813,2.1191,0.0300,0.0636,30,RACING,3,19.75,0.0572,2.119,2.500,99.000
1785589713.573,22.6035,3.1584,0.1908,2.1191,0.0298,0.0890,30,RACING,3,19.75,0.0468,2.119,2.500,99.000
1785589713.623,22.7059,3.1788,0.2003,2.1064,0.0321,0.0890,30,RACING,3,20.00,0.0991,2.106,2.500,99.000
1785589713.673,22.8085,3.2004,0.2107,2.1064,0.0320,0.1212,30,RACING,3,20.00,0.0087,2.106,2.500,99.000
1785589713.723,22.9080,3.2227,0.2208,2.1064,0.0343,0.1212,30,RACING,3,20.00,0.1082,2.106,2.500,99.000
1785589713.773,23.0149,3.2467,0.2319,2.0970,0.0346,0.0201,30,RACING,3,20.25,0.0332,2.097,2.500,99.000
1785589713.823,23.1165,3.2709,0.2427,2.0970,0.0374,0.0201,30,RACING,3,20.25,0.0724,2.097,2.500,99.000
1785589713.873,23.2177,3.2968,0.2547,2.0868,0.0373,0.2814,30,RACING,3,20.50,0.0737,2.087,2.500,99.000
1785589713.923,23.3211,3.3242,0.2667,2.0868,0.0375,0.2814,30,RACING,3,20.50,0.0347,2.087,2.500,99.000
1785589713.973,23.4197,3.3522,0.2785,2.0792,0.0404,0.1194,30,RACING,3,20.75,0.1140,2.079,2.500,99.000
1785589714.023,23.5192,3.3813,0.2911,2.0792,0.0405,0.1194,30,RACING,3,20.75,0.0135,2.079,2.500,99.000
1785589714.073,23.6163,3.4115,0.3038,2.0792,0.0435,0.0366,30,RACING,3,20.75,0.0924,2.079,2.500,99.000
1785589714.123,23.7184,3.4434,0.3175,2.0745,0.0441,0.0366,30,RACING,3,21.00,0.0518,2.075,2.500,99.000
1785589714.173,23.8194,3.4771,0.3317,2.0745,0.0475,0.0857,30,RACING,3,21.00,0.0565,2.075,2.500,99.000
1785589714.223,23.9173,3.5107,0.3462,2.0730,0.0480,0.0857,30,RACING,3,21.25,0.0911,2.073,2.500,99.000
1785589714.273,24.0129,3.5466,0.3613,2.0730,0.0476,0.0407,30,RACING,3,21.25,0.0155,2.073,2.500,99.000
1785589714.323,24.1109,3.5853,0.3768,2.0730,0.0510,0.0407,30,RACING,3,21.25,0.1175,2.073,2.500,99.000
1785589714.373,24.2065,3.6244,0.3928,2.0730,0.0508,0.1614,30,RACING,3,21.50,0.0320,2.073,2.500,99.000
1785589714.423,24.2998,3.6641,0.4085,2.0730,0.0546,0.1614,30,RACING,3,21.50,0.0732,2.073,2.500,99.000
1785589714.473,24.3918,3.7055,0.4254,2.0730,0.0543,0.0328,30,RACING,3,21.75,0.0780,2.073,2.500,99.000
1785589714.523,24.4843,3.7489,0.4425,2.0730,0.0540,0.0328,30,RACING,3,21.75,0.0298,2.073,2.500,99.000
1785589714.573,24.5745,3.7942,0.4595,2.0730,0.0579,0.0352,30,RACING,3,22.00,0.1241,2.073,2.500,99.000
1785589714.623,24.6655,3.8411,0.4777,2.0730,0.0575,0.0352,30,RACING,3,22.00,0.0275,2.073,2.500,99.000
1785589714.673,24.7621,3.8915,0.4965,2.0730,0.0625,0.1855,30,RACING,3,22.00,0.0906,2.073,2.500,99.000
1785589714.724,24.8525,3.9396,0.5153,2.0730,0.0634,0.1855,30,RACING,3,22.25,0.0606,2.073,2.500,99.000
1785589714.774,24.9411,3.9915,0.5353,2.0730,0.0670,0.0485,30,RACING,3,22.25,0.0479,2.073,2.500,99.000
1785589714.824,25.0271,4.0451,0.5562,2.0730,0.0664,0.0485,30,RACING,3,22.50,0.1051,2.073,2.500,99.000
1785589714.873,25.1146,4.1014,0.5774,2.0730,0.0661,0.0709,30,RACING,3,22.50,0.0198,2.073,2.500,99.000
1785589714.923,25.1993,4.1592,0.5982,2.0730,0.0699,0.0709,30,RACING,3,22.50,0.1057,2.073,2.500,99.000
1785589714.973,25.2864,4.2181,0.6201,2.0730,0.0708,0.0223,30,RACING,3,22.75,0.0450,2.073,2.500,99.000
1785589715.024,25.3708,4.2807,0.6429,2.0730,0.0740,0.0223,30,RACING,3,22.75,0.0679,2.073,2.500,99.000
1785589715.073,25.4533,4.3426,0.6657,2.0730,0.0746,0.0270,30,RACING,3,23.00,0.0835,2.073,2.500,99.000
1785589715.123,25.5346,4.4067,0.6889,2.0730,0.0752,0.0270,30,RACING,3,23.00,0.0289,2.073,2.500,99.000
1785589715.173,25.6181,4.4743,0.7128,1.9230,0.2270,0.1285,30,RACING,3,23.25,0.1204,2.073,2.500,0.925
1785589715.224,25.6899,4.5399,0.7607,1.9230,0.2270,0.1285,30,RACING,3,23.25,0.0276,2.073,2.500,0.925
1785589715.278,25.6899,4.5399,0.7607,1.7730,0.2212,0.1285,30,RACING,3,23.25,0.0276,2.073,2.500,0.925
1785589715.323,25.8323,4.6981,0.9080,1.6230,0.2212,0.1346,30,RACING,3,23.50,0.0663,2.073,2.500,99.000
1785589715.373,25.8620,4.7358,0.9342,1.8730,0.0012,0.0670,30,RACING,3,23.50,0.0383,2.073,2.500,99.000
1785589715.424,25.9149,4.8104,0.9342,1.9980,0.0187,0.0670,30,RACING,3,23.50,0.0948,2.073,2.500,99.000
1785589715.474,25.9760,4.8912,0.9399,2.0730,0.0193,0.0494,30,RACING,3,23.75,0.0875,2.073,2.500,99.000
1785589715.523,26.0369,4.9738,0.9458,2.0730,0.0345,0.0494,30,RACING,3,23.75,0.0747,2.073,2.500,99.000
1785589715.573,26.0964,5.0593,0.9568,2.0730,0.0340,0.0381,30,RACING,3,24.00,0.1277,2.073,2.500,99.000
1785589715.623,26.1543,5.1424,0.9672,2.0730,0.0340,0.0381,30,RACING,3,24.00,0.0761,2.073,2.500,99.000
1785589715.673,26.2105,5.2283,0.9779,2.0730,0.0469,0.0572,30,RACING,3,24.00,0.1286,2.073,2.500,99.000
1785589715.724,26.2684,5.3145,0.9927,2.0730,0.0472,0.0572,30,RACING,3,24.25,0.0913,2.073,2.500,99.000
1785589715.773,26.3235,5.4020,1.0076,2.0730,0.0569,0.1856,30,RACING,3,24.25,0.1027,2.073,2.500,99.000
1785589715.823,26.3781,5.4895,1.0254,2.0746,0.0571,0.1856,30,RACING,3,24.50,0.1138,2.075,2.500,99.000
1785589715.873,26.4311,5.5794,1.0435,2.0746,0.0569,0.0269,30,RACING,3,24.50,0.0819,2.075,2.500,99.000
1785589715.923,26.4853,5.6694,1.0614,2.0904,0.0662,0.0269,30,RACING,3,24.75,0.1379,2.090,2.500,99.000
1785589715.973,26.5359,5.7627,1.0827,2.0904,0.0661,0.1552,30,RACING,3,24.75,0.0696,2.090,2.500,99.000
1785589716.023,26.5878,5.8547,1.1035,2.0904,0.0723,0.1552,30,RACING,3,24.75,0.1134,2.090,2.500,99.000
1785589716.073,26.6310,5.9472,1.1261,2.1241,0.0714,0.1823,30,RACING,3,25.00,0.0762,2.124,2.500,99.000
1785589716.123,26.6766,6.0437,1.1492,2.1241,0.0740,0.1823,30,RACING,3,25.00,0.0776,2.124,2.500,99.000
1785589716.173,26.7220,6.1419,1.1732,2.1183,0.0750,0.0813,30,RACING,3,25.25,0.0934,2.118,2.500,99.000
1785589716.223,26.7571,6.2390,1.1971,2.1183,0.0731,0.0813,30,RACING,3,25.25,0.0479,2.118,2.500,99.000
1785589716.274,26.7942,6.3387,1.2208,2.0913,0.0740,0.0495,30,RACING,3,25.50,0.1269,2.091,2.500,99.000
1785589716.325,26.8278,6.4387,1.2446,2.0913,0.0733,0.0495,30,RACING,3,25.50,0.0382,2.091,2.500,99.000
1785589716.373,26.8632,6.5379,1.2678,2.0913,0.0745,0.1165,30,RACING,3,25.50,0.0944,2.091,2.500,99.000
1785589716.423,26.8944,6.6362,1.2910,2.0871,0.0751,0.1165,30,RACING,3,25.75,0.0598,2.087,2.500,99.000
1785589716.473,26.9236,6.7376,1.3150,2.0871,0.0745,0.0846,30,RACING,3,25.75,0.0523,2.087,2.500,99.000
1785589716.523,26.9526,6.8395,1.3388,2.0540,0.0758,0.0846,30,RACING,3,26.00,0.0945,2.054,2.500,99.000
1785589716.573,26.9730,6.9408,1.3626,2.0540,0.0749,0.0630,30,RACING,3,26.00,0.0118,2.054,2.500,99.000
1785589716.623,26.9910,7.0389,1.3854,2.0540,0.0724,0.0630,30,RACING,3,26.00,0.1092,2.054,2.500,99.000
1785589716.673,27.0061,7.1405,1.4081,2.0540,0.0713,0.0274,30,RACING,3,26.25,0.0385,2.054,2.500,99.000
1785589716.724,27.0232,7.2415,1.4302,2.0540,0.0709,0.0274,30,RACING,3,26.25,0.0644,2.054,2.500,99.000
1785589716.773,27.0374,7.3437,1.4525,2.0205,0.0712,0.0762,30,RACING,3,26.50,0.0824,2.020,2.500,99.000
1785589716.823,27.0492,7.4444,1.4744,2.0205,0.0716,0.0762,30,RACING,3,26.50,0.0191,2.020,2.500,99.000
1785589716.873,27.0588,7.5447,1.4963,2.0205,0.0705,0.0755,30,RACING,3,26.50,0.1197,2.020,2.500,99.000
1785589716.924,27.0631,7.6453,1.5178,2.0205,0.0697,0.0755,30,RACING,3,26.75,0.0302,2.020,2.500,99.000
1785589716.973,27.0653,7.7480,1.5396,2.0205,0.0685,0.1074,30,RACING,3,26.75,0.0728,2.020,2.500,99.000
1785589717.024,27.0679,7.8477,1.5603,2.0022,0.0687,0.1074,30,RACING,3,27.00,0.0777,2.002,2.500,99.000
1785589717.073,27.0683,7.9485,1.5813,2.0022,0.0689,0.2221,30,RACING,3,27.00,0.0236,2.002,2.500,99.000
1785589717.125,27.0650,8.0503,1.6026,2.0022,0.0685,0.2221,30,RACING,3,27.00,0.1250,2.002,2.500,99.000
1785589717.173,27.0605,8.1498,1.6233,2.0022,0.0684,0.0298,30,RACING,3,27.25,0.0257,2.002,2.500,99.000
1785589717.224,27.0566,8.2473,1.6435,2.0022,0.0699,0.0298,30,RACING,3,27.25,0.0722,2.002,2.500,99.000
1785589717.273,27.0519,8.3499,1.6654,2.0022,0.0713,0.0458,30,RACING,3,27.50,0.0761,2.002,2.500,99.000
1785589717.323,27.0424,8.4482,1.6868,2.0022,0.0717,0.0458,30,RACING,3,27.50,0.0247,2.002,2.500,99.000
1785589717.373,27.0327,8.5464,1.7083,2.0022,0.0731,0.1091,30,RACING,3,27.50,0.1222,2.002,2.500,99.000
1785589717.423,27.0197,8.6457,1.7306,2.0022,0.0738,0.1091,30,RACING,3,27.75,0.0312,2.002,2.500,99.000
1785589717.473,26.9999,8.7439,1.7529,2.0022,0.0736,0.0548,30,RACING,3,27.75,0.0719,2.002,2.500,99.000
1785589717.524,26.9790,8.8430,1.7755,2.0022,0.0731,0.0548,30,RACING,3,28.00,0.0778,2.002,2.500,99.000
1785589717.573,26.9565,8.9401,1.7976,2.0022,0.0726,0.0942,30,RACING,3,28.00,0.0223,2.002,2.500,99.000
1785589717.623,26.9328,9.0374,1.8196,2.0022,0.0750,0.0942,30,RACING,3,28.00,0.1221,2.002,2.500,99.000
1785589717.673,26.9095,9.1356,1.8428,2.0022,0.0759,0.0238,30,RACING,3,28.25,0.0273,2.002,2.500,99.000
1785589717.723,26.8792,9.2313,1.8657,2.0022,0.0776,0.0238,30,RACING,3,28.25,0.0732,2.002,2.500,99.000
1785589717.773,26.8530,9.3269,1.8893,2.0022,0.0788,0.0265,30,RACING,3,28.50,0.0778,2.002,2.500,99.000
1785589717.836,26.8199,9.4212,1.9132,1.8522,0.0785,0.0265,20,RACING,3,28.50,0.0222,2.002,1.800,99.000
1785589717.874,26.8199,9.4212,1.9132,1.8000,0.0785,0.0265,20,RACING,3,28.50,0.0222,2.002,1.800,99.000
1785589717.927,26.7808,9.5254,1.9397,1.8000,0.0816,0.0815,20,RACING,3,28.75,0.1166,2.002,1.800,99.000
1785589717.975,26.7472,9.5958,1.9578,1.8000,0.0802,0.0815,20,RACING,3,28.75,0.0394,2.002,1.800,99.000
1785589718.023,26.6749,9.7575,2.0008,1.8000,0.0835,0.0393,20,RACING,3,29.00,0.1116,2.002,1.800,99.000
1785589718.073,26.6335,9.8396,2.0238,1.8000,0.0827,0.0218,20,RACING,3,29.00,0.0242,2.002,1.800,2.311
1785589718.123,26.5932,9.9191,2.0461,1.8000,0.0868,0.0218,20,RACING,3,29.00,0.0722,2.002,1.800,2.311
1785589718.173,26.5524,9.9999,2.0703,1.8000,0.0873,0.1777,20,RACING,3,29.25,0.0896,2.002,1.800,2.279
1785589718.223,26.5070,10.0776,2.0938,1.8000,0.0868,0.1777,20,RACING,3,29.25,0.0175,2.002,1.800,2.279
1785589718.273,26.4635,10.1575,2.1183,1.7752,0.1325,0.1099,20,RACING,3,29.25,0.0941,2.002,1.800,1.775
1785589718.323,26.4187,10.2302,2.1530,1.7752,0.1281,0.1099,20,RACING,3,29.50,0.0723,2.002,1.800,1.775
1785589718.373,26.3680,10.3042,2.1880,1.6252,0.1521,0.0539,20,RACING,3,29.50,0.0248,2.002,1.800,1.535
1785589718.423,26.3201,10.3703,2.2262,1.5348,0.1481,0.0539,20,RACING,3,29.50,0.1023,2.002,1.800,1.535
1785589718.474,26.2701,10.4325,2.2621,1.3848,0.1688,0.0406,20,RACING,3,29.75,0.0720,2.002,1.800,1.322
1785589718.523,26.2237,10.4848,2.2976,1.3219,0.1611,0.0406,20,RACING,3,29.75,0.0272,2.002,1.800,1.322
1785589718.573,26.1760,10.5344,2.3308,1.1719,0.1805,0.1135,20,RACING,3,29.75,0.0779,2.002,1.800,1.161
1785589718.623,26.1373,10.5757,2.3629,1.1612,0.1743,0.1135,20,RACING,3,30.00,0.1271,2.002,1.800,1.161
1785589718.673,26.0959,10.6164,2.3944,1.0508,0.1838,0.1305,20,RACING,3,30.00,0.0760,2.002,1.800,1.051
1785589718.723,26.0558,10.6516,2.4239,1.0508,0.1768,0.1305,20,RACING,3,30.00,0.0496,2.002,1.800,1.051
1785589718.773,26.0166,10.6853,2.4520,0.9793,0.1885,0.2247,20,RACING,3,30.00,0.0688,2.002,1.800,0.979
1785589718.823,25.9773,10.7159,2.4805,0.9793,0.1824,0.2247,20,RACING,3,30.00,0.1105,2.002,1.800,0.979
1785589718.873,25.9388,10.7454,2.5079,0.9788,0.1761,0.0348,20,RACING,3,30.25,0.1281,2.014,1.800,0.979
1785589718.924,25.8996,10.7737,2.5341,0.9788,0.1693,0.0348,20,RACING,3,30.25,0.0972,2.014,1.800,0.979
1785589718.973,25.8591,10.8012,2.5598,1.1038,-0.0485,0.1659,20,RACING,3,30.25,0.0860,2.014,1.800,99.000
1785589719.023,25.8152,10.8300,2.5734,1.2288,-0.0344,0.1659,20,RACING,3,30.25,0.1034,2.014,1.800,99.000
1785589719.073,25.7635,10.8637,2.5669,1.3538,-0.0342,0.0718,20,RACING,3,30.25,0.1470,2.014,1.800,99.000
1785589719.123,25.7082,10.8998,2.5600,1.4788,-0.0342,0.0718,20,RACING,3,30.50,0.1355,2.070,1.800,99.000
1785589719.173,25.6450,10.9407,2.5524,1.6038,-0.0347,0.2461,20,RACING,3,30.50,0.1214,2.070,1.800,99.000
1785589719.223,25.5827,10.9848,2.5441,1.7288,-0.0113,0.2461,20,RACING,3,30.50,0.1480,2.070,1.800,99.000
1785589719.274,25.5126,11.0335,2.5411,1.8000,-0.0110,0.0664,20,RACING,3,30.75,0.1532,1.935,1.800,99.000
1785589719.323,25.4399,11.0844,2.5382,1.8000,-0.0106,0.0664,20,RACING,3,30.75,0.1317,1.935,1.800,99.000
1785589719.373,25.3653,11.1365,2.5352,1.8000,0.0073,0.0327,20,RACING,3,30.75,0.1657,1.935,1.800,99.000
1785589719.424,25.2909,11.1872,2.5352,1.6709,0.0080,0.0327,20,RACING,3,31.00,0.1414,1.671,1.800,99.000
1785589719.473,25.2226,11.2358,2.5352,1.6709,0.0096,0.1449,20,RACING,3,31.00,0.1302,1.671,1.800,99.000
1785589719.523,25.1522,11.2840,2.5352,1.6709,0.0226,0.1449,20,RACING,3,31.00,0.1694,1.671,1.800,99.000
1785589719.573,25.0859,11.3303,2.5408,1.5209,0.0228,0.1025,20,RACING,3,31.25,0.1274,1.352,1.800,99.000
1785589719.623,25.0202,11.3751,2.5463,1.3709,0.0228,0.1025,20,RACING,3,31.25,0.1161,1.352,1.800,99.000
1785589719.673,24.9597,11.4150,2.5512,1.3521,0.0291,0.0380,20,RACING,3,31.25,0.1491,1.352,1.800,99.000
1785589719.723,24.9035,11.4522,2.5571,1.2021,0.0290,0.0380,20,RACING,3,31.50,0.1279,1.142,1.800,99.000
1785589719.773,24.8520,11.4854,2.5625,1.1415,0.0288,0.0525,20,RACING,3,31.50,0.0989,1.142,1.800,99.000
1785589719.824,24.8035,11.5168,2.5675,1.1415,0.0288,0.0525,20,RACING,3,31.50,0.1021,1.142,1.800,99.000
1785589719.873,24.7559,11.5475,2.5725,1.1415,0.0311,0.0266,20,RACING,3,31.50,0.1326,1.142,1.800,99.000
1785589719.923,24.7073,11.5780,2.5778,1.1415,0.0310,0.0266,20,RACING,3,31.75,0.1242,1.142,1.800,99.000
1785589719.973,24.6562,11.6086,2.5832,1.1415,0.0306,0.2053,20,RACING,3,31.75,0.0856,1.142,1.800,99.000
1785589720.023,24.6076,11.6386,2.5885,1.1415,0.0305,0.2053,20,RACING,3,31.75,0.0783,1.142,1.800,99.000
1785589720.074,24.5600,11.6689,2.5938,1.1415,0.0293,0.0342,20,RACING,3,31.75,0.1060,1.142,1.800,99.000
1785589720.123,24.5121,11.6981,2.5988,1.1415,0.0293,0.0342,20,RACING,3,32.00,0.1290,1.142,1.800,99.000
1785589720.173,24.4612,11.7276,2.6039,1.1415,0.0290,0.0301,20,RACING,3,32.00,0.0798,1.142,1.800,99.000
1785589720.228,24.4106,11.7566,2.6089,1.1415,0.0288,0.0301,20,RACING,3,32.00,0.0551,1.142,1.800,99.000
1785589720.274,24.3587,11.7864,2.6141,1.1415,0.0237,0.0240,20,RACING,3,32.00,0.0818,1.142,1.800,99.000
1785589720.323,24.3094,11.8142,2.6181,1.1415,0.0235,0.0240,20,RACING,3,32.00,0.1295,1.142,1.800,99.000
1785589720.373,24.2595,11.8430,2.6222,1.1415,0.0236,0.0240,20,RACING,3,32.25,0.0823,1.142,1.800,99.000
1785589720.423,24.2092,11.8704,2.6262,1.1415,0.0232,0.1802,20,RACING,3,32.25,0.0401,1.142,1.800,99.000
1785589720.474,24.1569,11.8999,2.6304,1.1415,0.0232,0.0678,20,RACING,3,32.25,0.0563,1.142,1.800,99.000
1785589720.523,24.1103,11.9266,2.6342,1.1415,0.0145,0.0678,20,RACING,3,32.25,0.1033,1.142,1.800,99.000
1785589720.573,24.0606,11.9542,2.6368,1.1415,0.0146,0.2407,20,RACING,3,32.50,0.0967,1.142,1.800,99.000
1785589720.623,24.0094,11.9817,2.6393,1.1415,0.0144,0.2407,20,RACING,3,32.50,0.0409,1.142,1.800,99.000
1785589720.677,24.0094,11.9817,2.6393,1.1415,0.0144,0.2407,20,RACING,3,32.50,0.0409,1.142,1.800,99.000
1785589720.723,23.8969,12.0424,2.6448,1.1415,0.0007,0.1169,20,RACING,3,32.50,0.0924,1.142,1.800,99.000
1785589720.773,23.8565,12.0640,2.6448,1.1415,0.0007,0.0239,20,RACING,3,32.75,0.1129,1.142,1.800,99.000
1785589720.823,23.8078,12.0910,2.6448,1.1415,0.0010,0.0239,20,RACING,3,32.75,0.0572,1.142,1.800,99.000
1785589720.873,23.7570,12.1191,2.6448,1.1415,0.0013,0.0685,20,RACING,3,32.75,0.0013,1.142,1.800,99.000
1785589720.923,23.7106,12.1451,2.6448,1.1415,-0.0183,0.0685,20,RACING,3,32.75,0.0541,1.142,1.800,99.000
1785589720.973,23.6589,12.1730,2.6415,1.1415,-0.0185,0.3689,20,RACING,3,32.75,0.1128,1.142,1.800,99.000
1785589721.023,23.6091,12.1998,2.6384,1.1415,-0.0186,0.3689,20,RACING,3,33.00,0.0821,1.142,1.800,99.000
1785589721.073,23.5598,12.2275,2.6352,1.1415,-0.0184,0.1737,20,RACING,3,33.00,0.0301,1.142,1.800,99.000
1785589721.124,23.5080,12.2553,2.6320,1.1415,-0.0189,0.1737,20,RACING,3,33.00,0.0399,1.142,1.800,99.000
1785589721.173,23.4575,12.2833,2.6287,1.1415,-0.0532,0.0251,20,RACING,3,33.00,0.0949,1.142,1.800,99.000
1785589721.224,23.4078,12.3114,2.6196,1.1415,-0.0533,0.0251,20,RACING,3,33.25,0.1049,1.142,1.800,99.000
1785589721.273,23.3580,12.3403,2.6102,1.1415,-0.0533,0.0390,20,RACING,3,33.25,0.0544,1.142,1.800,99.000
1785589721.323,23.3101,12.3691,2.6011,1.1415,-0.0532,0.0390,20,RACING,3,33.25,0.0394,1.142,1.800,99.000
1785589721.373,23.2595,12.3990,2.5918,1.1415,-0.1057,0.1242,20,RACING,3,33.25,0.0824,1.142,1.800,2.392
1785589721.423,23.2121,12.4287,2.5736,1.1415,-0.1056,0.1242,20,RACING,3,33.50,0.1308,1.142,1.800,2.392
1785589721.473,23.1611,12.4609,2.5548,1.1415,-0.1062,0.1070,20,RACING,3,33.50,0.0806,1.142,1.800,2.304
1785589721.523,23.1183,12.4920,2.5368,1.1415,-0.1623,0.1070,20,RACING,3,33.50,0.0599,1.142,1.800,2.304
1785589721.573,23.0699,12.5259,2.5102,1.1415,-0.1637,0.0828,20,RACING,3,33.50,0.0826,1.142,1.800,2.189
1785589721.623,23.0253,12.5595,2.4824,1.1415,-0.1637,0.0828,20,RACING,3,33.50,0.1286,1.142,1.800,2.189
1785589721.673,22.9812,12.5952,2.4537,1.1415,-0.2151,0.0215,20,RACING,3,33.75,0.1185,1.142,1.800,2.090
1785589721.723,22.9368,12.6323,2.4161,1.1415,-0.2154,0.0215,20,RACING,3,33.75,0.0952,1.142,1.800,2.090
1785589721.773,22.8942,12.6717,2.3775,1.1415,-0.2211,0.1540,20,RACING,3,33.75,0.1066,1.142,1.800,1.989
1785589721.823,22.8555,12.7117,2.3390,1.1415,-0.2506,0.1540,20,RACING,3,33.75,0.1431,1.142,1.800,1.989
1785589721.873,22.8177,12.7528,2.2951,1.1415,-0.2433,0.2088,20,RACING,3,34.00,0.1635,1.142,1.800,99.000
1785589721.924,22.7796,12.7969,2.2520,1.1415,-0.2437,0.2088,20,RACING,3,34.00,0.1477,1.142,1.800,99.000
1785589721.973,22.7439,12.8423,2.2085,1.1415,-0.2544,0.1114,20,RACING,3,34.00,0.1562,1.142,1.800,1.900
1785589722.023,22.7108,12.8877,2.1642,1.1415,-0.2677,0.1114,20,RACING,3,34.00,0.1843,1.142,1.800,1.900
1785589722.073,22.6812,12.9363,2.1173,1.1415,-0.2686,0.1162,20,RACING,3,34.24,0.2128,1.142,1.800,1.859
1785589722.123,22.6518,12.9854,2.0711,1.1415,-0.2686,0.1162,20,RACING,3,34.24,0.2050,1.142,1.800,1.859
1785589722.173,22.6250,13.0371,2.0235,1.1415,-0.2696,0.1064,20,RACING,3,34.24,0.2167,1.142,1.800,1.825
1785589722.223,22.6017,13.0884,1.9778,1.1415,-0.2686,0.1064,20,RACING,3,34.24,0.2436,1.142,1.800,1.825
1785589722.273,22.5798,13.1439,1.9290,1.1415,-0.2665,0.0610,20,RACING,3,34.49,0.2459,1.142,1.800,1.868
1785589722.323,22.5603,13.1955,1.8846,1.1415,-0.2664,0.0610,20,RACING,3,34.49,0.2448,1.142,1.800,1.868
1785589722.373,22.5432,13.2519,1.8365,1.1415,-0.2683,0.0362,20,RACING,3,34.49,0.2607,1.142,1.800,1.809
1785589722.423,22.5317,13.3063,1.7909,1.2026,-0.2564,0.0362,20,RACING,3,34.74,0.2403,1.203,1.800,1.809
1785589722.473,22.5213,13.3658,1.7426,1.2026,-0.2527,0.0673,20,RACING,3,34.74,0.2311,1.203,1.800,1.861
1785589722.523,22.5132,13.4241,1.6966,1.3276,-0.2517,0.0673,20,RACING,3,34.99,0.2380,1.489,1.800,1.861
1785589722.573,22.5058,13.4902,1.6449,1.4526,-0.2398,0.2750,20,RACING,3,34.99,0.1951,1.489,1.800,2.091
1785589722.623,22.5032,13.5623,1.5915,1.4894,-0.2194,0.2750,20,RACING,3,34.99,0.1723,1.489,1.800,2.091
1785589722.673,22.5045,13.6370,1.5410,1.4894,-0.2261,0.0241,20,RACING,3,34.99,0.1828,1.489,1.800,1.969
1785589722.723,22.5098,13.7109,1.4894,1.6144,-0.2249,0.0241,20,RACING,3,35.24,0.1317,1.783,1.800,1.969
1785589722.773,22.5181,13.7927,1.4323,1.7394,-0.2222,0.0332,20,RACING,3,35.24,0.0965,1.783,1.800,1.996
1785589722.823,22.5321,13.8776,1.3736,1.7829,-0.1962,0.0332,20,RACING,3,35.24,0.1281,1.783,1.800,1.996
1785589722.875,22.5529,13.9686,1.3171,1.8000,-0.1848,0.0429,20,RACING,3,35.49,0.0610,2.000,1.800,2.255
1785589722.923,22.5754,14.0511,1.2685,1.8000,-0.1850,0.0429,20,RACING,3,35.49,0.0385,2.000,1.800,2.255
1785589722.973,22.6034,14.1350,1.2182,1.8000,-0.1558,0.1159,20,RACING,3,35.49,0.1216,2.000,1.800,99.000
1785589723.023,22.6371,14.2198,1.1749,1.8000,-0.1557,0.1159,20,RACING,3,35.74,0.0483,2.141,1.800,99.000
1785589723.075,22.6722,14.3022,1.1320,1.8000,-0.1560,0.0980,20,RACING,3,35.74,0.0657,2.141,1.800,99.000
1785589723.123,22.7128,14.3824,1.0893,1.8000,-0.1257,0.0980,20,RACING,3,35.99,0.1307,2.183,1.800,99.000
1785589723.173,22.7567,14.4645,1.0535,1.8000,-0.1259,0.0834,20,RACING,3,35.99,0.0789,2.183,1.800,99.000
1785589723.223,22.7958,14.5381,1.0208,1.8000,-0.1270,0.0834,20,RACING,3,35.99,0.1062,2.183,1.800,99.000
1785589723.274,22.8476,14.6148,0.9855,1.8000,-0.0967,0.0989,20,RACING,3,36.24,0.1409,2.077,1.800,99.000
1785589723.323,22.8983,14.6883,0.9594,1.8000,-0.0966,0.0989,20,RACING,3,36.24,0.1046,2.077,1.800,99.000
1785589723.374,22.9520,14.7621,0.9326,1.8000,-0.0724,0.1305,20,RACING,3,36.24,0.1337,2.077,1.800,99.000
1785589723.424,22.9520,14.7621,0.9326,1.8000,-0.0724,0.1305,20,RACING,3,36.24,0.1337,2.077,1.800,99.000
1785589723.474,23.0615,14.9065,0.8925,1.8000,-0.0730,0.1600,20,RACING,3,36.49,0.1192,1.977,1.800,99.000
1785589723.523,23.1174,14.9743,0.8731,1.8000,-0.0505,0.1600,20,RACING,3,36.49,0.1528,1.977,1.800,99.000
1785589723.573,23.1768,15.0432,0.8592,1.6500,-0.1943,0.0952,20,RACING,3,36.74,0.1382,1.873,1.800,1.073
1785589723.623,23.2322,15.1042,0.8252,1.5000,-0.1883,0.0952,20,RACING,3,36.74,0.1206,1.873,1.800,1.073
1785589723.673,23.2865,15.1609,0.7797,1.6250,-0.0036,0.0321,20,RACING,3,36.74,0.1496,1.873,1.800,99.000
1785589723.723,23.3428,15.2162,0.7547,1.7454,0.0085,0.0321,20,RACING,3,36.99,0.1353,1.745,1.800,99.000
1785589723.773,23.4033,15.2759,0.7547,1.7454,0.0088,0.2856,20,RACING,3,36.99,0.1054,1.745,1.800,99.000
1785589723.823,23.4667,15.3376,0.7547,1.7454,0.0183,0.2856,20,RACING,3,36.99,0.1371,1.745,1.800,99.000
1785589723.873,23.5268,15.3962,0.7595,1.6656,0.0178,0.1095,20,RACING,3,37.24,0.1170,1.666,1.800,99.000
1785589723.923,23.5912,15.4531,0.7639,1.6656,0.0193,0.1095,20,RACING,3,37.24,0.0838,1.666,1.800,99.000
1785589723.975,23.5912,15.4531,0.7639,1.6656,0.0193,0.1095,20,RACING,3,37.24,0.0838,1.666,1.800,99.000
1785589724.023,23.7153,15.5724,0.7739,1.6201,0.0274,0.0501,20,RACING,3,37.49,0.0941,1.620,1.800,99.000
1785589724.073,23.7153,15.5724,0.7739,1.6201,0.0274,0.0501,20,RACING,3,37.49,0.0941,1.620,1.800,99.000
1785589724.124,23.7832,15.6381,0.7817,1.6201,0.0274,0.0769,20,RACING,3,37.49,0.0686,1.620,1.800,99.000
1785589724.174,23.8895,15.7464,0.7945,1.6201,0.0338,0.0553,20,RACING,3,37.74,0.0862,1.620,1.800,99.000
1785589724.224,23.9464,15.7989,0.8020,1.6201,0.0357,0.0553,20,RACING,3,37.74,0.0456,1.620,1.800,99.000
1785589724.273,23.9464,15.7989,0.8020,1.6201,0.0357,0.0553,20,RACING,3,37.74,0.0456,1.620,1.800,99.000
1785589724.327,24.0211,15.8747,0.8133,1.6201,0.0357,0.0235,20,RACING,3,37.74,0.1214,1.620,1.800,99.000
1785589724.416,24.0211,15.8747,0.8133,1.6201,0.0357,0.0235,20,RACING,3,37.74,0.1214,1.620,1.800,99.000
1785589724.835,24.0211,15.8747,0.8133,1.6201,0.0357,0.0235,20,RACING,3,37.74,0.1214,1.620,1.800,99.000
1785589724.879,24.0211,15.8747,0.8133,1.6201,0.0357,0.0235,20,RACING,3,37.74,0.1214,1.620,1.800,99.000
1785589724.951,24.0211,15.8747,0.8133,1.6201,0.0413,0.0235,20,RACING,3,37.74,0.1214,1.620,1.800,99.000
1785589724.978,24.0211,15.8747,0.8133,1.6201,0.0413,0.0235,20,RACING,3,37.74,0.1214,1.620,1.800,99.000
1785589725.081,24.1082,15.9665,0.8269,1.6201,0.0413,0.0839,20,RACING,3,37.74,0.0320,1.620,1.800,99.000
1785589725.082,24.1082,15.9665,0.8269,1.6201,0.0413,0.0839,20,RACING,3,37.74,0.0320,1.620,1.800,99.000
1785589725.144,24.1082,15.9665,0.8269,1.6201,0.0413,0.0839,20,RACING,3,37.74,0.0320,1.620,1.800,99.000
1785589725.252,24.1082,15.9665,0.8269,1.6201,0.0413,0.0839,20,RACING,3,37.74,0.0320,1.620,1.800,99.000
1785589725.253,24.1082,15.9665,0.8269,1.6201,0.0413,0.0839,20,RACING,3,37.74,0.0320,1.620,1.800,99.000
1785589725.326,24.1082,15.9665,0.8269,1.6201,0.0430,0.0839,20,RACING,3,37.99,0.0320,1.620,1.800,99.000
1785589725.328,24.1082,15.9665,0.8269,1.6201,0.0430,0.0839,20,RACING,3,37.99,0.0320,1.620,1.800,99.000
1785589725.377,25.0927,17.2875,1.0336,1.6201,0.0430,0.1089,20,RACING,3,39.74,0.1153,1.620,1.800,99.000
1785589725.428,25.1359,17.3585,1.0443,1.6201,0.2660,0.1089,20,RACING,3,39.74,0.0539,1.620,1.800,1.937
1785589725.478,25.1712,17.4298,1.0869,1.6201,0.2660,0.0743,20,RACING,3,39.74,0.0723,1.620,1.800,1.937
1785589725.528,25.2063,17.5013,1.1527,1.6201,0.2645,0.0743,20,RACING,3,39.99,0.1391,1.620,1.800,1.827
1785589725.577,25.2364,17.5764,1.2192,1.6201,0.2619,0.1434,20,RACING,3,39.99,0.0810,1.620,1.800,1.883
1785589725.629,25.2596,17.6530,1.2850,1.6201,0.2574,0.1434,20,RACING,3,39.99,0.0761,1.620,1.800,1.883
1785589725.678,25.2794,17.7307,1.3494,1.6201,0.2416,0.0636,20,RACING,3,39.99,0.1318,1.620,1.800,1.915
1785589725.727,25.2926,17.8117,1.4108,1.6201,0.2400,0.0636,20,RACING,3,40.24,0.0931,1.620,1.800,1.915
1785589725.777,25.3020,17.8922,1.4708,1.6201,0.2365,0.1216,20,RACING,3,40.24,0.0689,1.620,1.800,2.022
1785589725.828,25.3054,17.9712,1.5289,1.6201,0.2141,0.1216,20,RACING,3,40.24,0.1132,1.620,1.800,2.022
1785589725.878,25.3084,18.0521,1.5823,1.6201,0.2137,0.0415,20,RACING,3,40.49,0.1052,1.620,1.800,1.983
1785589725.927,25.3057,18.1329,1.6356,1.6201,0.2153,0.0415,20,RACING,3,40.49,0.0643,1.620,1.800,1.983
1785589725.977,25.3002,18.2132,1.6892,1.6201,0.1998,0.1217,20,RACING,3,40.49,0.0993,1.620,1.800,2.188
1785589726.027,25.2885,18.2936,1.7390,1.6247,0.1879,0.1217,20,RACING,3,40.74,0.1194,1.625,1.800,2.188
1785589726.078,25.2710,18.3739,1.7861,1.6247,0.1875,0.1059,20,RACING,3,40.74,0.0648,1.625,1.800,2.446
1785589726.127,25.2530,18.4523,1.8328,1.6247,0.1717,0.1059,20,RACING,3,40.74,0.0856,1.625,1.800,2.446
1785589726.177,25.2342,18.5303,1.8754,1.7220,0.1724,0.0732,20,RACING,3,40.99,0.1351,1.722,1.800,2.306
1785589726.228,25.2056,18.6121,1.9211,1.7220,0.1724,0.0732,20,RACING,3,40.99,0.0736,1.722,1.800,2.306
1785589726.279,25.1747,18.6912,1.9661,1.7220,0.1720,0.0327,20,RACING,3,40.99,0.0838,1.722,1.800,2.477
1785589726.328,25.1403,18.7701,2.0115,1.7220,0.1720,0.0327,20,RACING,3,41.24,0.1378,1.826,1.800,2.477
1785589726.377,25.1020,18.8475,2.0572,1.8000,0.1512,0.0287,20,RACING,3,41.24,0.0780,1.826,1.800,99.000
1785589726.428,25.0585,18.9250,2.0984,1.8000,0.1509,0.0287,20,RACING,3,41.24,0.0880,1.826,1.800,99.000
1785589726.479,25.0112,19.0016,2.1397,1.8000,0.1331,0.1922,20,RACING,3,41.49,0.1329,1.891,1.800,99.000
1785589726.527,24.9592,19.0765,2.1762,1.8000,0.1327,0.1922,20,RACING,3,41.49,0.0733,1.891,1.800,99.000
1785589726.578,24.9035,19.1516,2.2136,1.8000,0.1177,0.0744,20,RACING,3,41.49,0.0982,1.891,1.800,99.000
1785589726.628,24.8518,19.2212,2.2450,1.8000,0.1180,0.0744,20,RACING,3,41.74,0.1214,1.953,1.800,99.000
1785589726.677,24.7969,19.2904,2.2772,1.8000,0.1184,0.0520,20,RACING,3,41.74,0.0748,1.953,1.800,99.000
1785589726.728,24.7356,19.3585,2.3100,1.8000,0.1036,0.0520,20,RACING,3,41.74,0.1083,1.953,1.800,99.000
1785589726.777,24.6767,19.4235,2.3381,1.8000,0.1039,0.0259,20,RACING,3,41.99,0.1146,2.037,1.800,99.000
1785589726.828,24.6121,19.4878,2.3666,1.8000,0.1039,0.0259,20,RACING,3,41.99,0.0747,2.037,1.800,99.000
1785589726.878,24.5455,19.5500,2.3950,1.8000,0.0902,0.1177,20,RACING,3,41.99,0.1192,2.037,1.800,99.000
1785589726.928,24.4769,19.6105,2.4198,1.8000,0.0900,0.1177,20,RACING,3,42.24,0.0993,2.116,1.800,99.000
1785589726.978,24.4072,19.6692,2.4444,1.8000,0.0897,0.1807,20,RACING,3,42.24,0.0743,2.116,1.800,99.000
1785589727.029,24.3340,19.7265,2.4691,1.8000,0.0773,0.1807,20,RACING,3,42.24,0.1331,2.116,1.800,99.000
1785589727.078,24.2645,19.7811,2.4899,1.8000,0.0773,0.0318,20,RACING,3,42.49,0.0838,2.133,1.800,99.000
1785589727.127,24.1945,19.8350,2.5111,1.8000,0.0777,0.0318,20,RACING,3,42.49,0.0776,2.133,1.800,99.000
1785589727.178,24.1233,19.8876,2.5324,1.8000,0.0671,0.0297,20,RACING,3,42.74,0.1427,2.178,1.800,99.000
1785589727.229,24.0463,19.9391,2.5509,1.8000,0.0671,0.0297,20,RACING,3,42.74,0.0729,2.178,1.800,99.000
1785589727.278,23.9722,19.9878,2.5690,1.8000,0.0669,0.0987,20,RACING,3,42.74,0.0831,2.178,1.800,99.000
1785589727.328,23.8977,20.0358,2.5872,1.8000,0.0576,0.0987,20,RACING,3,42.99,0.1251,2.218,1.800,99.000
1785589727.377,23.8197,20.0828,2.6030,1.8000,0.0576,0.0419,20,RACING,3,42.99,0.0619,2.218,1.800,99.000
1785589727.427,23.7446,20.1282,2.6187,1.8000,0.0508,0.0419,20,RACING,3,42.99,0.0903,2.218,1.800,99.000
1785589727.477,23.6628,20.1727,2.6326,1.8000,0.0504,0.4079,20,RACING,3,43.24,0.1043,2.225,1.800,99.000
1785589727.528,23.5836,20.2163,2.6465,1.8000,0.0505,0.4079,20,RACING,3,43.24,0.0517,2.225,1.800,99.000
1785589727.578,23.5079,20.2580,2.6601,1.8000,0.0449,0.0392,20,RACING,3,43.24,0.1005,2.225,1.800,99.000
1785589727.628,23.4289,20.2994,2.6724,1.8000,0.0451,0.0392,20,RACING,3,43.49,0.0897,2.268,1.800,99.000
1785589727.677,23.3466,20.3401,2.6849,1.8000,0.0451,0.0748,20,RACING,3,43.49,0.0489,2.268,1.800,99.000
1785589727.728,23.2644,20.3788,2.6970,1.8000,0.0398,0.0748,20,RACING,3,43.49,0.1149,2.268,1.800,99.000
1785589727.778,23.1818,20.4171,2.7079,1.8000,0.0397,0.0396,20,RACING,3,43.74,0.0664,2.268,1.800,99.000
1785589727.835,23.1818,20.4171,2.7079,1.8000,0.0397,0.0396,20,RACING,3,43.74,0.0664,2.268,1.800,99.000
1785589727.878,23.1818,20.4171,2.7079,1.8000,0.0397,0.0396,20,RACING,3,43.74,0.0664,2.268,1.800,99.000
1785589727.928,23.0531,20.4743,2.7246,1.8000,0.0360,0.0536,20,RACING,3,43.74,0.0941,2.268,1.800,99.000
1785589727.977,22.8518,20.5612,2.7506,1.8000,0.0329,0.0964,20,RACING,3,43.99,0.0633,2.268,1.800,99.000
1785589728.028,22.7677,20.5956,2.7596,1.8000,0.0329,0.0964,20,RACING,3,44.24,0.1079,2.287,1.800,99.000
1785589728.077,22.6846,20.6286,2.7686,1.8000,0.0329,0.0288,20,RACING,3,44.24,0.0300,2.287,1.800,99.000
1785589728.168,22.6846,20.6286,2.7686,1.8000,0.0329,0.0288,20,RACING,3,44.24,0.0300,2.287,1.800,99.000
1785589728.242,22.6846,20.6286,2.7686,1.8000,0.0329,0.0288,20,RACING,3,44.24,0.0300,2.287,1.800,99.000
1785589728.242,22.6846,20.6286,2.7686,1.8000,0.0329,0.0288,20,RACING,3,44.24,0.0300,2.287,1.800,99.000
1785589728.278,22.3425,20.7567,2.8054,1.8000,0.0311,0.2154,20,RACING,3,44.24,0.1015,2.287,1.800,99.000
1785589728.328,22.2657,20.7838,2.8132,1.8000,0.0298,0.0514,20,RACING,3,44.49,0.0717,2.280,1.800,99.000
1785589728.380,22.2657,20.7838,2.8132,1.8000,0.0297,0.0514,20,RACING,3,44.74,0.0717,2.280,1.800,99.000
1785589728.432,22.0918,20.8411,2.8300,1.8000,0.0295,0.0678,20,RACING,3,44.74,0.1145,2.280,1.800,99.000
1785589728.477,22.0063,20.8681,2.8380,1.8000,0.0290,0.1087,20,RACING,3,44.99,0.0487,2.276,1.800,99.000
1785589728.528,21.9208,20.8937,2.8456,1.8000,0.0286,0.1087,20,RACING,3,44.99,0.0434,2.276,1.800,99.000
1785589728.579,21.8334,20.9199,2.8535,1.8000,0.0286,0.1087,20,RACING,3,45.24,0.1171,2.276,1.800,99.000
1785589728.686,21.8334,20.9199,2.8535,1.8000,0.0286,0.0763,20,RACING,3,45.24,0.1171,2.276,1.800,99.000
1785589728.687,21.8334,20.9199,2.8535,1.8000,0.0286,0.0763,20,RACING,3,45.24,0.1171,2.276,1.800,99.000
1785589728.731,21.8334,20.9199,2.8535,1.8000,0.0289,0.0763,20,RACING,3,45.24,0.1171,2.276,1.800,99.000
1785589728.778,21.7098,20.9560,2.8647,1.8000,0.0289,0.0763,20,RACING,3,45.24,0.0139,2.276,1.800,99.000
1785589728.831,21.7098,20.9560,2.8647,1.8000,0.0290,0.0763,20,RACING,3,45.24,0.0139,2.276,1.800,99.000
1785589728.878,21.4634,21.0228,2.8869,1.8000,0.0296,0.0457,20,RACING,3,45.49,0.0175,2.272,1.800,99.000
1785589728.932,21.2607,21.0742,2.9057,1.8000,0.0308,0.0739,20,RACING,3,45.74,0.0240,2.272,1.800,99.000
1785589729.004,21.2043,21.0878,2.9109,1.8000,0.0310,0.0739,20,RACING,3,45.74,0.0341,2.272,1.800,99.000
1785589729.032,21.2043,21.0878,2.9109,1.8000,0.0310,0.0739,20,RACING,3,45.74,0.0341,2.272,1.800,99.000
1785589729.078,20.9987,21.1336,2.9305,1.8000,0.0310,0.0739,20,RACING,3,45.74,0.0053,2.272,1.800,99.000
1785589729.128,20.8507,21.1642,2.9448,1.8000,0.0328,0.1345,20,RACING,3,46.24,0.1042,2.263,1.800,99.000
1785589729.177,20.7598,21.1817,2.9538,1.8000,0.0329,0.1345,20,RACING,3,46.24,0.0116,2.263,1.800,99.000
1785589729.228,20.6727,21.1977,2.9626,1.8000,0.0329,0.0920,20,RACING,3,46.24,0.0770,2.263,1.800,99.000
1785589729.284,20.6727,21.1977,2.9626,1.8000,0.0338,0.0920,20,RACING,3,46.24,0.0770,2.263,1.800,99.000
1785589729.371,20.6727,21.1977,2.9626,1.8000,0.0338,0.0920,20,RACING,3,46.24,0.0770,2.263,1.800,99.000
1785589729.385,20.6727,21.1977,2.9626,1.8000,0.0338,0.0920,20,RACING,3,46.24,0.0770,2.263,1.800,99.000
1785589729.440,20.6727,21.1977,2.9626,1.8000,0.0338,0.0920,20,RACING,3,46.24,0.0770,2.263,1.800,99.000
1785589729.494,20.6727,21.1977,2.9626,1.8000,0.0338,0.0920,20,RACING,3,46.24,0.0770,2.263,1.800,99.000
1785589729.528,20.6727,21.1977,2.9626,1.8000,0.0338,0.0485,20,RACING,3,46.24,0.0770,2.263,1.800,99.000
1785589729.577,20.4570,21.2343,2.9845,1.8000,0.0341,0.0757,20,RACING,3,46.99,0.0459,2.256,1.800,99.000
1785589729.628,19.9855,21.2976,3.0336,1.8000,0.0370,0.0581,20,RACING,3,46.99,0.0219,2.256,1.800,99.000
1785589729.678,19.8981,21.3068,3.0436,1.8000,0.0376,0.1365,20,RACING,3,46.99,0.1096,2.256,1.800,99.000
1785589729.729,19.8061,21.3151,3.0539,1.8000,0.0376,0.1365,20,RACING,3,47.24,0.0480,2.250,1.800,99.000
1785589729.778,19.7114,21.3229,3.0648,1.8000,0.0376,0.1365,20,RACING,3,47.24,0.0471,2.250,1.800,99.000
1785589729.828,19.6281,21.3290,3.0744,1.8000,0.0382,0.0201,20,RACING,3,47.49,0.1193,2.250,1.800,99.000
1785589729.879,19.5370,21.3345,3.0848,1.8000,0.0383,0.0424,20,RACING,3,47.49,0.0281,2.250,1.800,99.000
1785589729.929,19.4442,21.3393,3.0953,1.8000,0.0383,0.0424,20,RACING,3,47.49,0.0649,2.250,1.800,99.000
1785589729.982,19.3504,21.3430,3.1064,1.8000,0.0390,0.0529,20,RACING,3,47.74,0.0912,2.246,1.800,99.000
1785589730.028,19.2638,21.3456,3.1165,1.8000,0.0391,0.0529,20,RACING,3,47.74,0.0052,2.246,1.800,99.000
1785589730.078,19.1740,21.3474,3.1274,1.8000,0.0395,0.0529,20,RACING,3,47.74,0.0853,2.246,1.800,99.000
1785589730.216,19.1740,21.3474,3.1274,1.8000,0.0395,0.0766,20,RACING,3,47.74,0.0853,2.246,1.800,99.000
1785589730.229,19.1740,21.3474,3.1274,1.8000,0.0395,0.0766,20,RACING,3,47.74,0.0853,2.246,1.800,99.000
1785589730.231,19.1740,21.3474,3.1274,1.8000,0.0395,0.0766,20,RACING,3,47.74,0.0853,2.246,1.800,99.000
1785589730.278,19.1740,21.3474,3.1274,1.8000,0.0395,0.0766,20,RACING,3,47.74,0.0853,2.246,1.800,99.000
1785589730.460,18.7894,21.3438,-3.1095,1.8000,0.0395,0.0348,20,RACING,3,48.24,0.0301,2.246,1.800,99.000
1785589730.461,18.7894,21.3438,-3.1095,1.8000,0.0395,0.0348,20,RACING,3,48.24,0.0301,2.246,1.800,99.000
1785589730.461,18.7894,21.3438,-3.1095,1.8000,0.0395,0.0348,20,RACING,3,48.24,0.0301,2.246,1.800,99.000
1785589730.479,18.7894,21.3438,-3.1095,1.8000,0.0395,0.0348,20,RACING,3,48.24,0.0301,2.246,1.800,99.000
1785589730.529,18.7894,21.3438,-3.1095,1.8000,0.0401,0.0348,20,RACING,3,48.24,0.0301,2.246,1.800,99.000
1785589730.579,18.3122,21.3146,-3.0513,1.8000,0.0401,0.0377,20,RACING,3,48.74,0.0516,2.245,1.800,99.000
1785589730.629,18.2803,21.3118,-3.0475,1.8000,0.0419,0.0767,20,RACING,3,48.74,0.0197,2.245,1.800,99.000
1785589730.685,18.1795,21.3016,-3.0346,1.8000,0.0421,0.0767,20,RACING,3,48.74,0.0818,2.245,1.800,99.000
1785589730.739,18.1795,21.3016,-3.0346,1.8000,0.0421,0.0767,20,RACING,3,48.74,0.0818,2.245,1.800,99.000
1785589730.789,17.9541,21.2742,-3.0059,1.8000,0.0421,0.0277,20,RACING,3,48.74,0.0589,2.245,1.800,99.000
1785589730.820,17.8175,21.2547,-2.9885,1.8000,0.0431,0.0315,20,RACING,3,49.24,0.0531,2.244,1.800,99.000
1785589730.880,17.7905,21.2498,-2.9843,1.8000,0.0431,0.0746,20,RACING,3,49.24,0.0257,2.244,1.800,99.000
1785589730.921,17.6588,21.2276,-2.9668,1.8000,0.0430,0.0691,20,RACING,3,49.24,0.1079,2.244,1.800,99.000
1785589731.004,17.6588,21.2276,-2.9668,1.8000,0.0436,0.0691,20,RACING,3,49.24,0.1079,2.244,1.800,99.000
1785589731.093,17.6588,21.2276,-2.9668,1.8000,0.0436,0.0691,20,RACING,3,49.24,0.1079,2.244,1.800,99.000
1785589731.416,17.6588,21.2276,-2.9668,1.8000,0.0436,0.0691,20,RACING,3,49.24,0.1079,2.244,1.800,99.000
1785589731.478,17.6588,21.2276,-2.9668,1.8000,0.0436,0.0691,20,RACING,3,49.24,0.1079,2.244,1.800,99.000
1785589731.491,17.6588,21.2276,-2.9668,1.8000,0.0436,0.0691,20,RACING,3,49.24,0.1079,2.244,1.800,99.000
1785589731.541,17.6588,21.2276,-2.9668,1.8000,0.0436,0.0691,20,RACING,3,49.24,0.1079,2.244,1.800,99.000
1785589731.592,17.5369,21.2053,-2.9506,1.8000,0.0438,0.1042,20,RACING,3,49.49,0.0182,2.244,1.800,99.000
1785589731.640,16.5346,20.9388,-2.8132,1.8000,0.0467,0.1042,20,RACING,3,50.49,0.0201,2.244,1.800,99.000
1785589731.689,16.3527,20.8740,-2.7875,1.8000,0.0474,0.0448,20,RACING,3,50.74,0.0368,2.244,1.800,99.000
1785589731.739,16.2810,20.8467,-2.7765,1.8000,0.0473,0.0758,20,RACING,3,50.74,0.0399,2.244,1.800,99.000
1785589731.872,16.2810,20.8467,-2.7765,1.8000,0.0473,0.0758,20,RACING,3,50.74,0.0399,2.244,1.800,99.000
1785589731.905,16.2810,20.8467,-2.7765,1.8000,0.0473,0.0758,20,RACING,3,50.74,0.0399,2.244,1.800,99.000
1785589731.905,16.2810,20.8467,-2.7765,1.8000,0.0473,0.0758,20,RACING,3,50.74,0.0399,2.244,1.800,99.000
1785589731.940,16.2810,20.8467,-2.7765,1.8000,0.0473,0.0758,20,RACING,3,50.74,0.0399,2.244,1.800,99.000
1785589732.008,16.2810,20.8467,-2.7765,1.8000,0.0473,0.0758,20,RACING,3,50.74,0.0399,2.244,1.800,99.000
1785589732.041,15.8679,20.6731,-2.7121,1.8000,0.0473,0.1317,20,RACING,3,51.24,0.0119,2.244,1.800,99.000
1785589732.090,15.6715,20.5804,-2.6812,1.8000,0.0464,0.0212,20,RACING,3,51.49,0.0448,2.244,1.800,99.000
1785589732.139,15.6212,20.5557,-2.6734,1.8000,0.0466,0.0209,20,RACING,3,51.49,0.0114,2.244,1.800,99.000
1785589732.189,15.5417,20.5141,-2.6606,1.8000,0.0461,0.0209,20,RACING,3,51.49,0.1009,2.244,1.800,99.000
1785589732.249,15.4644,20.4716,-2.6479,1.8000,0.0461,0.1024,20,RACING,3,51.74,0.0608,2.244,1.800,99.000
1785589732.296,15.3629,20.4161,-2.6318,1.8000,0.0453,0.1024,20,RACING,3,51.74,0.0549,2.244,1.800,99.000
1785589732.339,15.2954,20.3754,-2.6204,1.8000,0.0441,0.0701,20,RACING,3,51.99,0.1163,2.244,1.800,99.000
1785589732.388,15.2374,20.3403,-2.6110,1.8000,0.0435,0.2133,20,RACING,3,51.99,0.0486,2.244,1.800,99.000
1785589732.439,15.1588,20.2937,-2.5990,1.8000,0.0436,0.2133,20,RACING,3,51.99,0.0431,2.244,1.800,99.000
1785589732.489,15.0795,20.2472,-2.5873,1.8000,0.0441,0.0605,20,RACING,3,52.24,0.1151,2.247,1.800,99.000
1785589732.538,15.0031,20.1992,-2.5751,1.8000,0.0441,0.0605,20,RACING,3,52.24,0.0249,2.247,1.800,99.000
1785589732.588,14.9305,20.1505,-2.5631,1.8000,0.0421,0.4329,20,RACING,3,52.24,0.0626,2.247,1.800,99.000
1785589732.639,14.8557,20.1012,-2.5517,1.8000,0.0421,0.4329,20,RACING,3,52.49,0.0978,2.247,1.800,99.000
1785589732.688,14.7755,20.0493,-2.5399,1.8000,0.0432,0.0265,20,RACING,3,52.49,0.0024,2.247,1.800,99.000
1785589732.739,14.7038,19.9993,-2.5284,1.8000,0.0406,0.0265,20,RACING,3,52.49,0.0851,2.247,1.800,99.000
1785589732.789,14.6293,19.9470,-2.5173,1.8000,0.0409,0.0961,20,RACING,3,52.74,0.0738,2.173,1.800,99.000
1785589732.839,14.5550,19.8940,-2.5062,1.8000,0.0414,0.0961,20,RACING,3,52.74,0.0176,2.173,1.800,99.000
1785589732.888,14.4839,19.8403,-2.4949,1.8000,0.0374,0.1574,20,RACING,3,52.74,0.1065,2.173,1.800,99.000
1785589732.939,14.4112,19.7857,-2.4847,1.8000,0.0378,0.1574,20,RACING,3,52.99,0.0528,2.093,1.800,99.000
1785589732.989,14.3390,19.7304,-2.4744,1.8000,0.0381,0.0781,20,RACING,3,52.99,0.0386,2.093,1.800,99.000
1785589733.039,14.2696,19.6741,-2.4639,1.8000,0.0330,0.0781,20,RACING,3,53.24,0.1226,2.001,1.800,99.000
1785589733.088,14.1989,19.6161,-2.4547,1.8000,0.0328,0.0690,20,RACING,3,53.24,0.0318,2.001,1.800,99.000
1785589733.139,14.1319,19.5602,-2.4460,1.8000,0.0278,0.0690,20,RACING,3,53.24,0.0566,2.001,1.800,99.000
1785589733.188,14.0593,19.5002,-2.4382,1.8000,0.0281,0.0392,20,RACING,3,53.49,0.1003,1.871,1.800,99.000
1785589733.239,13.9935,19.4426,-2.4306,1.8000,0.0276,0.0392,20,RACING,3,53.49,0.0159,1.871,1.800,99.000
1785589733.289,13.9294,19.3841,-2.4231,1.8000,0.0212,0.1540,20,RACING,3,53.49,0.0748,1.871,1.800,99.000
1785589733.339,13.8625,19.3256,-2.4174,1.7587,0.0213,0.1540,20,RACING,3,53.74,0.0876,1.759,1.800,99.000
1785589733.389,13.7940,19.2667,-2.4117,1.7587,0.0220,0.2692,20,RACING,3,53.74,0.0138,1.759,1.800,99.000
1785589733.439,13.7290,19.2081,-2.4059,1.7587,0.0155,0.2692,20,RACING,3,53.74,0.0919,1.759,1.800,99.000
1785589733.489,13.6619,19.1471,-2.4016,1.6810,0.0154,0.2150,20,RACING,3,53.99,0.0705,1.681,1.800,99.000
1785589733.539,13.5989,19.0921,-2.3978,1.6810,0.0164,0.2150,20,RACING,3,53.99,0.0244,1.681,1.800,99.000
1785589733.589,13.5376,19.0342,-2.3936,1.6810,0.0084,0.2150,20,RACING,3,53.99,0.1011,1.681,1.800,99.000
1785589733.639,13.4765,18.9777,-2.3936,1.6196,0.0096,0.0530,20,RACING,3,54.24,0.0709,1.620,1.800,99.000
1785589733.689,13.4167,18.9226,-2.3936,1.6196,0.0110,0.0639,20,RACING,3,54.24,0.0263,1.620,1.800,99.000
1785589733.739,13.3558,18.8677,-2.3909,1.6196,0.0027,0.0639,20,RACING,3,54.24,0.0987,1.620,1.800,99.000
1785589733.789,13.2976,18.8126,-2.3909,1.6196,0.0028,0.0250,20,RACING,3,54.49,0.0788,1.620,1.800,99.000
1785589733.838,13.2363,18.7571,-2.3909,1.6196,0.0037,0.0250,20,RACING,3,54.49,0.0297,1.620,1.800,99.000
1785589733.888,13.1742,18.7005,-2.3909,1.6196,-0.0057,0.1263,20,RACING,3,54.49,0.0972,1.620,1.800,99.000
1785589733.939,13.1129,18.6436,-2.3909,1.6196,-0.0063,0.1263,20,RACING,3,54.74,0.0807,1.620,1.800,99.000
1785589733.988,13.0570,18.5916,-2.3909,1.6196,-0.0071,0.0369,20,RACING,3,54.74,0.0333,1.620,1.800,99.000
1785589734.040,12.9975,18.5355,-2.3909,1.6196,-0.0193,0.0369,20,RACING,3,54.74,0.0907,1.620,1.800,99.000
1785589734.088,12.9380,18.4813,-2.3956,1.6196,-0.0191,0.1547,20,RACING,3,54.99,0.0921,1.620,1.800,99.000
1785589734.140,12.8779,18.4253,-2.4004,1.6196,-0.0193,0.1547,20,RACING,3,54.99,0.0356,1.620,1.800,99.000
1785589734.189,12.8183,18.3715,-2.4050,1.6196,-0.0318,0.0669,20,RACING,3,54.99,0.0857,1.620,1.800,99.000
1785589734.239,12.7558,18.3148,-2.4132,1.6196,-0.0320,0.0669,20,RACING,3,55.24,0.0953,1.620,1.800,99.000
1785589734.288,12.7003,18.2626,-2.4208,1.6196,-0.0328,0.0485,20,RACING,3,55.24,0.0377,1.620,1.800,99.000
1785589734.338,12.6381,18.2108,-2.4287,1.6196,-0.0468,0.0485,20,RACING,3,55.24,0.0798,1.620,1.800,99.000
1785589734.389,12.5766,18.1581,-2.4402,1.6196,-0.0468,0.0485,20,RACING,3,55.49,0.1064,1.620,1.800,99.000
1785589734.439,12.5139,18.1051,-2.4519,1.6196,-0.0469,0.0322,20,RACING,3,55.49,0.0442,1.620,1.800,99.000
1785589734.489,12.4523,18.0548,-2.4633,1.6196,-0.0469,0.0322,20,RACING,3,55.49,0.0763,1.620,1.800,99.000
1785589734.541,12.3898,18.0041,-2.4749,1.6196,-0.0667,0.0403,20,RACING,3,55.74,0.1137,1.620,1.800,99.000
1785589734.589,12.3262,17.9548,-2.4912,1.6196,-0.0667,0.0403,20,RACING,3,55.74,0.0511,1.620,1.800,99.000
1785589734.705,12.2612,17.9066,-2.5075,1.6196,-0.0866,0.0306,20,RACING,3,55.74,0.0738,1.620,1.800,99.000
1785589734.705,12.2612,17.9066,-2.5075,1.6196,-0.0866,0.0306,20,RACING,3,55.74,0.0738,1.620,1.800,99.000
1785589734.740,12.2612,17.9066,-2.5075,1.6196,-0.0866,0.0306,20,RACING,3,55.74,0.0738,1.620,1.800,99.000
1785589734.977,12.2612,17.9066,-2.5075,1.6196,-0.0866,0.0306,20,RACING,3,55.74,0.0738,1.620,1.800,99.000
1785589734.979,12.2612,17.9066,-2.5075,1.6196,-0.0866,0.0306,20,RACING,3,55.74,0.0738,1.620,1.800,99.000
1785589735.042,12.2612,17.9066,-2.5075,1.6196,-0.0866,0.0306,20,RACING,3,55.74,0.0738,1.620,1.800,99.000
1785589735.081,12.2612,17.9066,-2.5075,1.6196,-0.0866,0.0306,20,RACING,3,55.74,0.0738,1.620,1.800,99.000
1785589735.137,12.2612,17.9066,-2.5075,1.6196,-0.0866,0.0306,20,RACING,3,55.74,0.0738,1.620,1.800,99.000
1785589735.185,12.2612,17.9066,-2.5075,1.6196,-0.0866,0.0306,20,RACING,3,55.74,0.0738,1.620,1.800,99.000
1785589735.266,12.1316,17.8132,-2.5400,1.6196,-0.0921,0.0306,20,RACING,3,55.74,0.0590,1.620,1.800,99.000
1785589735.281,11.3752,17.4113,-2.7656,1.6196,-0.0921,0.4356,20,RACING,3,55.74,0.1045,1.620,1.800,99.000
1785589735.331,11.2999,17.3821,-2.7870,1.6196,-0.2363,0.0949,20,RACING,3,56.99,0.0820,1.620,1.800,2.443
1785589735.379,11.2187,17.3535,-2.8107,1.6196,-0.2363,0.0396,20,RACING,3,56.99,0.0325,1.620,1.800,1.767
1785589735.430,11.1444,17.3308,-2.8676,1.6196,-0.2540,0.0396,20,RACING,3,56.99,0.0941,1.620,1.800,1.767
1785589735.479,11.0690,17.3116,-2.9307,1.6196,-0.2518,0.0396,20,RACING,3,57.24,0.0797,1.620,1.800,1.767
1785589735.530,10.9828,17.2957,-3.0007,1.6196,-0.2493,0.0770,20,RACING,3,57.24,0.0080,1.620,1.800,1.888
1785589735.580,10.9096,17.2874,-3.0593,1.6196,-0.2206,0.0369,20,RACING,3,57.24,0.0816,1.620,1.800,1.998
1785589735.631,10.8291,17.2833,-3.1127,1.6608,-0.2125,0.0369,20,RACING,3,57.49,0.0907,1.661,1.800,1.998
1785589735.680,10.7449,17.2834,3.1133,1.6608,-0.2105,0.0450,20,RACING,3,57.49,0.0231,1.661,1.800,2.124
1785589735.734,10.6671,17.2872,3.0629,1.6608,-0.1781,0.0450,20,RACING,3,57.49,0.0766,1.661,1.800,2.124
1785589735.799,10.6671,17.2872,3.0629,1.6608,-0.1781,0.0450,20,RACING,3,57.49,0.0766,1.661,1.800,2.124
1785589735.832,10.6671,17.2872,3.0629,1.6608,-0.1781,0.0450,20,RACING,3,57.49,0.0766,1.661,1.800,2.124
1785589735.887,10.5561,17.2999,2.9919,1.6608,-0.1781,0.0450,20,RACING,3,57.74,0.0826,1.786,1.800,2.124
1785589735.954,10.4069,17.3301,2.8929,1.6608,-0.1781,0.0987,20,RACING,3,57.74,0.0940,1.786,1.800,2.142
1785589736.011,10.4069,17.3301,2.8929,1.7860,-0.1414,0.0987,20,RACING,3,57.74,0.0940,1.786,1.800,2.142
1785589736.029,10.3170,17.3547,2.8432,1.7860,-0.1414,0.0987,20,RACING,3,57.74,0.1025,1.786,1.800,2.142
1785589736.079,10.1358,17.4219,2.7366,1.8000,-0.1010,0.0987,20,RACING,3,57.99,0.1269,1.906,1.800,99.000
1785589736.177,10.0448,17.4648,2.6921,1.8000,-0.0936,0.2089,20,RACING,3,58.24,0.0825,2.020,1.800,99.000
1785589736.185,10.0448,17.4648,2.6921,1.8000,-0.0936,0.2089,20,RACING,3,58.24,0.0825,2.020,1.800,99.000
1785589736.229,10.0448,17.4648,2.6921,1.8000,-0.0936,0.1274,20,RACING,3,58.24,0.0825,2.020,1.800,99.000
1785589736.279,9.7251,17.6401,2.5884,1.8000,-0.0936,0.0582,20,RACING,3,58.49,0.0959,2.148,1.800,99.000
1785589736.329,9.6495,17.6887,2.5627,1.8000,-0.0567,0.4078,20,RACING,3,58.74,0.1212,2.104,1.800,99.000
1785589736.380,9.6495,17.6887,2.5627,1.8000,-0.0513,0.0594,20,RACING,3,58.74,0.1212,2.104,1.800,99.000
1785589736.429,9.5012,17.7894,2.5333,1.8000,-0.0508,0.0594,20,RACING,3,58.74,0.1046,2.104,1.800,99.000
1785589736.479,9.4282,17.8410,2.5228,1.8000,-0.0384,0.0845,20,RACING,3,58.99,0.1056,2.020,1.800,99.000
1785589736.529,9.3548,17.8944,2.5122,1.8000,-0.0383,0.0845,20,RACING,3,58.99,0.0650,2.020,1.800,99.000
1785589736.584,9.3548,17.8944,2.5122,1.8000,-0.0381,0.0845,20,RACING,3,58.99,0.0650,2.020,1.800,99.000
1785589736.655,9.3548,17.8944,2.5122,1.8000,-0.0381,0.0845,20,RACING,3,58.99,0.0650,2.020,1.800,99.000
1785589736.686,9.2785,17.9511,2.5011,1.8000,-0.0381,0.0958,20,RACING,3,58.99,0.1204,2.020,1.800,99.000
1785589736.737,9.1634,18.0378,2.4844,1.8000,-0.0267,0.0958,20,RACING,3,58.99,0.0605,2.020,1.800,99.000
1785589736.783,8.9971,18.1707,2.4650,1.8000,-0.0119,0.0701,20,RACING,3,59.49,0.0682,1.837,1.800,99.000
1785589736.853,8.9971,18.1707,2.4650,1.8000,-0.0100,0.0701,20,RACING,3,59.49,0.0682,1.837,1.800,99.000
1785589736.879,8.8628,18.2812,2.4597,1.8000,-0.0100,0.0280,20,RACING,3,59.74,0.1279,1.829,1.800,99.000
1785589736.935,8.8628,18.2812,2.4597,1.8000,-0.0010,0.0280,20,RACING,3,59.74,0.1279,1.829,1.800,99.000
1785589736.980,8.8628,18.2812,2.4597,1.8000,0.0006,0.0280,20,RACING,3,59.74,0.1279,1.829,1.800,99.000
1785589737.029,8.7231,18.3961,2.4568,1.8000,0.0075,0.0788,20,RACING,3,59.74,0.0750,1.829,1.800,99.000
1785589737.079,8.5892,18.5084,2.4568,1.8000,0.0097,0.0988,20,RACING,3,59.99,0.0382,1.821,1.800,99.000
1785589737.143,8.5892,18.5084,2.4568,1.8000,0.0107,0.0988,20,RACING,3,59.99,0.0382,1.821,1.800,99.000
1785589737.179,8.4898,18.5900,2.4568,1.8000,0.0107,0.0988,20,RACING,3,59.99,0.1196,1.821,1.800,99.000
1785589737.230,8.4406,18.6278,2.4587,1.8000,0.0196,0.1038,20,RACING,3,60.24,0.0797,1.815,1.800,99.000
1785589737.279,8.3042,18.7357,2.4688,1.8000,0.0191,0.0444,20,RACING,3,60.24,0.1058,1.815,1.800,99.000
1785589737.329,8.2342,18.7912,2.4758,1.8000,0.0258,0.0444,20,RACING,3,60.49,0.0661,1.815,1.800,99.000
1785589737.379,8.2342,18.7912,2.4758,1.8000,0.0258,0.0444,20,RACING,3,60.49,0.0661,1.815,1.800,99.000
1785589737.429,8.0918,18.9014,2.4899,1.8000,0.0258,0.0536,20,RACING,3,60.49,0.1239,1.815,1.800,99.000
1785589737.483,8.0189,18.9555,2.4969,1.8000,0.0340,0.0490,20,RACING,3,60.74,0.0469,1.815,1.800,99.000
1785589737.529,7.9466,19.0093,2.5064,1.8000,0.0349,0.0490,20,RACING,3,60.74,0.0587,1.815,1.800,99.000
1785589737.579,7.8705,19.0628,2.5160,1.8000,0.0436,0.0763,20,RACING,3,60.99,0.1081,1.815,1.800,99.000
1785589737.629,7.7989,19.1147,2.5280,1.8000,0.0444,0.0763,20,RACING,3,60.99,0.0315,1.815,1.800,99.000
1785589737.679,7.7255,19.1664,2.5402,1.8000,0.0446,0.1028,20,RACING,3,60.99,0.0789,1.815,1.800,99.000
1785589737.729,7.6489,19.2182,2.5527,1.8000,0.0560,0.1028,20,RACING,3,61.24,0.0873,1.815,1.800,99.000
1785589737.779,7.5724,19.2667,2.5682,1.8000,0.0576,0.0287,20,RACING,3,61.24,0.0304,1.815,1.800,99.000
1785589737.829,7.4961,19.3154,2.5839,1.8000,0.0572,0.0287,20,RACING,3,61.24,0.1030,1.815,1.800,99.000
1785589737.882,7.4202,19.3606,2.6104,1.7820,0.1153,0.0625,20,RACING,3,61.49,0.0701,1.815,1.800,1.782
1785589737.929,7.3434,19.4057,2.6414,1.7820,0.1118,0.0625,20,RACING,3,61.49,0.0431,1.815,1.800,1.782
1785589737.979,7.2652,19.4476,2.6600,1.8000,0.0601,0.0923,20,RACING,3,61.49,0.1216,1.815,1.800,99.000
1785589738.029,7.1862,19.4883,2.6807,1.8000,0.0761,0.0923,20,RACING,3,61.74,0.0596,1.815,1.800,99.000
1785589738.079,7.1054,19.5272,2.7015,1.8000,0.0762,0.0468,20,RACING,3,61.74,0.0639,1.815,1.800,99.000
1785589738.129,7.0235,19.5644,2.7265,1.8000,0.0918,0.0468,20,RACING,3,61.99,0.1218,1.815,1.800,99.000
1785589738.179,6.9426,19.5997,2.7517,1.8000,0.0918,0.0592,20,RACING,3,61.99,0.0559,1.815,1.800,99.000
1785589738.229,6.8612,19.6329,2.7769,1.8000,0.0918,0.0592,20,RACING,3,61.99,0.0848,1.815,1.800,99.000
1785589738.280,6.7738,19.6640,2.8064,1.8000,0.1068,0.0934,20,RACING,3,62.24,0.1060,1.815,1.800,99.000
1785589738.329,6.6901,19.6917,2.8351,1.8000,0.1068,0.0934,20,RACING,3,62.24,0.0616,1.815,1.800,99.000
1785589738.398,6.6901,19.6917,2.8351,1.8000,0.1068,0.0845,20,RACING,3,62.24,0.0616,1.815,1.800,99.000
1785589738.429,6.6901,19.6917,2.8351,1.8000,0.1068,0.0845,20,RACING,3,62.24,0.0616,1.815,1.800,99.000
1785589738.482,6.5650,19.7279,2.8767,1.8000,0.1211,0.0845,20,RACING,3,62.49,0.1316,1.815,1.800,99.000
1785589738.529,6.3347,19.7800,2.9600,1.8000,0.1226,0.0798,20,RACING,3,62.74,0.1380,1.815,1.800,99.000
1785589738.579,6.2464,19.7946,2.9962,1.8000,0.1337,0.0252,20,RACING,3,62.74,0.0732,1.815,1.800,2.290
1785589738.629,6.1540,19.8066,3.0341,1.8000,0.1338,0.0252,20,RACING,3,62.74,0.0926,1.815,1.800,2.290
1785589738.679,6.0668,19.8143,3.0712,1.8000,0.1398,0.0284,20,RACING,3,62.99,0.1117,1.815,1.800,2.375
1785589738.729,6.0668,19.8143,3.0712,1.8000,0.1398,0.0284,20,RACING,3,62.99,0.1117,1.815,1.800,2.375
1785589738.779,5.8853,19.8197,-3.1341,1.8000,0.1395,0.0861,20,RACING,3,62.99,0.1094,1.815,1.800,2.356
1785589738.829,5.7970,19.8174,-3.0962,1.8000,0.1422,0.0861,20,RACING,3,63.24,0.0850,1.815,1.800,2.356
1785589738.879,5.7062,19.8113,-3.0571,1.8000,0.1425,0.0641,20,RACING,3,63.24,0.0583,1.815,1.800,2.434
1785589738.929,5.6124,19.8016,-3.0166,1.8000,0.1422,0.0641,20,RACING,3,63.24,0.1315,1.815,1.800,2.434
1785589738.979,5.6124,19.8016,-3.0166,1.8000,0.1424,0.1103,20,RACING,3,63.24,0.1315,1.815,1.800,2.426
1785589739.029,5.4385,19.7723,-2.9390,1.8000,0.1419,0.1103,20,RACING,3,63.49,0.0658,1.829,1.800,2.426
1785589739.079,5.3542,19.7530,-2.9020,1.8000,0.1388,0.0954,20,RACING,3,63.74,0.1129,1.861,1.800,99.000
1785589739.129,5.2692,19.7298,-2.8639,1.8000,0.1386,0.0954,20,RACING,3,63.74,0.0356,1.861,1.800,99.000
1785589739.179,5.1842,19.7033,-2.8259,1.8000,0.1379,0.0530,20,RACING,3,63.74,0.0750,1.861,1.800,2.462
1785589739.229,5.0996,19.6737,-2.7894,1.8000,0.1328,0.0530,20,RACING,3,63.98,0.0909,1.900,1.800,2.462
1785589739.280,5.0138,19.6412,-2.7530,1.8000,0.1326,0.1168,20,RACING,3,63.98,0.0160,1.900,1.800,99.000
1785589739.329,4.9320,19.6057,-2.7170,1.8000,0.1333,0.1168,20,RACING,3,63.98,0.0935,1.900,1.800,99.000
1785589739.379,4.8488,19.5666,-2.6815,1.8000,0.1269,0.0987,20,RACING,3,64.23,0.0651,1.945,1.800,99.000
1785589739.429,4.7694,19.5252,-2.6469,1.8000,0.1270,0.0987,20,RACING,3,64.23,0.0247,1.945,1.800,99.000
1785589739.480,4.6944,19.4818,-2.6125,1.8000,0.1269,0.1401,20,RACING,3,64.23,0.1113,1.945,1.800,99.000
1785589739.529,4.6165,19.4350,-2.5799,1.8000,0.1186,0.1401,20,RACING,3,64.48,0.0484,1.984,1.800,99.000
1785589739.579,4.5413,19.3858,-2.5473,1.8000,0.1189,0.1729,20,RACING,3,64.48,0.0426,1.984,1.800,99.000
1785589739.629,4.4670,19.3341,-2.5147,1.8000,0.1188,0.1729,20,RACING,3,64.73,0.1192,2.020,1.800,99.000
1785589739.681,4.3970,19.2806,-2.4845,1.8000,0.1109,0.0520,20,RACING,3,64.73,0.0342,2.020,1.800,99.000
1785589739.729,4.3271,19.2239,-2.4539,1.8000,0.1103,0.0520,20,RACING,3,64.73,0.0615,2.020,1.800,99.000
1785589739.779,4.3271,19.2239,-2.4539,1.8000,0.1029,0.0362,20,RACING,3,64.73,0.0615,2.020,1.800,99.000
1785589739.913,4.2539,19.1630,-2.4222,1.8000,0.1022,0.0362,20,RACING,3,64.98,0.0989,2.058,1.800,99.000
1785589739.913,4.2539,19.1630,-2.4222,1.8000,0.1022,0.0362,20,RACING,3,64.98,0.0989,2.058,1.800,99.000
1785589739.930,4.1859,19.1009,-2.3933,1.8000,0.1022,0.0362,20,RACING,3,64.98,0.0227,2.058,1.800,99.000
1785589740.080,4.1859,19.1009,-2.3933,1.8000,0.1018,0.0362,20,RACING,3,64.98,0.0227,2.058,1.800,99.000
1785589740.080,4.1859,19.1009,-2.3933,1.8000,0.1018,0.0362,20,RACING,3,64.98,0.0227,2.058,1.800,99.000
1785589740.131,4.1859,19.1009,-2.3933,1.8000,0.1018,0.0829,20,RACING,3,64.98,0.0227,2.058,1.800,99.000
1785589740.150,4.1859,19.1009,-2.3933,1.8000,0.1018,0.0829,20,RACING,3,64.98,0.0227,2.058,1.800,99.000
1785589740.185,4.1859,19.1009,-2.3933,1.8000,0.1018,0.0829,20,RACING,3,64.98,0.0227,2.058,1.800,99.000
1785589740.234,4.1859,19.1009,-2.3933,1.8000,0.1018,0.0829,20,RACING,3,64.98,0.0227,2.058,1.800,99.000
1785589740.279,4.0155,18.9271,-2.3164,1.8000,0.1018,0.0829,20,RACING,3,64.98,0.0273,2.058,1.800,99.000
1785589740.330,3.6330,18.4166,-2.1180,1.8000,0.0917,0.2101,20,RACING,3,65.73,0.1236,2.091,1.800,99.000
1785589740.382,3.6330,18.4166,-2.1180,1.8000,0.0917,0.2101,20,RACING,3,65.73,0.1236,2.091,1.800,0.918
1785589740.429,3.5901,18.3381,-2.0926,1.7750,0.0503,0.0237,20,RACING,3,65.98,0.0393,2.074,1.800,99.000
1785589740.479,3.5110,18.1854,-2.0333,1.8000,0.0372,0.0237,20,RACING,3,66.23,0.1170,2.074,1.800,99.000
1785589740.529,3.4693,18.1040,-2.0230,1.8000,0.0353,0.1294,20,RACING,3,66.23,0.0267,2.074,1.800,99.000
1785589740.580,3.4318,18.0237,-2.0135,1.8000,0.0417,0.1294,20,RACING,3,66.23,0.0645,2.074,1.800,99.000
1785589740.629,3.3923,17.9422,-2.0021,1.8000,0.0417,0.0569,20,RACING,3,66.48,0.0971,2.043,1.800,99.000
1785589740.679,3.3536,17.8564,-1.9902,1.8000,0.0422,0.0569,20,RACING,3,66.48,0.0192,2.043,1.800,99.000
1785589740.731,3.3177,17.7738,-1.9787,1.8000,0.0422,0.0621,20,RACING,3,66.48,0.0913,2.043,1.800,99.000
1785589740.780,3.2866,17.6945,-1.9676,1.8000,0.0482,0.0621,20,RACING,3,66.73,0.0799,2.023,1.800,99.000
1785589740.833,3.2866,17.6945,-1.9676,1.8000,0.0480,0.0621,20,RACING,3,66.73,0.0799,2.023,1.800,99.000
1785589740.880,3.2173,17.5264,-1.9412,1.8000,0.0535,0.1624,20,RACING,3,66.73,0.1102,2.023,1.800,99.000
1785589740.930,3.1862,17.4445,-1.9269,1.8000,0.0543,0.0676,20,RACING,3,66.98,0.0613,2.023,1.800,99.000
1785589740.980,3.1518,17.3592,-1.9120,1.8000,0.0543,0.0676,20,RACING,3,66.98,0.0451,2.023,1.800,99.000
1785589741.029,3.1200,17.2748,-1.8973,1.8000,0.0558,0.0602,20,RACING,3,67.23,0.1235,2.002,1.800,99.000
1785589741.079,3.0904,17.1869,-1.8816,1.8000,0.0615,0.0602,20,RACING,3,67.23,0.0357,2.002,1.800,99.000
1785589741.129,3.0640,17.1021,-1.8651,1.8000,0.0626,0.0258,20,RACING,3,67.23,0.0639,2.002,1.800,99.000
1785589741.179,3.0401,17.0162,-1.8481,1.8000,0.0657,0.0258,20,RACING,3,67.48,0.1020,1.986,1.800,99.000
1785589741.229,3.0401,17.0162,-1.8481,1.8000,0.0657,0.1469,20,RACING,3,67.48,0.1020,1.986,1.800,99.000
1785589741.280,2.9926,16.8424,-1.8122,1.8000,0.0669,0.1469,20,RACING,3,67.48,0.0830,1.986,1.800,99.000
1785589741.337,2.9757,16.7518,-1.7933,1.8000,0.0785,0.1161,20,RACING,3,67.73,0.0795,1.986,1.800,99.000
1785589741.439,2.9757,16.7518,-1.7933,1.8000,0.0785,0.1161,20,RACING,3,67.73,0.0795,1.986,1.800,2.060
1785589741.477,2.9757,16.7518,-1.7933,1.8000,0.0785,0.1161,20,RACING,3,67.73,0.0795,1.986,1.800,2.060
1785589741.479,2.9757,16.7518,-1.7933,1.8000,0.0785,0.1161,20,RACING,3,67.73,0.0795,1.986,1.800,2.060
1785589741.625,2.9757,16.7518,-1.7933,1.8000,0.0785,0.1161,20,RACING,3,67.73,0.0795,1.986,1.800,2.060
1785589741.625,2.9757,16.7518,-1.7933,1.8000,0.0785,0.1161,20,RACING,3,67.73,0.0795,1.986,1.800,2.060
1785589741.629,2.9757,16.7518,-1.7933,1.8000,0.0785,0.1161,20,RACING,3,67.73,0.0795,1.986,1.800,2.060
1785589741.712,2.8840,16.1313,-1.6436,1.8000,0.0772,0.0496,20,RACING,3,68.23,0.0585,1.984,1.800,99.000
1785589741.729,2.8840,16.1313,-1.6436,1.8000,0.0689,0.0632,20,RACING,3,68.23,0.0585,1.984,1.800,99.000
1785589741.779,2.8695,15.9511,-1.6031,1.8000,0.0694,0.0371,20,RACING,3,68.48,0.0234,1.984,1.800,99.000
1785589741.829,2.8699,15.8612,-1.5841,1.8000,0.0694,0.0608,20,RACING,3,68.48,0.0789,1.984,1.800,99.000
1785589741.880,2.8708,15.7707,-1.5651,1.8000,0.0734,0.0608,20,RACING,3,68.73,0.0859,1.984,1.800,99.000
1785589741.929,2.8707,15.6810,-1.5451,1.8000,0.0735,0.1459,20,RACING,3,68.73,0.0229,1.984,1.800,99.000
1785589741.979,2.8735,15.5909,-1.5250,1.8000,0.0742,0.1459,20,RACING,3,68.73,0.0999,1.984,1.800,99.000
1785589742.029,2.8762,15.4998,-1.5044,1.8000,0.0794,0.1308,20,RACING,3,68.73,0.0635,1.984,1.800,99.000
1785589742.079,2.8844,15.4104,-1.4828,1.8000,0.0810,0.1308,20,RACING,3,68.98,0.0359,1.984,1.800,99.000
1785589742.129,2.8933,15.3195,-1.4604,1.8000,0.0807,0.1851,20,RACING,3,68.98,0.1227,1.984,1.800,99.000
1785589742.179,2.8933,15.3195,-1.4604,1.8000,0.0850,0.1851,20,RACING,3,69.23,0.1227,1.984,1.800,99.000
1785589742.229,2.9136,15.1433,-1.4157,1.8000,0.0862,0.0814,20,RACING,3,69.23,0.0520,1.984,1.800,99.000
1785589742.279,2.9256,15.0545,-1.3921,1.8000,0.0903,0.0814,20,RACING,3,69.48,0.1111,1.984,1.800,99.000
1785589742.329,2.9452,14.9659,-1.3674,1.8000,0.0917,0.0657,20,RACING,3,69.48,0.0245,1.984,1.800,99.000
1785589742.379,2.9666,14.8780,-1.3424,1.8000,0.0911,0.0657,20,RACING,3,69.48,0.0731,1.984,1.800,99.000
1785589742.429,2.9875,14.7894,-1.3172,1.8000,0.0933,0.1715,20,RACING,3,69.73,0.0884,1.984,1.800,99.000
1785589742.479,3.0112,14.7027,-1.2917,1.8000,0.0939,0.1715,20,RACING,3,69.73,0.0159,1.984,1.800,99.000
1785589742.529,3.0357,14.6165,-1.2660,1.8000,0.1248,0.0778,20,RACING,3,69.73,0.0939,1.984,1.800,1.867
1785589742.579,3.0634,14.5320,-1.2321,1.8000,0.1274,0.0778,20,RACING,3,69.98,0.0689,1.984,1.800,1.867
1785589742.629,3.0921,14.4469,-1.1969,1.8000,0.0933,0.1497,20,RACING,3,69.98,0.0252,1.984,1.800,99.000
1785589742.679,3.1260,14.3635,-1.1713,1.8000,0.0891,0.1497,20,RACING,3,69.98,0.1133,1.984,1.800,99.000
1785589742.729,3.1617,14.2798,-1.1466,1.8000,0.0922,0.1049,20,RACING,3,70.23,0.0475,1.984,1.800,99.000
1785589742.779,3.1988,14.1998,-1.1219,1.8000,0.0929,0.1049,20,RACING,3,70.23,0.0447,1.984,1.800,99.000
1785589742.829,3.2421,14.1185,-1.0963,1.8000,0.0954,0.0340,20,RACING,3,70.48,0.1157,1.984,1.800,99.000
1785589742.879,3.2795,14.0394,-1.0704,1.8000,0.0951,0.0340,20,RACING,3,70.48,0.0300,1.984,1.800,99.000
1785589742.929,3.3216,13.9614,-1.0444,1.8000,0.0963,0.0227,20,RACING,3,70.48,0.0630,1.984,1.800,99.000
1785589742.979,3.3648,13.8844,-1.0181,1.8000,0.0976,0.0227,20,RACING,3,70.73,0.0997,1.984,1.800,99.000
1785589743.030,3.4131,13.8085,-0.9915,1.8000,0.0983,0.1379,20,RACING,3,70.73,0.0130,1.984,1.800,99.000
1785589743.080,3.4629,13.7331,-0.9643,1.8000,0.0984,0.1379,20,RACING,3,70.73,0.0817,1.984,1.800,99.000
1785589743.129,3.5141,13.6594,-0.9372,1.8000,0.0967,0.1576,20,RACING,3,70.98,0.0789,1.984,1.800,99.000
1785589743.185,3.5687,13.5887,-0.9112,1.8000,0.0967,0.1576,20,RACING,3,70.98,0.0129,1.984,1.800,99.000
1785589743.230,3.6234,13.5179,-0.8846,1.8000,0.0965,0.0785,20,RACING,3,70.98,0.1005,1.984,1.800,99.000
1785589743.279,3.6809,13.4479,-0.8577,1.8000,0.0925,0.0785,20,RACING,3,71.23,0.0588,2.006,1.800,99.000
1785589743.330,3.7389,13.3816,-0.8328,1.8000,0.0922,0.4236,20,RACING,3,71.23,0.0294,2.006,1.800,99.000
1785589743.379,3.7974,13.3163,-0.8077,1.8000,0.0923,0.4236,20,RACING,3,71.23,0.1170,2.006,1.800,99.000
1785589743.429,3.8637,13.2522,-0.7825,1.8000,0.0848,0.0410,20,RACING,3,71.48,0.0408,2.030,1.800,99.000
1785589743.480,3.9277,13.1883,-0.7590,1.8000,0.0848,0.0410,20,RACING,3,71.48,0.0496,2.030,1.800,99.000
1785589743.529,3.9933,13.1259,-0.7352,1.8000,0.0781,0.0656,20,RACING,3,71.73,0.1105,2.069,1.800,99.000
1785589743.579,4.0579,13.0682,-0.7146,1.8000,0.0774,0.0656,20,RACING,3,71.73,0.0256,2.069,1.800,99.000
1785589743.629,4.1283,13.0100,-0.6935,1.8000,0.0774,0.1127,20,RACING,3,71.73,0.0683,2.069,1.800,99.000
1785589743.679,4.1980,12.9528,-0.6722,1.8000,0.0689,0.1127,20,RACING,3,71.98,0.0940,1.949,1.800,99.000
1785589743.729,4.2689,12.8978,-0.6535,1.8000,0.0677,0.0232,20,RACING,3,71.98,0.0164,1.949,1.800,99.000
1785589743.779,4.3432,12.8433,-0.6348,1.8000,0.0675,0.0232,20,RACING,3,71.98,0.0903,1.949,1.800,99.000
1785589743.829,4.4161,12.7911,-0.6165,1.8000,0.0583,0.0381,20,RACING,3,72.23,0.0749,1.791,1.800,99.000
1785589743.879,4.4898,12.7397,-0.6006,1.7909,0.0569,0.0381,20,RACING,3,72.23,0.0280,1.791,1.800,99.000
1785589743.929,4.5654,12.6891,-0.5850,1.7909,0.0567,0.0443,20,RACING,3,72.23,0.1107,1.791,1.800,99.000
1785589743.980,4.5654,12.6891,-0.5850,1.7909,0.0473,0.0443,20,RACING,3,72.48,0.1107,1.534,1.800,99.000
